"placeId","placeName","placeDescription","placeAddress","placeCategoryId","placeCategoryName","placeHashtags","placePrice"
"5bad3a44-569b-4041-97ef-90456337e4de","Pantai Gigi Hiu","Pantai Gigi Hiu merupakan salah satu destinasi wisata alam yang memukau di Provinsi Lampung, tepatnya berada di Kecamatan Kelumbayan, Kabupaten Tanggamus. Pantai ini dikenal karena keunikan formasi batu karangnya yang runcing dan berjejer menyerupai deretan gigi ikan hiu, sehingga dinamakan “Gigi Hiu”. Pemandangan yang tersaji di pantai ini sangat eksotis dan menawan, menjadikannya salah satu lokasi favorit bagi para fotografer dan pecinta alam. Meskipun tidak cocok untuk berenang karena ombaknya yang cukup besar dan bebatuannya yang tajam, Pantai Gigi Hiu menawarkan pesona keindahan alam yang luar biasa, terutama saat matahari terbit dan terbenam. Cahaya keemasan yang memantul di antara bebatuan menciptakan panorama yang sangat indah dan dramatis, sementara di malam hari, langit cerah kadang memperlihatkan hamparan bintang dan Milky Way yang menakjubkan.

Untuk mencapai Pantai Gigi Hiu, pengunjung perlu menempuh perjalanan sekitar tiga hingga lima jam dari Kota Bandar Lampung. Rute yang paling umum ditempuh adalah melalui Teluk Kiluan, lalu melanjutkan perjalanan sejauh lima kilometer melewati jalan menanjak dan berbatu. Akses menuju pantai ini memang cukup menantang, terutama saat musim hujan karena jalannya bisa menjadi licin dan sulit dilalui kendaraan biasa. Sebagian wisatawan memilih memarkir kendaraan mereka di Desa Kelumbayan atau Teluk Kiluan, kemudian melanjutkan perjalanan dengan ojek atau berjalan kaki sejauh beberapa ratus meter menuju lokasi. Walau perjalanan menuju pantai ini cukup melelahkan, keindahan alam yang menanti di ujung perjalanan benar-benar sepadan.","Pekon Susuk, Kelumbayan, Tanggamus Regency, Lampung","8f6ba969-d3ab-4d75-b8b9-dbc4912f92b2","Wisata Alam","gigihiu, krui, pantai","20000"
"c2183939-61aa-4bb7-b740-1988f118cdfd","The Magical Forest Bukit AsLan","Bukit Aslan merupakan salah satu destinasi wisata alam yang sedang populer di Lampung. Bukit ini menawarkan panorama indah dari ketinggian, di mana pengunjung dapat menikmati pemandangan Kota Bandar Lampung, lautan yang membentang luas, serta hijaunya perbukitan sekitar. Suasana sejuk dan udara yang segar membuat tempat ini cocok dijadikan lokasi bersantai sekaligus melepas penat dari kesibukan sehari-hari.

Selain keindahan alamnya, Bukit Aslan juga dilengkapi dengan berbagai spot foto kekinian yang instagramable, seperti gardu pandang, ayunan, hingga dekorasi khas yang menarik untuk diabadikan. Saat sore hari, pengunjung bisa menyaksikan indahnya matahari terbenam (sunset) yang menjadi momen favorit banyak wisatawan.

Dengan akses yang cukup mudah dijangkau dari pusat kota, Bukit Aslan menjadi pilihan tepat bagi wisatawan lokal maupun luar daerah untuk menikmati wisata alam dengan nuansa modern. Tempat ini juga cocok untuk berkumpul bersama keluarga, teman, maupun pasangan sambil menikmati keindahan Lampung dari atas bukit.","Jl. Bukit Aslan No.2 Way Gubak Sukabumi Bandar Lampung City, Lampung 35244, Indonesia","78c80a91-ae92-4127-89e6-d56c1c1c470d","Wisata Rekreasi (Buatan)","aslan, bukitaslan, wisatabuatan","25000"
"ebe3e2dc-bb3d-4890-86d8-c5b2e11b3f03","Lembah Hijau","Lembah Hijau Lampung merupakan salah satu destinasi wisata alam dan keluarga yang populer di Bandar Lampung. Terletak di kawasan hijau yang sejuk dan asri, Lembah Hijau memadukan konsep wisata alam, edukasi, dan hiburan dalam satu tempat.

Di sini, pengunjung dapat menikmati berbagai fasilitas seperti:
1. Taman rekreasi dengan pemandangan alam perbukitan yang indah.
2. Waterboom dan kolam renang untuk bermain air bersama keluarga.
3. Kebun binatang mini (Mini Zoo) yang menjadi sarana edukasi anak-anak mengenal berbagai satwa.
4. Wahana permainan seperti outbound, flying fox, dan area bermain anak.
5. Spot wisata alam yang cocok untuk bersantai, berfoto, atau sekadar menikmati udara segar.

Selain itu, suasana yang rindang dengan pepohonan besar menjadikan Lembah Hijau sebagai tempat ideal untuk rekreasi keluarga, gathering, maupun wisata edukasi sekolah.","Jl. Raden Imba Kusuma Ratu No.21 Sukadana Ham Kec. Tj. Karang Bar. Kota Bandar Lampung, Lampung 52473, Indonesia","8f6ba969-d3ab-4d75-b8b9-dbc4912f92b2","Wisata Alam","lembahhijau, wisataalam","15000"
"64fca42c-bc77-49a8-a2bd-0c09b97dcc18","Kebun Raya Institut Teknologi Sumatera","Kebun Raya Institut Teknologi Sumatera (ITERA) merupakan kawasan konservasi, penelitian, pendidikan, sekaligus wisata alam yang berada di lingkungan kampus ITERA, Lampung Selatan. Kebun raya ini dirancang sebagai pusat pelestarian keanekaragaman hayati, khususnya flora khas Sumatera, sehingga menjadi wadah penting untuk mendukung riset dan pendidikan tentang botani, kehutanan, serta lingkungan.

Selain berfungsi sebagai laboratorium alam bagi mahasiswa dan peneliti, Kebun Raya ITERA juga dibuka untuk masyarakat umum sebagai ruang terbuka hijau yang asri, tempat rekreasi edukatif, serta sarana memperkenalkan pentingnya menjaga kelestarian alam. Dengan koleksi tanaman yang terus berkembang, jalur jalan yang tertata, serta suasana hijau yang menenangkan, kawasan ini menjadi ikon ITERA yang menggabungkan ilmu pengetahuan, konservasi, dan wisata ramah lingkungan.","J8J6+X5M Sabah Balau Tanjung Bintang South Lampung Regency, Lampung 35365, Indonesia","449fee2f-1791-4a99-9049-61d75548b5ae","Wisata Edukasi","itera, kebunraya","0"
"e0446860-e754-408c-b9a9-53d428a4df82","Lapangan Bumi Perkemahan Sumberejo","Lapangan Bumi Perkemahan Sumberejo adalah tempat yang ideal untuk berkemah dan menikmati alam di Tanggamus, Lampung. Dengan luas sekitar 5 hektar, lapangan ini menawarkan pemandangan yang indah dan suasana yang tenang.

Fasilitas:
Area berkemah: Tersedia area berkemah yang luas dengan berbagai jenis permukaan, mulai dari tanah datar hingga sedikit berbukit.
Tempat api unggun: Tersedia area khusus untuk membuat api unggun, cocok untuk berkumpul bersama teman atau keluarga.
Fasilitas sanitasi: Tersedia toilet dan kamar mandi umum yang cukup memadai.
Area parkir: Tersedia area parkir yang luas untuk menampung kendaraan pengunjung.
Warung makan: Biasanya terdapat warung makan atau penjual makanan ringan di sekitar area berkemah.
Jalur trekking: Tersedia jalur trekking dengan berbagai tingkat kesulitan, cocok untuk para pendaki pemula maupun yang sudah berpengalaman.
Spot foto: Terdapat beberapa spot foto menarik dengan pemandangan alam yang indah.

Aktivitas yang dapat dilakukan:
Berkemah: Mendirikan tenda dan menikmati suasana malam di alam terbuka.
Api unggun: Membuat api unggun, menyanyi, dan bercerita bersama teman atau keluarga.
Trekking: Menjelajahi alam sekitar dengan berjalan kaki melalui jalur yang telah disediakan.
Fotografi: Mengabadikan momen indah di alam bebas.
Bintang: Menyaksikan keindahan langit malam yang penuh bintang.","JMQV+4VC, Margoyoso, Sumberejo, Tanggamus Regency, Lampung 35374","449fee2f-1791-4a99-9049-61d75548b5ae","Wisata Edukasi","lapangan bumi perkemahan sumberejo, tanggamus, wisata bumi perkemahan, wisata edukasi","0"
"42d91fb6-9bff-4999-b4f9-614a13da25b4","Pantai Indah Ruguk","Pantai Indah Ruguk adalah surga bagi para pencinta pantai di Tanggamus, Lampung. Dengan pasir putih yang lembut, deburan ombak yang menenangkan, dan pemandangan laut lepas yang memukau, pantai ini menawarkan pengalaman liburan yang tak terlupakan.

Fasilitas:
Area parkir: Tersedia area parkir yang luas untuk menampung kendaraan pengunjung.
Warung makan: Terdapat berbagai warung yang menyediakan makanan dan minuman khas pantai.
Toilet umum: Tersedia toilet umum yang cukup bersih.
Tempat duduk: Tersedia bangku-bangku atau gazebo untuk bersantai sambil menikmati pemandangan.

Aktivitas yang dapat dilakukan:
Berenang: Menikmati kesegaran air laut di pantai.
Berjemur: Bersantai di tepi pantai sambil menikmati sinar matahari.
Bermain pasir: Membangun istana pasir atau sekadar bermain dengan pasir.
Memancing: Menikmati hobi memancing di tepi pantai.
Berjalan-jalan di tepi pantai: Menikmati pemandangan pantai sambil menghirup udara segar.","9V63+R66, Pekon Doh, Cukuh Balak, Tanggamus Regency, Lampung","8f6ba969-d3ab-4d75-b8b9-dbc4912f92b2","Wisata Alam","pantai, pantai indah ruguk, tanggamus, wisata alam, wisata pantai","0"
"f683c5e6-e1b2-42c5-b765-663c38ac24d2","Wisata Air Way Tebu","Wisata Air Way Tebu adalah destinasi wisata alam yang menawarkan kesegaran air dan keindahan alam sekitar. Dengan aliran air yang jernih dan suasana yang tenang, tempat ini sangat cocok untuk melepas penat dan menikmati keindahan alam Tanggamus, Lampung.

Fasilitas:
Area parkir: Tersedia area parkir yang cukup luas untuk menampung kendaraan pengunjung.
Tempat bersantai: Terdapat gazebo atau area terbuka di tepi sungai untuk bersantai sambil menikmati pemandangan.
Toilet umum: Tersedia toilet umum untuk kenyamanan pengunjung.
Warung makan: Biasanya terdapat warung-warung yang menjual makanan dan minuman ringan.
Jembatan: Terdapat jembatan yang menghubungkan kedua sisi sungai, memungkinkan pengunjung untuk menikmati pemandangan dari berbagai sudut.
Spot foto: Terdapat beberapa spot foto menarik dengan latar belakang aliran sungai dan alam sekitar.

Aktivitas yang dapat dilakukan:
Bermain air: Bermain air sambil bersantai di pinggir sungai.
Piknik: Menikmati suasana alam yang tenang dengan menggelar tikar dan membawa bekal.
Fotografi: Mengabadikan momen indah dengan latar belakang aliran sungai dan alam sekitar.
Camping: Mendirikan tenda di area yang telah ditentukan dan menikmati suasana malam di alam terbuka.
Mancing: Menikmati hobi memancing di sungai.","JRJ5+426, Talang Sepuh, Pugung, Tanggamus Regency, Lampung","8f6ba969-d3ab-4d75-b8b9-dbc4912f92b2","Wisata Alam","tanggamus, wisata air, wisata air way tebu, wisata alam","0"
"e2f355c2-626d-4d24-9181-f05579c61a67","Bukit Idaman Gisting","Bukit Idaman Gisting adalah destinasi wisata alam yang menawarkan pemandangan indah perbukitan Tanggamus. Dengan udara sejuk dan panorama hijau yang menyejukkan mata, tempat ini sangat cocok untuk melepas penat dan menikmati keindahan alam.

Fasilitas:
Area parkir: Tersedia area parkir yang cukup luas untuk menampung kendaraan pengunjung.
Spot foto: Terdapat banyak spot foto menarik dengan latar belakang pemandangan alam yang indah, seperti perbukitan, langit biru, dan hamparan hijau.
Warung makan: Tersedia warung-warung yang menjual makanan dan minuman ringan.
Toilet umum: Tersedia toilet umum untuk kenyamanan pengunjung.
Area bermain anak: Tersedia area bermain untuk anak-anak seperti ayunan atau perosotan.
Gazebo: Tersedia gazebo untuk bersantai sambil menikmati pemandangan.

Aktivitas yang dapat dilakukan:
Berfoto: Mengabadikan momen indah dengan latar belakang pemandangan alam yang menakjubkan.
Piknik: Menikmati suasana alam yang tenang dengan menggelar tikar dan membawa bekal.
Trekking: Menjelajahi sekitar bukit untuk menikmati pemandangan yang lebih luas.
Bersantai: Menikmati udara segar dan pemandangan hijau sambil bersantai di gazebo atau rerumputan.","HP9H+F46, Gisting Atas, Gisting, Tanggamus Regency, Lampung 35378","8f6ba969-d3ab-4d75-b8b9-dbc4912f92b2","Wisata Alam","bukit idaman gisting, tanggamus, wisata alam, wisata bukit","10000"
"88f12093-ec80-46ff-9af9-b80c778ac8f5","Camping Area Sonokeling 2","Camping Area Sonokeling 2 adalah surga bagi para pecinta alam yang ingin merasakan sensasi berkemah di tengah keindahan alam Tanggamus, Lampung. Dengan pemandangan alam yang masih asri dan udara segar, tempat ini menawarkan pengalaman berkemah yang tak terlupakan. Cocok untuk kamu yang ingin melepas penat dari hiruk pikuk kota dan menikmati ketenangan alam.

Fasilitas:
Area berkemah: Tersedia area berkemah yang luas dengan berbagai jenis permukaan, mulai dari tanah datar hingga sedikit berbukit.
Tempat api unggun: Tersedia area khusus untuk membuat api unggun, cocok untuk berkumpul bersama teman atau keluarga.
Jalur trekking: Tersedia jalur trekking dengan berbagai tingkat kesulitan, cocok untuk para pendaki pemula maupun yang sudah berpengalaman.
Spot foto: Terdapat beberapa spot foto menarik dengan pemandangan alam yang indah.

Aktivitas yang dapat dilakukan:
Berkemah: Mendirikan tenda dan menikmati suasana malam di alam terbuka.
Api unggun: Membuat api unggun, menyanyi, dan bercerita bersama teman atau keluarga.
Trekking: Menjelajahi alam sekitar dengan berjalan kaki melalui jalur yang telah disediakan.
BBQ: Memanggang makanan bersama-sama.
Fotografi: Mengabadikan momen indah di alam bebas.","HMGW+GRG, Simpang Kanan, Sumberejo, Tanggamus Regency, Lampung 35384","2b3c4b69-79f0-448e-9e8e-f305e5b05d28","Wisata Petualangan","camp ground, camping, camping area sonokeling, tanggamus, wisata camping, wisata petualangan","0"
"aecdcab5-daa0-495f-b282-0b04ae760d81","Camp Ground Rejosari","Camp Ground Rejosari adalah surga bagi para pecinta alam dan petualang di Tanggamus, Lampung. Terletak di kawasan yang masih asri dan tenang, tempat ini menawarkan pengalaman berkemah yang tak terlupakan. Dengan pemandangan alam yang indah dan udara segar, Camp Ground Rejosari adalah tempat yang sempurna untuk melepas penat dan menikmati keindahan alam.

Fasilitas:
Area berkemah: Tersedia area berkemah yang luas dengan berbagai jenis permukaan, mulai dari tanah datar hingga sedikit berbukit.
Tempat api unggun: Tersedia area khusus untuk membuat api unggun, cocok untuk berkumpul bersama teman atau keluarga.
Jalur trekking: Tersedia jalur trekking dengan berbagai tingkat kesulitan, cocok untuk para pendaki pemula maupun yang sudah berpengalaman.
Spot foto: Terdapat beberapa spot foto menarik dengan pemandangan alam yang indah.

Aktivitas yang dapat dilakukan:
Berkemah: Mendirikan tenda dan menikmati suasana malam di alam terbuka.
Api unggun: Membuat api unggun, menyanyi, dan bercerita bersama teman atau keluarga.
Trekking: Menjelajahi alam sekitar dengan berjalan kaki melalui jalur yang telah disediakan.
Camping ground rejosari ulubelu tanggamus lampung
BBQ: Memanggang makanan bersama-sama.
Fotografi: Mengabadikan momen indah di alam bebas.
Bintang: Menyaksikan keindahan langit malam yang penuh bintang.","PCVP+79X, Unnamed Road, Hutan, Kec. Hutan, Kabupaten Tanggamus, Lampung 35387","2b3c4b69-79f0-448e-9e8e-f305e5b05d28","Wisata Petualangan","camp ground, camp ground rejosari, camping, tanggamus, wisata petualangan","0"
"798b1e12-e621-458e-8703-f1e7121c11d5","Air Terjun Hayoh","Air Terjun Hayoh adalah surga tersembunyi di Tanggamus, Lampung. Dengan keindahan alam yang masih asri, air terjun ini menawarkan pengalaman menyegarkan dengan airnya yang jernih dan segar.","MPG7+FM8, Gunung Meraksa, Pulau Panggung, Tanggamus Regency, Lampung 35679","8f6ba969-d3ab-4d75-b8b9-dbc4912f92b2","Wisata Alam","air terjun, air terjun hayoh, tanggamus, wisata air, wisata alam","0"
"d8ed1817-3875-4a24-9e17-fd4e5207ac2a","Air terjun sarjaya","Air Terjun Sarjaya adalah permata tersembunyi di Tanggamus, Lampung. Dengan keindahan alam yang masih asri, air terjun ini menawarkan pengalaman menyegarkan dengan airnya yang jernih dan segar.","PJ6V+5P, Hutan, Tanggamus Regency, Lampung","8f6ba969-d3ab-4d75-b8b9-dbc4912f92b2","Wisata Alam","air terjun sarjaya, tanggamus, wisata air, wisata alam","0"
"3a61beb4-a8c9-4829-b112-0aa3a61456a5","Air Terjun Pangeran Manis","Air Terjun Pangeran Manis adalah permata tersembunyi di Tanggamus, Lampung. Dengan keindahan alam yang masih asri, air terjun ini menawarkan pengalaman menyegarkan dengan airnya yang jernih dan segar. 

Fasilitas:
Area parkir: Tersedia area parkir yang cukup luas
Jalur trekking: Jalur menuju air terjun cukup menantang, melewati hutan dan sungai kecil. Sebaiknya menggunakan sepatu yang nyaman dan anti slip.
Tempat bersantai: Di sekitar air terjun terdapat beberapa batu besar yang bisa digunakan sebagai tempat bersantai sambil menikmati pemandangan.

Aktivitas yang dapat dilakukan:
Berenang: Menikmati kesegaran air terjun di kolam alami.
Bermain air: Bermain air di sekitar air terjun sambil merasakan sensasi kesejukan air.
Piknik: Menikmati suasana alam yang tenang dengan menggelar tikar dan membawa bekal.
Fotografi: Mengabadikan momen indah di sekitar air terjun dengan kamera.
Trekking: Menjelajahi hutan dan sungai kecil di sekitar air terjun.","RM47+766, Talang Tengah, Datar Lebuai, Hutan, Kec. Air Naningan, Kabupaten Tanggamus, Lampung 35679","8f6ba969-d3ab-4d75-b8b9-dbc4912f92b2","Wisata Alam","air terjun, curup, tanggamus, wisata alam","0"
"159efdaf-e8d8-47c4-bc63-a2e9be674266","Air Terjun Tingkat Talang Rambang","Air Terjun Tingkat Talang Rambang adalah permata tersembunyi di Tanggamus, Lampung. Dengan keindahan alam yang masih asri, air terjun ini menawarkan pengalaman menyegarkan dengan airnya yang jernih dan segar. Keunikan air terjun ini terletak pada tingkatannya yang memberikan pemandangan yang berbeda-beda di setiap tingkatan.

Fasilitas:
Area parkir: Tersedia area parkir yang cukup luas, namun perlu diperhatikan kondisi jalan yang mungkin berbatu atau berlumpur.
Jalur trekking: Jalur menuju air terjun cukup menantang, melewati hutan dan sungai kecil. Sebaiknya menggunakan sepatu yang nyaman dan anti slip.
Tempat bersantai: Di sekitar air terjun terdapat beberapa batu besar yang bisa digunakan sebagai tempat bersantai sambil menikmati pemandangan.
Warung makan: Terdapat warung-warung kecil yang menjual makanan dan minuman ringan, namun ketersediaannya mungkin terbatas.

Aktivitas yang dapat dilakukan:
Berenang: Menikmati kesegaran air terjun di kolam alami.
Bermain air: Bermain air di sekitar air terjun sambil merasakan sensasi kesejukan air.
Piknik: Menikmati suasana alam yang tenang dengan menggelar tikar dan membawa bekal.
Fotografi: Mengabadikan momen indah di sekitar air terjun dengan kamera.
Trekking: Menjelajahi hutan dan sungai kecil di sekitar air terjun.","Hutan, Tanggamus Regency, Lampung 35679","8f6ba969-d3ab-4d75-b8b9-dbc4912f92b2","Wisata Alam","air terjun, air terjun tingkat talang rambang, tanggamus, wisata alam","0"
"d326e0cb-25b0-44b6-ab6a-7cc2685b8189","Air Terjun Tirai","Air Terjun Tirai adalah salah satu destinasi wisata alam yang populer di Tanggamus, Lampung. Dinamakan Tirai karena bentuk aliran airnya yang lebar menyerupai sebuah tirai, terutama saat musim kemarau. Keindahan alamnya yang masih asri dan airnya yang jernih membuat air terjun ini menjadi tempat yang cocok untuk bersantai dan menyegarkan diri.

Fasilitas:
Area parkir: Tersedia area parkir yang cukup luas, namun perlu diperhatikan kondisi jalan yang seringkali berlumpur saat musim hujan.
Jalur trekking: Terdapat jalur trekking yang sudah tertata dengan baik untuk mencapai air terjun.
Tempat bersantai: Beberapa spot telah disediakan untuk bersantai dan menikmati keindahan alam sekitar.

Aktivitas yang dapat dilakukan:
Berenang: Menikmati kesegaran air terjun dengan berenang di kolam alami.
Bermain air: Bermain air di sekitar air terjun sambil merasakan sensasi kesejukan air.
Piknik: Menikmati suasana alam yang tenang dengan menggelar tikar dan membawa bekal.
Fotografi: Mengabadikan momen indah di sekitar air terjun dengan kamera.
Trekking: Menjelajahi keindahan alam sekitar dengan mengikuti jalur trekking yang telah disediakan.","RJFQ+54X, Hutan, Tanggamus Regency, Lampung 35679","8f6ba969-d3ab-4d75-b8b9-dbc4912f92b2","Wisata Alam","air terjun, air terjun tirai, curup, tanggamus, wisata alam","5000"
"eeaddb2e-f776-48de-8703-37a7c4a43dd6","Curup Jarum Lebuay","Curup Jarum Lebuay adalah air terjun yang unik dan menarik di Tanggamus, Lampung. Dinamakan Curup Jarum karena bentuk aliran airnya yang menyerupai jarum jahit, terutama saat musim kemarau. Keunikan lainnya adalah pada musim hujan, air terjun ini akan terbagi menjadi dua aliran, sehingga terlihat seperti dua buah air terjun.

Fasilitas:
Area parkir: Tersedia area parkir yang cukup luas, namun perlu diperhatikan kondisi jalan yang seringkali berlumpur saat musim hujan.
Jalur trekking: Jalur menuju air terjun cukup menantang, melewati hutan dan sungai kecil. Sebaiknya menggunakan sepatu yang nyaman dan anti slip.
Tempat bersantai: Di sekitar air terjun terdapat beberapa batu besar yang bisa digunakan sebagai tempat bersantai sambil menikmati pemandangan.
Warung makan: Terdapat warung-warung kecil yang menjual makanan dan minuman ringan.

Aktivitas yang dapat dilakukan:
Berenang: Menikmati kesegaran air terjun di kolam alami.
Bermain air: Bermain air di sekitar air terjun sambil merasakan sensasi kesejukan air.
Piknik: Menikmati suasana alam yang tenang dengan menggelar tikar dan membawa bekal.
Fotografi: Mengabadikan momen indah di sekitar air terjun dengan kamera.
Trekking: Menjelajahi hutan dan sungai kecil di sekitar air terjun","Datar Lebuay, Kec. Air Naningan, Kabupaten Tanggamus, Lampung 35679","8f6ba969-d3ab-4d75-b8b9-dbc4912f92b2","Wisata Alam","air, curup, curup jarum lebuay, tanggamus, wisata alam","0"
"b9427820-5010-4a1b-b8cb-a42ffed6bbe1","Air Terjun Datar Lebuay","Air Terjun Datar Lebuay adalah salah satu destinasi wisata alam yang populer di Tanggamus, Lampung. Terkenal dengan keindahan alamnya yang masih asri, air terjun ini menawarkan pengalaman menyegarkan dengan airnya yang jernih dan segar.","QPH8+352, Kuningan sari, Datar Lebuay, Kec. Air Naningan, Kabupaten Tanggamus, Lampung 35679","8f6ba969-d3ab-4d75-b8b9-dbc4912f92b2","Wisata Alam","air terjun, air terjun datar lebuay, tanggamus, wisata alam","0"
"82a49c78-2960-4fef-92f5-d41d4a72849c","Air Terjun Keramat Sari","Air Terjun Keramat Sari adalah air terjun yang terletak di Sinar Jawa, Kec. Air Naningan, Kabupaten Tanggamus, Lampung. Air terjun ini memiliki ketinggian sekitar 20 meter dan memiliki air yang jernih dan segar.

Fasilitas:
Area parkir
Toilet
Tempat piknik

Aktivitas yang dapat dilakukan:
Berenang
Bermain air
Piknik
Berfoto","QP5J+Q2C, Sinar Jawa, Air Naningan, Tanggamus Regency, Lampung 35679","8f6ba969-d3ab-4d75-b8b9-dbc4912f92b2","Wisata Alam","air terjun, air terjun keramat sari, tanggamus, wisata air, wisata alam","0"
"af08f946-a3ea-4a95-b2d1-c96ef8d608b7","Kolam Renang Sumber Rejeki","Kolam Renang Sumber Rejeki adalah kolam renang yang terletak di Gunungsari, Kec. Ulubelu, Kabupaten Tanggamus, Lampung. Kolam renang ini memiliki air yang jernih dan bersih, serta fasilitas yang lengkap.

Fasilitas:
Kolam renang
Kamar ganti
Toilet
Tempat parkir

Aktivitas yang dapat dilakukan:
Berenang
Berjemur
Piknik","QF68+84, Gunungsari, Ulubelu, Tanggamus Regency, Lampung 35387","78c80a91-ae92-4127-89e6-d56c1c1c470d","Wisata Rekreasi (Buatan)","kolam renang, kolam sumber rejeki, tanggamus, wisata rekreasi","15000"
"cf86b240-a47e-43dd-8370-daba1915c156","Wisma VODA","Wisma VODA adalah wisma yang terletak di Batu Keramat, Kec. Kota Agung Tim., Kabupaten Tanggamus, Lampung. Wisma ini memiliki fasilitas yang lengkap, seperti kolam renang, lapangan tenis, dan restoran. Wisma VODA juga menawarkan pemandangan yang indah dari pegunungan dan laut.

Fasilitas:
Kolam renang
Restoran
Taman
Tempat parkir

Aktivitas yang dapat dilakukan:
Berenang
Bermain tenis
Berjalan-jalan di taman
Melihat pemandangan","GPW4+9MP, Batu Keramat, Kota Agung Timur, Tanggamus Regency, Lampung 35384","78c80a91-ae92-4127-89e6-d56c1c1c470d","Wisata Rekreasi (Buatan)","tanggamus, wisata rekreasi, wisata voda, wisma voda","10000"
"b6015f19-5248-419f-aff1-85253e576de7","Blessing Swimming Pool","Blessing Swimming Pool - Home of Tanggamus Blessing Swimming Club adalah kolam renang yang terletak di Simpang Kanan, Kec. Sumberejo, Kabupaten Tanggamus, Lampung, Indonesia. Kolam renang ini memiliki air yang jernih dan bersih, serta fasilitas yang lengkap.

Fasilitas:
Kolam renang
Kamar ganti
Toilet
Tempat parkir

Aktivitas yang dapat dilakukan:
Berenang
Berjemur
Piknik","JP69+63, Simpang Kanan, Sumberejo, Tanggamus Regency, Lampung","78c80a91-ae92-4127-89e6-d56c1c1c470d","Wisata Rekreasi (Buatan)","blessing swimming pool, kolam renang, tanggamus, wisata buatan","15000"
"46ec95b9-b8c5-4496-9f92-d7ef45b1f571","Way Bekhak Bath Sukaraja","Pemandian Way Bekhak Sukaraja Gunung Alip adalah tempat pemandian air panas yang terletak di Sukaraja, Gunung Alip, Kabupaten Tanggamus, Lampung. Pemandian ini memiliki air yang jernih dan hangat, serta pemandangan yang indah.

Fasilitas:
Kolam pemandian air panas
Kamar mandi
Mushola
Tempat parkir

Aktivitas yang dapat dilakukan:
Berendam di kolam pemandian air panas
Berenang
Piknik
Bermain air","HQW2+MWQ, Jl. Raya Banjarnegeri, Sukaraja, Gn. Alip, Kabupaten Tanggamus, Lampung 35379","8f6ba969-d3ab-4d75-b8b9-dbc4912f92b2","Wisata Alam","pemandian air panas, tanggamus, way bekhak, wisata alam, wisata mata air","25000"
"aa172809-2cab-417e-a0e5-1a3b0968ef9d","Air Terjun Curup Indra Jaya","Air Terjun Curup Indra Jaya adalah surga tersembunyi di Tanjung Raja, Lampung. Nikmati kesegaran air yang jernih dan suasana pedesaan yang tenang. Cocok untuk bersantai dan melepas penat.

Fasilitas:

Area parkir
Jalur trekking
Spot foto

Aktivitas:

Berenang
Piknik
Bersantai
Menikmati pemandangan","2MJW+P3P, Dusun Indrawangi, Sukasari, Kec. Tj. Raja, Kabupaten Lampung Utara, Lampung 34557","8f6ba969-d3ab-4d75-b8b9-dbc4912f92b2","Wisata Alam","air terjun curup indra jaya, lampung utara, tanjung raja, wisata alam","0"
"3bd929b9-cee8-48c5-9332-bb0d4859b2af","Curup Gijul","Curup Gijul adalah surga tersembunyi di Abung Pekurun, Lampung. Nikmati kesegaran air yang jernih dan suasana pedesaan yang tenang. Cocok untuk bersantai dan melepas penat.

Fasilitas:
Area parkir
Jalur trekking
Spot foto

Aktivitas:
Berenang
Piknik
Bersantai
Menikmati pemandangan","XPHF+Q53, Campang Gijul, Abung Pekurun, North Lampung Regency, Lampung 34557","8f6ba969-d3ab-4d75-b8b9-dbc4912f92b2","Wisata Alam","abung pekurun, curup gijul, lampung utara, wisata alam","0"
"503055e5-c660-4f90-a597-3f6f9f3e1f46","Air Terjun Ogan Campang","Air Terjun Ogan Campang adalah surga tersembunyi di Abung Pekurun, Lampung. Nikmati kesegaran air yang jernih dan suasana pedesaan yang tenang. Cocok untuk bersantai dan melepas penat.

Fasilitas:
Area parkir
Jalur trekking
Spot foto

Aktivitas:
Berenang
Piknik
Bersantai
Menikmati pemandangan","XQM5+WW4, Sumber Tani, Abung Pekurun, North Lampung Regency, Lampung 34582","8f6ba969-d3ab-4d75-b8b9-dbc4912f92b2","Wisata Alam","abung pekurun, air terjun ogan campang, lampung utara, wisata alam","0"
"c57af56f-7dc5-4239-a2be-2816db616353","Air Terjun Ateng","Air Terjun Ateng adalah surga tersembunyi di Bukit Kemuning, Lampung. Nikmati kesegaran air yang jernih dan suasana yang tenang. Cocok untuk bersantai dan melepas penat.

Fasilitas:
Area parkir
Jalur trekking
Spot foto

Aktivitas:
Berenang
Piknik
Bersantai
Menikmati pemandangan","4H3F+GQJ, Suka Menanti, Bukit Kemuning, North Lampung Regency, Lampung 34556","8f6ba969-d3ab-4d75-b8b9-dbc4912f92b2","Wisata Alam","air terjun ateng, bukit kemuning, lampung utara, wisata alam","0"
"b91da88a-e1f9-41b5-862c-94ac447fe0c1","Curup Saung Naga","Curup Saung Naga adalah surga tersembunyi di Sindang Agung, Lampung. Nikmati kesegaran air yang jernih dan suasana pedesaan yang tenang. Cocok untuk bersantai dan melepas penat.

Fasilitas:
Area parkir
Jalur trekking
Spot foto

Aktivitas:
Berenang
Piknik
Bersantai
Menikmati pemandangan","3J28+4J2, Dusun Saung Naga Desa, Sindang Agung, Kec. Tj. Raja, Kabupaten Lampung Utara, Lampung 34557","8f6ba969-d3ab-4d75-b8b9-dbc4912f92b2","Wisata Alam","curup saung naga, lampung utara, wisata alam","0"
"e144eb6c-23ff-4eb5-86ad-895f65d64965","Taman Karang Taruna GP2B","Taman Karang Taruna GP2B adalah surga bagi pecinta bunga dan alam. Nikmati keindahan bunga dan taman buatan dengan banyak spot foto.

Fasilitas: 

Area parkir
Spot Foto

Aktivitas: 

Piknik, berfoto, menikmati keindahan bunga

Jam operasional: 

Biasanya buka setiap hari, 24 jam.","693F+H6F, Varia Agung, Seputih Mataram, Central Lampung Regency, Lampung 34164","78c80a91-ae92-4127-89e6-d56c1c1c470d","Wisata Rekreasi (Buatan)","lampung tengah, taman karang taruna gp2b, varia agung, wisata buatan","0"
"71f55781-5c05-4f98-9e8c-0ae1dda9cdc2","Air Terjun Gunung Betung","Air Terjun Gunung Betung adalah air terjun yang terletak di Kabupaten Pesawaran, Lampung. Air terjun ini memiliki ketinggian sekitar 100 meter dan memiliki air yang jernih dan segar. Air Terjun Gunung Betung merupakan salah satu destinasi wisata yang populer di Lampung.

Fasilitas:
Area parkir
Toilet umum
Warung makan

Aktivitas yang dapat dilakukan:
Berenang
Bermain air
Berfoto

Jam operasional:
Buka setiap hari, 24 jam

Tips:
Bawalah pakaian renang dan handuk jika ingin berenang.
Gunakan sepatu yang nyaman untuk berjalan di area air terjun.
Hati-hati saat berenang di air terjun, karena airnya cukup deras.

Tambahan:
Air Terjun Gunung Betung terletak di tengah hutan, sehingga suasana di sekitar air terjun sangat sejuk dan nyaman.
Air Terjun Gunung Betung merupakan tempat yang ideal untuk berenang dan bermain air, terutama pada musim kemarau.
Air Terjun Gunung Betung juga merupakan tempat yang bagus untuk berfoto.","H4HX+299, Hutan, Kabupaten Pesawaran, Lampung","8f6ba969-d3ab-4d75-b8b9-dbc4912f92b2","Wisata Alam","air terjun gunung betung, pesawaran, wisata alam","5000"
"545f3d78-556b-4f87-947f-8c540a2ec48c","Kolam Renang Tirto Asri","Kolam Renang Tirto Asri adalah kolam renang umum yang terletak di Jl. Raya Wates No.16, Wonodadi, Kec. Gading Rejo, Kabupaten Pringsewu, Lampung 35372, Indonesia. Kolam renang ini memiliki fasilitas yang lengkap, seperti kolam renang dewasa, kolam renang anak-anak, kolam renang air hangat, dan seluncuran air. Kolam Renang Tirto Asri juga memiliki area piknik dan tempat makan.

Fasilitas:
Kolam renang dewasa
Kolam renang anak-anak
Kolam renang air hangat
Seluncuran air
Area piknik
Tempat makan

Aktivitas yang dapat dilakukan:
Berenang
Berjemur di pinggir kolam
Bermain di seluncuran air
Piknik
Makan dan minum di tempat makan

Jam Operasional:
Senin-Minggu: 08.00-17.00

Tips:
Datanglah lebih awal untuk menghindari antrian panjang.
Bawalah pakaian renang dan handuk.
Gunakan tabir surya untuk melindungi kulit Anda dari sinar matahari.
Nikmatilah waktu Anda di Kolam Renang Tirto Asri!","Jl. Raya Wates No.16, Wonodadi, Kec. Gading Rejo, Kabupaten Pringsewu, Lampung 35372","78c80a91-ae92-4127-89e6-d56c1c1c470d","Wisata Rekreasi (Buatan)","kolam renang tirto asri, pesawaran, wisata buatan","20000"
"2402748f-aa88-4872-8a67-3caefb8fe86f","Saung Suka","Saung Suka adalah tempat makan yang terletak di Sukabanjar, Kec. Gedong Tataan, Kabupaten Pesawaran, Lampung 35366, Indonesia. Saung Suka menyajikan berbagai macam hidangan khas Lampung, seperti gulai ikan kakap, pepes ikan mas, dan tumis kangkung. Saung Suka juga memiliki tempat bermain anak-anak dan kolam renang.

Fasilitas:
Tempat makan
Tempat bermain anak-anak
Kolam renang

Aktivitas yang dapat dilakukan:
Makan dan minum
Bermain di tempat bermain anak-anak
Berenang di kolam renang

Jam operasional:
Senin-Minggu: 08.00-18.00

Tips:
Datanglah lebih awal untuk menghindari antrian panjang.
Pesanlah hidangan khas Lampung.
Nikmatilah suasana yang nyaman dan santai di Saung Suka.","Sukabanjar, Gedong Tataan, Kabupaten Pesawaran, Lampung 35366","78c80a91-ae92-4127-89e6-d56c1c1c470d","Wisata Rekreasi (Buatan)","pesawaran, saung suka, wisata buatan","10000"
"537e43b4-1157-4603-97cc-8422821178b1","Mutiara Kogop Wonderland","Mutiara Kogop Wonderland adalah taman bermain air yang terletak di Jalan raya Jl. Dahlia II, Natar, Kec. Natar, Kabupaten Lampung Selatan, Lampung 35362, Indonesia. Taman bermain air ini memiliki berbagai macam wahana air yang seru dan menyenangkan, seperti seluncuran air, kolam renang, dan kolam ombak. Mutiara Kogop Wonderland juga memiliki area bermain anak-anak, tempat makan, dan tempat parkir yang luas.

Fasilitas:
Seluncuran air
Kolam renang
Kolam ombak
Area bermain anak-anak
Tempat makan
Tempat parkir

Aktivitas yang dapat dilakukan:
Bermain di wahana air
Berenang
Berjemur di pinggir kolam
Makan dan minum di tempat makan
Bermain di area bermain anak-anak

Jam operasional:
Senin-Minggu: 07.30-17.30

Tips:
Datanglah lebih awal untuk menghindari antrian panjang.
Bawalah pakaian renang dan handuk.
Gunakan tabir surya untuk melindungi kulit Anda dari sinar matahari.
Nikmatilah waktu Anda di Mutiara Kogop Wonderland!","M54X+7H7, Jalan raya Jl. Dahlia II, Natar, Kec. Natar, Kabupaten Lampung Selatan, Lampung 35362","78c80a91-ae92-4127-89e6-d56c1c1c470d","Wisata Rekreasi (Buatan)","lampung selatan, mutiara kogop wonderland, wisata buatan","10000"
"01da569f-0513-4f58-88d6-d10b8013457b","Perengan Anteng","Perengan Anteng adalah tempat wisata yang terletak di Gg. Jati, Karang Anyar, Kec. Jati Agung, Kabupaten Lampung Selatan, Lampung 35365, Indonesia. Tempat ini menawarkan pemandangan yang indah dan suasana yang tenang. Perengan Anteng juga memiliki beberapa fasilitas, seperti tempat makan dan tempat parkir.

Fasilitas:
Tempat makan
Tempat parkir

Aktivitas yang dapat dilakukan:
Menikmati pemandangan
Berfoto
Berjalan-jalan

Jam operasional:
Senin-Jum'at: 09.00-18.00 WIB.
Sabtu-Minggu: 09.00-22.00 WIB.

Tips:
Datanglah lebih awal untuk menghindari keramaian.
Bawalah kamera untuk mengabadikan momen indah di Perengan Anteng.
Nikmatilah suasana yang tenang dan damai di tempat ini.

Tambahan:
Perengan Anteng adalah tempat yang populer untuk berlibur keluarga.
Perengan Anteng juga merupakan tempat yang cocok untuk berfoto pre-wedding.
Perengan Anteng dapat dijangkau dengan kendaraan pribadi.","P73R+638, Gg. Jati, Karang Anyar, Kec. Jati Agung, Kabupaten Lampung Selatan, Lampung 35365","78c80a91-ae92-4127-89e6-d56c1c1c470d","Wisata Rekreasi (Buatan)","lampung selatan, perengan anteng, wisata buatan","10000"
"cbf5ed08-4b2d-4e1e-89f6-bbc9c135a2e7","Kolam Reang Djayataruna","Kolam Renang Djayataruna adalah kolam renang umum yang terletak di Merak Batin, Kecamatan Natar, Kabupaten Lampung Selatan, Lampung. Kolam renang ini memiliki fasilitas yang lengkap, seperti kolam renang dewasa, kolam renang anak-anak, kolam renang air hangat, dan kolam renang air dingin. Kolam renang ini juga memiliki fasilitas pendukung, seperti kamar ganti, toilet, dan tempat parkir.

Fasilitas:
Kolam renang dewasa
Kolam renang anak-anak
Kolam renang air hangat
Kolam renang air dingin
Kamar ganti
Toilet
Tempat parkir

Aktivitas yang dapat dilakukan:
Berenang
Berjemur di pinggir kolam
Bermain air di kolam renang anak-anak
Menikmati air hangat di kolam renang air hangat
Menikmati air dingin di kolam renang air dingin

Jam operasional:
Senin-Minggu: 08.00-22.00

Tips:
Datanglah lebih awal untuk menghindari antrian panjang.
Bawalah pakaian renang dan handuk.
Gunakan tabir surya untuk melindungi kulit Anda dari sinar matahari.
Nikmatilah waktu Anda di Kolam Renang Djayataruna!","Merak Batin, Natar, Lampung Selatan, Lampung 35362","78c80a91-ae92-4127-89e6-d56c1c1c470d","Wisata Rekreasi (Buatan)","kolam renang djayatarua, lampung selatan, wisata buatan","15000"
"ac7e8ef1-42c4-4d47-8a35-cb0aa4565dff","Kolam Renang Dua Putri","Kolam Renang Dua Putri adalah kolam renang umum yang terletak di M6Q6+F9G, Merak Batin, Kec. Natar, Kabupaten Lampung Selatan, Lampung 35362, Indonesia. Kolam renang ini memiliki dua kolam renang, satu untuk dewasa dan satu untuk anak-anak. Kolam renang ini juga memiliki fasilitas lain seperti kamar ganti, toilet, dan tempat parkir.

Fasilitas:
Dua kolam renang
Kamar ganti
Toilet
Tempat parkir

Aktivitas yang dapat dilakukan:
Berenang
Berjemur di pinggir kolam
Bermain di kolam anak-anak

Jam operasional:
Senin-Minggu: 07.30-18.00

Tips:
Datanglah lebih awal untuk menghindari antrian panjang.
Bawalah pakaian renang dan handuk.
Gunakan tabir surya untuk melindungi kulit Anda dari sinar matahari.
Nikmatilah waktu Anda di Kolam Renang Dua Putri!","M6Q6+F9G, Merak Batin, Natar, Lampung Selatan, Lampung 35362","78c80a91-ae92-4127-89e6-d56c1c1c470d","Wisata Rekreasi (Buatan)","kolam renang dua putri, lampung selatan, wisata buatan","10000"
"dfa46d4f-3415-4cea-8d9a-0a9ea54fa463","Pemandian Air Panas Natar","Pemandian Air Panas Natar adalah pemandian air panas yang terletak di Jl. Raya Batupuru, RT. 07 / 09, M5WR+QMJ, Merak Batin, Kec. Natar, Kabupaten Lampung Selatan, Lampung 35362, Indonesia. Pemandian air panas ini memiliki air yang hangat dan menyehatkan, yang dapat membantu meredakan berbagai macam penyakit, seperti rematik, asam urat, dan sakit kepala. Pemandian air panas ini juga memiliki fasilitas yang lengkap, seperti kolam renang, kamar mandi, dan tempat makan.

Fasilitas:
Kolam renang
Kamar mandi
Tempat makan

Aktivitas yang dapat dilakukan:
Berendam di air panas
Berenang
Makan dan minum di tempat makan

Jam operasional:
Senin-Minggu: Buka 24 jam

Tips:
Datanglah lebih awal untuk menghindari antrian panjang.
Bawalah handuk dan pakaian ganti.
Gunakan tabir surya untuk melindungi kulit Anda dari sinar matahari.
Nikmatilah waktu Anda di Pemandian Air Panas Natar!

Tambahan:
Pemandian Air Panas Natar memiliki area parkir yang luas.
Pemandian Air Panas Natar juga menyediakan fasilitas untuk penyandang disabilitas.
Pemandian Air Panas Natar adalah tempat yang populer untuk berlibur keluarga.","M5WR+QMJ, Jl. Raya Batupuru, RT. 07 / 09, Merak Batin, Kec. Natar, Kabupaten Lampung Selatan, Lampung 35362","8f6ba969-d3ab-4d75-b8b9-dbc4912f92b2","Wisata Alam","lampung selatan, pemadian air panas natar, wisata alam","5000"
"78ebe385-c7ca-4305-a0b8-214b38dc0c0f","Pemandian Air Panas Cisarua","Pemandian Air Panas Cisarua adalah pemandian air panas yang terletak di Desa Cisarua, M6QM+FXG, Muara Putih, Kec. Natar, Kabupaten Lampung Selatan, Lampung 35362, Indonesia. Pemandian air panas ini memiliki air yang hangat dan menyehatkan, yang dapat membantu meredakan stres dan ketegangan otot. Pemandian air panas ini juga memiliki fasilitas yang lengkap, seperti kolam renang, sauna, dan ruang ganti.

Fasilitas:
Kolam renang
Sauna
Ruang ganti
Tempat makan

Aktivitas yang dapat dilakukan:
Berendam di air panas
Sauna
Berenang
Makan dan minum di tempat makan

Jam operasional:
Senin-Minggu: 05.30-21.00

Tips:
Datanglah lebih awal untuk menghindari antrian panjang.
Bawalah handuk dan pakaian ganti.
Gunakan tabir surya untuk melindungi kulit Anda dari sinar matahari.
Nikmatilah waktu Anda di Pemandian Air Panas Cisarua!

Tambahan:
Pemandian Air Panas Cisarua juga memiliki fasilitas untuk penyandang disabilitas.
Pemandian Air Panas Cisarua adalah tempat yang populer untuk berlibur keluarga.","M6QM+FXG, Desa Cisarua, Muara Putih, Kec. Natar, Kabupaten Lampung Selatan, Lampung 35362","8f6ba969-d3ab-4d75-b8b9-dbc4912f92b2","Wisata Alam","lampung selatan, pemandian air panas cisarua, wisata alam","10000"
"77b3c292-9594-48d3-952e-0eac052a2399","Taman Pancur Indah","Taman Pancur Indah adalah taman kota yang terletak di M7RJ+CXV, Karang Anyar, Kec. Jati Agung, Kabupaten Lampung Selatan, Lampung 35365, Indonesia. Taman ini memiliki berbagai macam fasilitas, seperti kolam renang, taman bermain, dan tempat piknik. Taman Pancur Indah juga merupakan tempat yang populer untuk jogging dan bersepeda.

Fasilitas:
Kolam renang
Taman bermain
Tempat piknik
Jalur jogging
Jalur sepeda

Aktivitas yang dapat dilakukan:
Berenang
Bermain di taman bermain
Berpiknik
Jogging
Bersepeda

Jam operasional:
Senin-Minggu: 07.00-21.00

Tips:
Bawalah pakaian renang dan handuk jika Anda ingin berenang.
Bawalah makanan dan minuman jika Anda ingin berpiknik.
Gunakan sepatu yang nyaman jika Anda ingin jogging atau bersepeda.
Nikmatilah waktu Anda di Taman Pancur Indah!
Tambahan:

Taman Pancur Indah memiliki area parkir yang luas.
Taman Pancur Indah juga memiliki toilet umum.
Taman Pancur Indah adalah tempat yang populer untuk berlibur keluarga.","M7RJ+CXV, Unnamed Road, Karang Anyar, Kec. Jati Agung, Kabupaten Lampung Selatan, Lampung 35365","78c80a91-ae92-4127-89e6-d56c1c1c470d","Wisata Rekreasi (Buatan)","lampung selatan, taman pancur indah, wisata buatan","10000"
"a98877c1-214e-497d-8608-9ee7de066a74","Slanik Waterpark","Slanik Waterpark Lampung adalah taman air yang terletak di Jl. Raya Karang Anyar No.10, Karang Anyar, Kec. Jati Agung, Kabupaten Lampung Selatan, Lampung 35365, Indonesia. Taman air ini memiliki berbagai macam wahana air yang seru dan menyenangkan, seperti seluncuran air, kolam renang, dan kolam ombak. Slanik Waterpark juga memiliki area bermain anak-anak dan tempat makan.

Fasilitas:
Seluncuran air
Kolam renang
Kolam ombak
Area bermain anak-anak
Tempat makan

Aktivitas yang dapat dilakukan:
Bermain di wahana air
Berenang
Berjemur di pinggir kolam
Makan dan minum di tempat makan

Jam operasional:
Senin-Jum'at: 09.00-17.00
Sabtu-Minggu: 08.30-17.30

Tips:
Datanglah lebih awal untuk menghindari antrian panjang.
Bawalah pakaian renang dan handuk.
Gunakan tabir surya untuk melindungi kulit Anda dari sinar matahari.
Nikmatilah waktu Anda di Slanik Waterpark Lampung!","Jl. Raya Karang Anyar No.10, Karang Anyar, Kec. Jati Agung, Kabupaten Lampung Selatan, Lampung 35365","78c80a91-ae92-4127-89e6-d56c1c1c470d","Wisata Rekreasi (Buatan)","lampung selatan, slanik waterpark, wisata buatan","40000"
"a5576de2-4762-4f97-8701-5e0445cba39b","Dragon Waterpark","Dragon Waterpark adalah taman air yang terletak di M7RG+94F, Gg. Jaling, Karang Anyar, Kec. Jati Agung, Kabupaten Lampung Selatan, Lampung, Indonesia. Taman air ini memiliki berbagai macam wahana air yang seru dan menyenangkan, seperti seluncuran air, kolam renang, dan kolam ombak. Dragon Waterpark juga memiliki area bermain anak-anak dan tempat makan.

Fasilitas:
Seluncuran air
Kolam renang
Kolam ombak
Area bermain anak-anak
Tempat makan

Aktivitas yang dapat dilakukan:
Bermain di wahana air
Berenang
Berjemur di pinggir kolam
Makan dan minum di tempat makan

Jam operasional:
Senin-Minggu: 09.00-17.00

Tips:
Datanglah lebih awal untuk menghindari antrian panjang.
Bawalah pakaian renang dan handuk.
Gunakan tabir surya untuk melindungi kulit Anda dari sinar matahari.
Nikmatilah waktu Anda di Dragon Waterpark!","M7RG+94F, Gg. Jaling, Karang Anyar, Kec. Jati Agung, Kabupaten Lampung Selatan, Lampung","78c80a91-ae92-4127-89e6-d56c1c1c470d","Wisata Rekreasi (Buatan)","dragon waterpark, lampung selatan, wisata buatan","30000"
"5f085c40-3191-4fcf-926e-a3e74ef58c65","Arjuna Waterpark","Arjuna Waterpark adalah taman air yang terletak di Way Lubuk, Kecamatan Kalianda, Kabupaten Lampung Selatan, Lampung. Taman air ini menawarkan berbagai macam wahana air yang seru dan menyenangkan untuk semua usia.

Fasilitas:
Kolam renang dewasa
Kolam renang anak
Seluncuran air
Lazy river
Water playground
Restoran
Mushola
Toilet
Parkir

Aktivitas yang dapat dilakukan:
Berenang
Bermain seluncuran air
Bermain di water playground
Bersantai di lazy river
Makan di restoran
Beribadah di mushola
Berganti pakaian di toilet
Parkir kendaraan

Jam operasional:
Senin - Minggu: 07.30 - 17.00 WIB

Tips:
Datanglah lebih awal untuk menghindari antrian panjang.
Bawalah pakaian renang dan handuk.
Gunakan tabir surya untuk melindungi kulit dari sinar matahari.
Tetap waspada dan ikuti petunjuk keselamatan.
Akomodasi terdekat:

Hotel Bumi Kedaton (jarak 1,5 km)
Hotel Sentral (jarak 1,7 km)
Hotel Grand Elty Krakatau (jarak 2,1 km)","Way Lubuk, Kalianda, Lampung Selatan, Lampung 35551","8f6ba969-d3ab-4d75-b8b9-dbc4912f92b2","Wisata Alam","arjuna waterpark, lampung selatan, wisata buatan","15000"
"3b5a747b-8835-471f-a984-01e598a29ace","Tugu Topeng Tanjung Bayur","Tugu Topeng Tanjung Bayur adalah ikonik dan menjadi landmark di Lampung Selatan. Tugu ini menampilkan desain unik berupa topeng raksasa yang mencerminkan kekayaan budaya Lampung. Lokasinya yang strategis menjadikannya titik temu yang populer dan tempat yang cocok untuk bersantai sambil menikmati pemandangan sekitar.

Fasilitas:
Tugu utama: Tugu topeng raksasa yang menjadi daya tarik utama.
Area terbuka: Ruang terbuka yang luas di sekitar tugu, cocok untuk bersantai atau piknik.
Tempat duduk: Beberapa bangku disediakan untuk pengunjung beristirahat.
Area parkir: Tersedia tempat parkir yang cukup luas.
Papan informasi: Biasanya terdapat papan informasi singkat tentang sejarah atau makna tugu.

Aktivitas yang Dapat Dilakukan:
Berfoto: Mengabadikan momen dengan latar belakang tugu yang unik.
Bersantai: Menikmati suasana santai di area terbuka.
Berkumpul: Tempat yang cocok untuk berkumpul bersama teman atau keluarga.
Olahraga ringan: Area terbuka dapat digunakan untuk jogging atau aktivitas fisik lainnya.

Jam Operasional:
24 jam: Biasanya tugu ini dapat dikunjungi kapan saja.

Tips:
Waktu terbaik: Datang saat pagi atau sore hari untuk menghindari cuaca terlalu panas.
Bawa kamera: Untuk mengabadikan momen berharga Anda di sini.
Jaga kebersihan: Buang sampah pada tempatnya untuk menjaga kebersihan lingkungan.","FF34+PR8, Bandar Dalam, Sidomulyo, Lampung Selatan, Lampung 35353","bc7c6dcb-d4d3-4158-97ac-e447b2878f3f","Wisata Budaya","lampung selatan, tugu topeng tanjung bayur, wisata budaya","0"
"26f2ed6f-42fe-4acc-85bd-3e0bdc3015e4","Kolam Renang Dan Cafe Rumah Batu","Kolam Renang Dan Cafe Rumah Batu adalah destinasi wisata yang menyajikan kesegaran dan kenyamanan. Terletak di Kota Agung, Tanggamus, tempat ini menawarkan kolam renang yang luas dan segar, serta cafe dengan suasana yang santai. Nikmati momen bersantai sambil berenang atau mencicipi hidangan lezat di sini.

Fasilitas:
Kolam renang dewasa
Kolam renang anak
Cafe
Tempat duduk santai
Area parkir

Aktivitas yang dapat dilakukan:
Berenang
Bersantai di tepi kolam
Menikmati hidangan di cafe
Berfoto","Agung City, Kota Agung, Tanggamus Regency, Lampung 35384","78c80a91-ae92-4127-89e6-d56c1c1c470d","Wisata Rekreasi (Buatan)","cafe rumah batu, kolam renang, tanggamus, waterboom, wisata buatan","0"
"ad5a0b1d-9b5d-4e75-8be7-703efcb0a1cf","Pantai Merak Belantung","Pantai Merak Belantung merupakan salah satu destinasi wisata pantai yang populer di Lampung Selatan. Dengan hamparan pasir putih yang lembut, air laut yang jernih, dan suasana yang tenang, pantai ini menawarkan keindahan alam yang memukau. Pantai ini sangat cocok untuk bersantai, berenang, atau sekadar menikmati pemandangan matahari terbenam.

Fasilitas:
Area parkir: Luas dan mudah diakses.
Warung makan: Menawarkan berbagai macam kuliner laut segar.
Toilet umum: Tersedia dalam kondisi bersih.
Penginapan: Beberapa penginapan dan resort tersedia di sekitar pantai.
Wahana air: Seperti banana boat, jet ski, dan parasailing.

Aktivitas yang Dapat Dilakukan:
Berenang: Air laut yang jernih dan tenang sangat cocok untuk berenang.
Bersantai di tepi pantai: Nikmati suasana pantai yang tenang sambil membaca buku atau mendengarkan musik.
Bermain pasir: Bangun istana pasir atau sekadar bermain bersama anak-anak.
Snorkeling: Jelajahi keindahan bawah laut dengan snorkeling.
Menikmati kuliner laut: Cicipi berbagai macam hidangan laut segar di warung makan sekitar pantai.
Berfoto: Abadikan momen indah dengan latar belakang pantai yang cantik.

Jam Operasional:
Buka setiap hari: 24 jam.

Tips:
Bawa perlengkapan pantai: Seperti handuk, sunscreen, topi, dan kacamata hitam.
Jaga kebersihan: Buang sampah pada tempatnya agar pantai tetap bersih.
Hati-hati saat berenang: Perhatikan tanda peringatan dan jangan berenang terlalu jauh dari pantai.","Merak Belantung, Kalianda, Lampung Selatan, Lampung 35551","8f6ba969-d3ab-4d75-b8b9-dbc4912f92b2","Wisata Alam","lampung selatan, pantai merak belantung, wisata alam","35000"
"99ccb42f-989e-4a88-9c57-d76c3ba2850b","Dayn Waterboom","Dayn Waterboom adalah taman air yang terletak di Merak Belantung, Kecamatan Kalianda, Kabupaten Lampung Selatan, Lampung. Taman air ini menawarkan berbagai macam wahana air yang seru dan menyenangkan untuk semua usia.

Fasilitas:
Kolam renang
Seluncuran air
Wahana air lainnya
Restoran
Toko souvenir

Aktivitas yang dapat dilakukan:
Bermain di wahana air
Berenang
Bersantai di pinggir kolam
Makan di restoran
Berbelanja di toko souvenir

Jam operasional:
Senin-Jumat: 08.00-17.00
Sabtu-Minggu: 08.00-17.30

Tips:
Datanglah lebih awal untuk menghindari antrian panjang.
Bawalah pakaian renang dan handuk.
Gunakan tabir surya untuk melindungi kulit Anda dari sinar matahari.
Tetap waspada dan ikuti petunjuk keselamatan.

Akomodasi terdekat:
Hotel Grand Elty Krakatau (jarak 1,5 km)
Hotel Sentral (jarak 1,7 km)
Hotel Bumi Kedaton (jarak 2,1 km)","Merak Belantung, Kalianda, Lampung Selatan, Lampung 35551","78c80a91-ae92-4127-89e6-d56c1c1c470d","Wisata Rekreasi (Buatan)","dayn waterboom, lampung selatan, wisata buatan","30000"
"9cef1b24-658e-4c80-960f-690824e933b7","Pantai Cemara","Pantai Cemara adalah destinasi wisata pantai yang menawarkan keindahan alam yang masih asri. Dengan hamparan pasir putih yang luas, deburan ombak yang menenangkan, dan pemandangan Gunung Rajabasa yang menjulang, pantai ini menjadi tempat yang sempurna untuk bersantai dan menikmati keindahan alam.

Fasilitas:
Area parkir: Luas dan mudah diakses.
Warung makan: Menyediakan berbagai macam makanan dan minuman.
Toilet umum: Tersedia dalam kondisi bersih.
Area bermain anak: Cocok untuk keluarga yang membawa anak-anak.
Villa: Tersedia penginapan berupa villa untuk menginap lebih lama.
Spot foto: Banyak spot menarik untuk berfoto, seperti di bawah pohon cemara atau di tepi pantai.

Aktivitas yang dapat dilakukan:
Berjemur: Nikmati hangatnya sinar matahari di tepi pantai.
Bermain air: Berenang, berselancar, atau sekadar bermain air di tepi pantai.
Memancing: Bagi yang menyukai memancing, bisa mencoba memancing di sekitar pantai.
Camping: Bagi yang ingin merasakan sensasi berkemah di tepi pantai, tersedia area khusus untuk berkemah.
Berjalan-jalan: Jelajahi sepanjang pantai dan menikmati pemandangan sekitar.
Menikmati sunset: Saksikan keindahan matahari terbenam yang memukau.

Jam operasional:
Buka setiap hari pukul 06:00 - 19:00 WIB.

Tips:
Bawa perlengkapan pantai: Seperti handuk, sunscreen, topi, dan kacamata hitam.
Jaga kebersihan: Buang sampah pada tempatnya dan jangan merusak lingkungan.
Waspada terhadap ombak: Selalu perhatikan kondisi ombak sebelum berenang atau bermain air.","8G8H+4V5, Merak Belantung, Kalianda, South Lampung Regency, Lampung 35551","8f6ba969-d3ab-4d75-b8b9-dbc4912f92b2","Wisata Alam","lampung selatan, pantai cemara, wisata alam","20000"
"43e2f611-0a63-43ef-88ba-087cabe62495","Pantai Tapak Kera","Pantai Tapak Kera adalah sebuah pantai yang terletak di Lampung Selatan, menawarkan keindahan alam yang masih alami dengan pasir putih lembut dan deburan ombak yang menenangkan. Pantai ini terkenal dengan pemandangannya yang eksotis dan suasana yang tenang, menjadikannya tempat yang sempurna untuk bersantai dan menikmati keindahan alam.

Fasilitas:
Area parkir: Cukup luas untuk menampung kendaraan pengunjung.
Warung makan: Menjual berbagai macam makanan dan minuman.
Toilet umum: Tersedia untuk kenyamanan pengunjung.
Spot foto: Beberapa spot menarik untuk berfoto dengan latar belakang pantai.
Gazebo: Tempat bersantai sambil menikmati pemandangan pantai.

Aktivitas yang Dapat Dilakukan:
Berjemur: Menikmati sinar matahari di tepi pantai.
Berenang: Bermain air di laut yang jernih.
Berselancar: Bagi yang menyukai tantangan, bisa mencoba berselancar.
Memancing: Menikmati sensasi memancing di laut.
Memburu foto: Mengabadikan momen indah di pantai.
Piknik: Bersantai bersama keluarga atau teman sambil menikmati bekal makan.

Jam Operasional:
Buka setiap hari: 24 jam

Tips:
Datang pagi atau sore: Untuk menghindari terik matahari siang hari.
Bawa perlengkapan pribadi: Seperti sunscreen, topi, dan handuk.
Jaga kebersihan: Buang sampah pada tempatnya.
Hati-hati saat berenang: Perhatikan tanda peringatan dan jangan berenang terlalu jauh.","Merak Belantung, Kalianda, Lampung Selatan, Lampung 35551","8f6ba969-d3ab-4d75-b8b9-dbc4912f92b2","Wisata Alam","lampung selatan, pantai tapak kera, wisata alam","25000"
"76bfb11c-0224-4e0d-a6cd-7ab3f802ef45","Pantai Marina","Pantai Marina adalah pantai yang terletak di Kecamatan Kalianda, Kabupaten Lampung Selatan, Lampung. Pantai ini memiliki pemandangan yang indah dengan teluk kecil berlatar gua tepi tebing, dek observasi berpaving, formasi batuan, dan ombak yang kuat. Pantai Marina juga merupakan tempat yang populer untuk berenang, berselancar, dan memancing.

Fasilitas:
Dek observasi
Toilet
Tempat parkir
Warung makan

Aktivitas yang dapat dilakukan:
Berenang
Berselancar
Memancing
Berjemur
Menikmati pemandangan

Jam operasional:
Buka setiap hari, 24 jam.

Tips:
Datanglah pada pagi atau sore hari untuk menghindari panas terik matahari.
Bawalah kacamata hitam, topi, dan tabir surya untuk melindungi diri dari sinar matahari.
Gunakan alas kaki yang nyaman saat berjalan di pantai.
Waspadailah ombak yang kuat saat berenang atau berselancar.

Akomodasi terdekat:
Hotel Marina Bay (jarak 1,5 km)
Hotel Marina View (jarak 2 km)
Hotel Marina Beach (jarak 2,5 km)","Kalianda, Lampung Selatan, Lampung 35551","8f6ba969-d3ab-4d75-b8b9-dbc4912f92b2","Wisata Alam","lampung selatan, pantai marina, wisata alam","40000"
"fd4a315c-ca33-493f-a7d5-46e851b6f099","Dermaga Bom Kalianda","Dermaga Bom Kalianda adalah salah satu destinasi wisata populer di Lampung Selatan. Selain berfungsi sebagai tempat pelelangan ikan, dermaga ini juga menawarkan pemandangan laut yang indah, terutama saat matahari terbenam. Suasana yang santai dan kuliner seafood segar menjadi daya tarik utama tempat ini.

Fasilitas:
Dermaga: Tempat utama untuk melihat aktivitas perikanan dan menikmati pemandangan laut.
Pasar ikan: Tempat untuk membeli hasil laut segar langsung dari nelayan.
Warung makan: Menawarkan berbagai macam hidangan seafood yang lezat.
Area parkir: Cukup luas untuk menampung kendaraan pengunjung.
Spot foto: Beberapa titik menarik untuk mengambil gambar, terutama saat matahari terbenam.

Aktivitas yang dapat dilakukan:
Menikmati pemandangan laut: Mengagumi keindahan laut lepas dan aktivitas nelayan.
Membeli hasil laut segar: Memilih sendiri ikan segar untuk dimasak atau dijadikan oleh-oleh.
Mencicipi kuliner seafood: Menikmati berbagai hidangan laut yang lezat di warung makan sekitar.
Berfoto: Mengabadikan momen indah di Dermaga Bom, terutama saat matahari terbenam.
Menyaksikan aktivitas pelelangan ikan: Melihat proses pelelangan ikan secara langsung.

Jam operasional:
Buka setiap hari: Dermaga Bom umumnya buka sepanjang hari, namun aktivitas pelelangan ikan biasanya dimulai pagi hari.

Tips:
Datang pagi atau sore hari: Untuk menghindari cuaca yang terlalu panas dan menikmati pemandangan matahari terbit atau terbenam.
Bawa kamera: Agar bisa mengabadikan momen indah di Dermaga Bom.
Jangan lupa menawar: Saat membeli hasil laut di pasar ikan.
Mencicipi berbagai macam kuliner seafood: Untuk merasakan kelezatan hidangan laut khas Lampung.","Lampung Selatan, Lampung 35551","81b85a03-97bb-4a84-bbe5-fb8fa8a81e9c","Wisata Kuliner","dermaga bom kalianda, lampung selatan, wisata kuliner","0"
"fc6625d2-1993-4052-a720-eef6f4712c59","Pantai Sanggar","Pantai Sanggar adalah destinasi wisata pantai yang sedang naik daun di Lampung Selatan. Dengan pasir putih yang lembut, ombak yang tenang, dan pemandangan Gunung Rajabasa yang menawan, pantai ini menawarkan suasana yang sangat santai dan cocok untuk bersantai bersama keluarga atau teman.

Fasilitas:
Area parkir: Luas dan mudah diakses.
Warung makan: Menjual berbagai macam makanan dan minuman.
Toilet umum: Tersedia dalam jumlah yang cukup.
Spot foto: Banyak spot foto menarik dengan latar belakang pantai dan gunung.
Gazebo: Tempat bersantai sambil menikmati pemandangan.
Area bermain anak: Permainan anak-anak seperti ayunan dan perosotan.

Aktivitas yang dapat dilakukan:
Berenang: Airnya yang jernih dan tenang sangat cocok untuk berenang.
Berjemur: Nikmati hangatnya sinar matahari di tepi pantai.
Bermain pasir: Bangun istana pasir atau sekadar bermain dengan pasir.
Memancing: Bagi yang suka memancing, bisa mencoba memancing di sekitar pantai.
Berselancar: Bagi yang menyukai tantangan, bisa mencoba berselancar.
Menikmati sunset: Pemandangan matahari terbenam di Pantai Sanggar sangat indah.

Jam operasional:
Buka setiap hari: 24 jam

Tips:
Bawa perlengkapan pantai: Seperti handuk, sunscreen, topi, dan kacamata hitam.
Jaga kebersihan: Buang sampah pada tempatnya.
Hati-hati saat berenang: Perhatikan batas aman berenang.","7HCM+RXX, Kalianda, Lampung Selatan, Lampung 35551","8f6ba969-d3ab-4d75-b8b9-dbc4912f92b2","Wisata Alam","lampung selatan, pantai sanggar, wisata alam","20000"
"1fe8c4b4-216f-40a8-bef1-b8aeea213967","Pantai Kedu Sinar Laut","Pantai Kedu Sinar Laut adalah destinasi wisata pantai yang menawarkan keindahan alam yang masih asri dengan pasir putih lembut dan deburan ombak yang menenangkan. Terletak di Lampung Selatan, pantai ini menjadi surga bagi para pencinta pantai yang ingin menikmati suasana yang tenang dan jauh dari keramaian.

Fasilitas:
Area parkir: Cukup luas untuk menampung kendaraan pengunjung.
Warung makan: Menjual berbagai macam makanan dan minuman.
Toilet umum: Tersedia untuk kenyamanan pengunjung.
Spot foto: Beberapa spot menarik untuk berfoto dengan latar belakang pantai.
Gazebo: Tempat bersantai sambil menikmati pemandangan pantai.

Aktivitas yang Dapat Dilakukan:
Berjemur: Menikmati sinar matahari sambil bersantai di tepi pantai.
Bermain air: Berenang, berselancar, atau sekadar bermain air di tepi pantai.
Memancing: Bagi yang menyukai aktivitas memancing, bisa mencoba memancing di sekitar pantai.
Berkemah: Bagi yang ingin merasakan sensasi menginap di tepi pantai, bisa mendirikan tenda.
Menikmati sunset: Menyaksikan keindahan matahari terbenam yang memukau.

Jam Operasional:
Buka setiap hari: 24 jam

Tips:
Bawa perlengkapan pribadi: Seperti sunscreen, topi, handuk, dan pakaian ganti.
Jaga kebersihan: Buang sampah pada tempatnya dan jangan merusak lingkungan sekitar.
Hati-hati saat berenang: Perhatikan kondisi ombak dan arus sebelum berenang.","Kalianda, Lampung Selatan, Lampung 35551","8f6ba969-d3ab-4d75-b8b9-dbc4912f92b2","Wisata Alam","lampung selatan, pantai kedu sinar laut, wisata alam","10000"
"89509d90-4692-488d-9181-9582e1a38743","Pantai Kedu","Pantai Kedu adalah destinasi wisata pantai yang menawarkan keindahan alam yang masih asri dan suasana yang tenang. Dengan pasir putih lembut, deburan ombak yang menenangkan, dan pemandangan sekitar yang memukau, pantai ini menjadi tempat yang sempurna untuk bersantai dan melepas penat.

Fasilitas:
Area parkir: Cukup luas untuk menampung kendaraan pengunjung.
Warung makan: Menjual berbagai macam makanan dan minuman.
Toilet umum: Tersedia untuk kenyamanan pengunjung.
Gazebo: Tempat bersantai sambil menikmati pemandangan pantai.
Spot foto: Banyak spot menarik untuk berfoto dengan latar belakang pantai.

Aktivitas yang dapat dilakukan:
Berjemur: Nikmati hangatnya sinar matahari di tepi pantai.
Berenang: Bermain air di laut yang jernih (perhatikan kondisi ombak).
Memancing: Bagi yang menyukai kegiatan memancing.
Berjalan-jalan di tepi pantai: Nikmati suasana pantai sambil menghirup udara segar.
Berkemah: Bagi yang ingin menginap lebih lama, tersedia area untuk berkemah.
Menikmati sunset: Saksikan keindahan matahari terbenam yang memukau.

Jam operasional:
Buka 24 jam: Pengunjung bebas datang kapan saja.

Tips:
Bawa perlengkapan pribadi: Seperti handuk, sunscreen, topi, dan kacamata hitam.
Jaga kebersihan: Buang sampah pada tempatnya untuk menjaga keindahan pantai.
Hati-hati saat berenang: Perhatikan kondisi ombak dan arus laut.","Way Urang, Kalianda, Lampung Selatan, Lampung 35551","8f6ba969-d3ab-4d75-b8b9-dbc4912f92b2","Wisata Alam","lampung selatan, pantai kedu, wisata alam","5000"
"56f614a6-7a9f-411d-a2db-d835d3d638cf","Pantai Kedu Warna","Pantai Kedu Warna adalah destinasi wisata pantai yang menawarkan keindahan alam yang masih asri dengan pasir putih yang lembut dan air laut yang jernih. Terletak di Lampung Selatan, pantai ini menjadi surga bagi para pencinta pantai yang ingin menikmati suasana tenang dan pemandangan matahari terbenam yang memukau.

Fasilitas:
Area parkir: Luas dan mudah diakses.
Warung makan: Menjual berbagai macam makanan dan minuman.
Toilet umum: Tersedia dalam kondisi bersih.
Spot foto: Banyak spot menarik untuk berfoto, seperti ayunan pantai, perahu nelayan, dan gardu pandang.
Penginapan: Tersedia beberapa penginapan di sekitar pantai bagi yang ingin menginap.

Aktivitas yang Dapat Dilakukan:
Berjemur: Nikmati hangatnya sinar matahari di tepi pantai.
Berenang: Bermain air di laut yang tenang.
Snorkeling: Menikmati keindahan bawah laut dengan berbagai jenis ikan.
Memancing: Bagi yang menyukai kegiatan memancing.
Berfoto: Mengabadikan momen indah di pantai dengan berbagai latar belakang.
Camping: Bagi yang ingin merasakan sensasi berkemah di tepi pantai.
Menikmati sunset: Saksikan keindahan matahari terbenam yang memukau.

Jam Operasional:
Buka 24 jam: Pengunjung bebas datang kapan saja.

Tips:
Datang saat pagi atau sore: Untuk menghindari terik matahari dan menikmati suasana yang lebih tenang.
Bawa perlengkapan pribadi: Seperti sunscreen, topi, handuk, dan kamera.
Jaga kebersihan: Buang sampah pada tempatnya dan jangan merusak lingkungan sekitar.","Way Urang, Kalianda, Lampung Selatan, Lampung 35551","8f6ba969-d3ab-4d75-b8b9-dbc4912f92b2","Wisata Alam","lampung selatan, pantai kedu warna, wisata alam","25000"
"d892f183-4f46-49ab-a612-9f254259afe1","Pantai Batu Ulay","Pantai Batu Ulay adalah destinasi wisata pantai yang menawarkan keindahan alam yang masih asri. Dengan hamparan pasir putih, batu karang unik, dan deburan ombak yang menenangkan, pantai ini menjadi surga bagi para pencinta pantai.

Fasilitas:
Area parkir: Cukup luas untuk menampung kendaraan pengunjung.
Warung makan: Menjual berbagai macam makanan dan minuman.
Toilet umum: Tersedia untuk kenyamanan pengunjung.
Spot foto: Banyak spot menarik untuk berfoto dengan latar belakang pantai.

Aktivitas yang Dapat Dilakukan:
Berjemur: Menikmati sinar matahari sambil bersantai di tepi pantai.
Berenang: Bermain air di laut yang jernih (perhatikan kondisi ombak).
Snorkeling: Menjelajahi keindahan bawah laut (jika kondisi memungkinkan).
Memancing: Menikmati sensasi memancing di laut.
Camping: Bermalam di tepi pantai (jika diizinkan).
Berfoto: Mengabadikan momen indah dengan latar belakang pantai.

Jam Operasional:
Buka setiap pukul 08:00 - 22:00. WIB

Tips:
Bawa perlengkapan pribadi: Seperti sunscreen, topi, handuk, dan pakaian ganti.
Jaga kebersihan: Buang sampah pada tempatnya.
Hati-hati dengan ombak: Selalu waspada terhadap kondisi ombak, terutama saat berenang.
Jangan merusak ekosistem: Jangan mengambil atau merusak biota laut.","Pantai Batu ulay Ketang, Way Urang, Kec. Kalianda, Kabupaten Lampung Selatan, Lampung 35551","8f6ba969-d3ab-4d75-b8b9-dbc4912f92b2","Wisata Alam","lampung selatan, pantai batu ulay, wisata alam","34999"
"74334e2a-8d60-49a3-a028-a4c67a9ffbe7","Pantai Ketang","Pantai Ketang adalah salah satu destinasi wisata pantai yang populer di Lampung Selatan. Dengan pasir putih yang lembut, deburan ombak yang menenangkan, dan pemandangan Gunung Rajabasa yang eksotis, pantai ini menawarkan keindahan alam yang memukau. Pantai Ketang cocok bagi Anda yang ingin bersantai, berenang, atau sekadar menikmati suasana pantai yang tenang.

Fasilitas:
Area parkir: Cukup luas untuk menampung kendaraan pengunjung.
Warung makan: Menjual berbagai macam makanan dan minuman.
Toilet umum: Tersedia untuk kenyamanan pengunjung.
Sewa perahu: Bagi pengunjung yang ingin menikmati keindahan pantai dari laut.
Spot foto: Beberapa spot menarik untuk berfoto dengan latar belakang pantai dan Gunung Rajabasa.

Aktivitas yang dapat dilakukan:
Berenang: Menikmati kesegaran air laut.
Berjemur: Bersantai di tepi pantai sambil menikmati sinar matahari.
Bermain pasir: Membangun istana pasir atau sekadar bermain bersama anak-anak.
Menikmati sunset: Mengabadikan keindahan matahari terbenam dengan latar belakang pantai.
Mancing: Bagi Anda yang menyukai aktivitas memancing.

Jam operasional:
Buka 24 jam: Namun, waktu terbaik untuk berkunjung adalah saat pagi atau sore hari untuk menghindari terik matahari.

Tips:
Bawa perlengkapan pribadi: Seperti handuk, sunscreen, topi, dan kacamata hitam.
Jaga kebersihan: Buang sampah pada tempatnya dan jangan merusak lingkungan sekitar.
Hati-hati saat berenang: Perhatikan batas aman untuk berenang, terutama jika Anda tidak bisa berenang.","Way Urang, Kalianda, Lampung Selatan, Lampung 35551","8f6ba969-d3ab-4d75-b8b9-dbc4912f92b2","Wisata Alam","lampung selatan, pantai ketang, wisata alam","0"
"f00e9738-747f-4454-adeb-c0e466dda2bd","Pantai Masin","Pantai Masin adalah salah satu destinasi wisata pantai yang populer di Lampung Selatan. Dengan hamparan pasir putih yang luas dan deburan ombak yang menenangkan, pantai ini menawarkan keindahan alam yang memukau. Selain itu, Pantai Masin juga dikenal dengan potensi ombaknya yang menarik bagi para peselancar.

Fasilitas:
Area parkir: Cukup luas untuk menampung kendaraan pengunjung.
Warung makan: Menjual berbagai macam makanan dan minuman.
Toilet umum: Tersedia untuk kenyamanan pengunjung.
Spot foto: Beberapa spot menarik untuk berfoto dengan latar belakang pantai.
Penginapan: Tersedia beberapa penginapan di sekitar pantai bagi yang ingin menginap.

Aktivitas yang dapat dilakukan:
Berjemur: Menikmati sinar matahari sambil bersantai di tepi pantai.
Bermain air: Berenang atau bermain air di tepi pantai.
Berselancar: Menjajal ombak yang menantang bagi para peselancar.
Memancing: Menikmati sensasi memancing di laut.
Piknik: Bersantap bersama keluarga atau teman sambil menikmati pemandangan pantai.
Camping: Bagi yang suka berkemah, bisa mendirikan tenda di area yang telah ditentukan.

Jam operasional:
Buka 24 jam: Pengunjung bebas datang kapan saja.

Tips:
Bawa perlengkapan pantai: Seperti handuk, sunscreen, topi, dan kacamata hitam.
Hati-hati saat berenang: Perhatikan tanda peringatan dan jangan berenang terlalu jauh dari pantai.
Jaga kebersihan: Buang sampah pada tempatnya agar pantai tetap bersih.","8H85+2J6, Pantai Masin, Kec. Kalianda, Kabupaten Lampung Selatan, 35551","8f6ba969-d3ab-4d75-b8b9-dbc4912f92b2","Wisata Alam","lampung selatan, pantai masin, wisata alam","0"
"0df51217-055b-4c3f-88cb-171c0358ac7a","Taman Semilir","Taman Semilir Metro adalah sebuah tempat rekreasi dan kuliner yang terletak di Kota Metro, Lampung. Tempat ini menawarkan suasana pedesaan yang tenang dengan pemandangan sawah yang luas, sehingga sangat cocok bagi pengunjung yang ingin melepas penat dari hiruk pikuk kota.

Suasana pedesaan: Dengan pemandangan sawah yang asri dan udara yang segar, Taman Semilir Metro memberikan pengalaman yang berbeda dari tempat rekreasi perkotaan lainnya.

Fasilitas lengkap: Selain tempat makan, Taman Semilir Metro juga menyediakan berbagai fasilitas seperti area bermain anak, gazebo, dan tempat parkir yang luas.

Tempat yang instagramable: Dengan desain yang unik dan menarik, banyak spot di Taman Semilir Metro yang cocok dijadikan latar belakang foto.

Cocok untuk berbagai acara: Taman Semilir Metro tidak hanya cocok untuk bersantai bersama keluarga, tetapi juga bisa digunakan untuk acara seperti ulang tahun, pertemuan, atau bahkan pernikahan.","23, Karangrejo, Kec. Metro Utara, Kota Metro, Lampung 34119","78c80a91-ae92-4127-89e6-d56c1c1c470d","Wisata Rekreasi (Buatan)","metro, taman semilir, taman wisata, wisata buatan, wisata rekreasi","0"
"c0603b1f-2c6f-43a5-9f21-6b75fe24709c","Taman Karang Taruna GP2B","Taman Karang Taruna GP2B adalah surga bagi pecinta bunga dan alam. Nikmati keindahan bunga dan taman buatan dengan banyak spot foto.

Fasilitas: 

Area parkir
Spot Foto

Aktivitas: 

Piknik, berfoto, menikmati keindahan bunga

Jam operasional: 

Biasanya buka setiap hari, 24 jam.","693F+H6F, Varia Agung, Seputih Mataram, Central Lampung Regency, Lampung 34164","78c80a91-ae92-4127-89e6-d56c1c1c470d","Wisata Rekreasi (Buatan)","lampung tengah, taman karang taruna gp2b, varia agung, wisata buatan","0"
"cc5d5eee-7682-4e1c-afe9-5d18ee380b81","Pantai Aruna","Pantai Aruna adalah destinasi wisata pantai yang populer di Lampung Selatan. Dengan pasir putih yang lembut, ombak yang tenang, dan pemandangan laut lepas yang indah, pantai ini menjadi tempat yang sempurna untuk bersantai dan menikmati keindahan alam.

Fasilitas:
Area parkir: Cukup luas untuk menampung kendaraan pengunjung.
Warung makan: Menjual berbagai macam makanan dan minuman.
Toilet umum: Tersedia untuk kenyamanan pengunjung.
Gazebo: Tempat bersantai sambil menikmati pemandangan pantai.
Tempat bermain anak: Permainan anak-anak seperti ayunan dan perosotan.

Aktivitas yang dapat dilakukan:
Berjemur: Menikmati sinar matahari di tepi pantai.
Berenang: Bermain air di laut yang tenang.
Memancing: Mencoba keberuntungan menangkap ikan.
Berjalan-jalan di tepi pantai: Menikmati pemandangan sekitar.
Bermain pasir: Membangun istana pasir bersama keluarga atau teman.
Menikmati sunset: Mengabadikan momen matahari terbenam yang indah.
Watersport: Beberapa penyedia jasa menawarkan aktivitas watersport seperti banana boat atau jetski.

Jam operasional:
Buka setiap hari: 24 jam

Tips:
Bawa perlengkapan pribadi: Seperti handuk, sunscreen, topi, dan kacamata hitam.
Jaga kebersihan: Buang sampah pada tempatnya untuk menjaga kebersihan pantai.
Hati-hati saat berenang: Perhatikan batas keamanan yang telah ditentukan.
Datang saat pagi atau sore: Untuk menghindari terik matahari siang hari.","Dusun Muing, Merak Belantung, Kalianda, Lampung Selatan, Lampung 35551","8f6ba969-d3ab-4d75-b8b9-dbc4912f92b2","Wisata Alam","lampung selatan, pantai aruna, wisata alam","25000"
"d2ec5f9a-cc1f-42f3-9606-e98ecc37a746","Taman Sejuta Bunga","Taman Sejuta Bunga adalah surga bagi pecinta bunga dan alam. Nikmati keindahan berbagai jenis bunga yang bermekaran sepanjang tahun dan udara segar di tengah kota.

Fasilitas: 

Taman bunga, toilet

Aktivitas: 

Piknik, berfoto, menikmati keindahan bunga

Jam operasional: 

Biasanya buka setiap hari, 24 jam.","57FC+26J, Terbanggi Besar, Central Lampung Regency, Lampung 34163","78c80a91-ae92-4127-89e6-d56c1c1c470d","Wisata Rekreasi (Buatan)","lampung tengah, taman sejuta bunga, terbanggi besar, wisata buatan","0"
"722372b5-b847-41a9-a053-5c78463a4d22","Pantai Sapenan","Pantai Sapenan adalah salah satu destinasi wisata pantai yang menarik di Lampung Selatan. Dengan hamparan pasir putih yang lembut dan air laut yang jernih, pantai ini menawarkan keindahan alam yang menenangkan. Selain itu, pemandangan Gunung Rajabasa yang menjulang dari kejauhan menambah pesona pantai ini.

Fasilitas:
Area parkir: Cukup luas untuk menampung kendaraan pengunjung.
Warung makan: Menjual berbagai macam makanan dan minuman.
Toilet umum: Tersedia untuk kenyamanan pengunjung.
Spot foto: Beberapa spot menarik untuk berfoto dengan latar belakang pantai dan gunung.

Aktivitas yang dapat dilakukan:
Berjemur: Menikmati sinar matahari sambil bersantai di tepi pantai.
Bermain air: Berenang, berselancar, atau sekadar bermain air di tepi pantai.
Memancing: Bagi yang menyukai memancing, bisa mencoba memancing di sekitar pantai.
Piknik: Menikmati bekal bersama keluarga atau teman-teman.
Berfoto: Mengabadikan momen indah dengan latar belakang pantai dan gunung.

Jam operasional:
Pantai Sapenan terbuka untuk umum selama 24 jam.

Tips:
Datang pagi atau sore: Untuk menghindari terik matahari siang hari.
Bawa perlengkapan pribadi: Seperti handuk, sunscreen, topi, dan kacamata hitam.
Jaga kebersihan: Buang sampah pada tempatnya untuk menjaga keindahan pantai.","Java Sea, Kec. Kalianda, Kabupaten Lampung Selatan, Lampung 35551","8f6ba969-d3ab-4d75-b8b9-dbc4912f92b2","Wisata Alam","lampung selatan, pantai sapenan, wisata alam","15000"
"254b44f8-6e58-4fb4-9959-95f06c89d675","Taman Cerry Gelompong","Taman Cery Glompong adalah wisata outdoor yang cocok buat kamu yang suka berkumpul dengan keluarga, teman, atau juga pasangan mu. Jangan khawatir lapar ketika kamu sedang asik berkumpul dengan keluarga atau teman, karena di Taman Cery Glompong menyediakan banyak kuliner.

Fasilitas:

Tempat Makan
Lapangan Bulutangkis
Kolam Renang
Tempat duduk
Toilet

Aktivitas:

Berenang
Berolahraga
Bermain air
Bersantai
Kulineran
Piknik

Jam Operasional:

Biasanya buka setiap hari, namun sebaiknya konfirmasi terlebih dahulu.","Jl. Manggis, Bandar Jaya Bar., Kec. Terbanggi Besar, Kabupaten Lampung Tengah, Lampung 34163","78c80a91-ae92-4127-89e6-d56c1c1c470d","Wisata Rekreasi (Buatan)","bandar jaya, lampung tengah, taman cerry glompong, wisata buatan","0"
"a0de09ed-074c-4c5c-920b-e39ff04c4957","Pantai Bagus","Pantai Bagus adalah salah satu destinasi wisata pantai yang populer di Lampung Selatan. Dengan pasir putih yang lembut dan air laut yang jernih, pantai ini menawarkan keindahan alam yang menawan. Selain itu, Pantai Bagus juga dilengkapi dengan berbagai fasilitas yang membuat kunjungan Anda semakin nyaman.

Fasilitas:
Area parkir: Luas dan mudah diakses.
Warung makan: Menjual berbagai macam makanan dan minuman.
Toilet umum: Tersedia dalam jumlah yang cukup.
Gazebo: Tempat bersantai sambil menikmati pemandangan pantai.
Spot foto: Banyak spot menarik untuk berfoto, seperti ayunan pantai atau gardu pandang.

Aktivitas yang dapat dilakukan:
Berjemur: Nikmati hangatnya sinar matahari di tepi pantai.
Berenang: Bermain air di laut yang tenang.
Berselancar: Bagi Anda yang menyukai tantangan.
Memancing: Menikmati sensasi memancing di laut.
Berkemah: Bagi yang ingin menginap lebih lama.
Menikmati kuliner seafood: Cicipi berbagai macam hidangan laut segar.

Jam operasional:
Buka 24 jam: Anda bisa mengunjungi Pantai Bagus kapan saja.

Tips:
Bawa perlengkapan pribadi: Seperti sunscreen, topi, dan handuk.
Jaga kebersihan: Buang sampah pada tempatnya.
Hati-hati saat berenang: Perhatikan ombak dan arus laut.","Merak Belantung, Kalianda, Lampung Selatan, Lampung 35551","8f6ba969-d3ab-4d75-b8b9-dbc4912f92b2","Wisata Alam","lampung selatan, pantai bagus, wisata alam","15000"
"e40f5c35-4b41-4b8a-934a-36d37d6d3069","Kolam Renang Dam Raman Permai","Kolam Renang Dam Raman Permai adalah tempat rekreasi yang populer di Lampung. Kolam renang ini menawarkan berbagai fasilitas yang lengkap, seperti kolam renang dewasa, kolam renang anak, seluncuran air, dan area bermain anak. Kolam Renang Stadion Tejosari juga memiliki suasana yang nyaman dan aman, sehingga cocok untuk menghabiskan waktu bersama keluarga.

Fasilitas:
Kolam renang dewasa
Kolam renang anak
Seluncuran air
Area bermain anak
Gazebo
Kamar bilas
Tempat parkir

Aktivitas yang dapat dilakukan:
Berenang
Bermain air
Bersantai di gazebo
Bermain di area bermain anak","W8V8+9HW, Purwoasri, Metro Utara, Metro City, Lampung 34119","78c80a91-ae92-4127-89e6-d56c1c1c470d","Wisata Rekreasi (Buatan)","dam raman, kolam damraman permai, metro, wisata buatan, wisata kolam renang, wisata rekreasi","10000"
"d883f2f8-70d9-4d44-9152-dcf7045ca69e","Metro Garden","Metro Garden adalah taman kota yang terletak di Jalan Diponegoro, Imopuro, Kecamatan Metro Pusat, Kota Metro, Lampung. Taman ini memiliki luas sekitar 1,5 hektar dan dilengkapi dengan berbagai fasilitas, seperti taman bermain anak, lapangan olahraga, dan gazebo. Metro Garden juga menjadi tempat yang populer untuk piknik dan bersantai.

Fasilitas:
Taman bermain anak
Lapangan olahraga
Gazebo
Toilet
Tempat parkir

Aktivitas yang dapat dilakukan:
Bermain di taman bermain anak
Bermain olahraga
Bersantai di gazebo
Piknik
Berjalan-jalan","Jl. Diponegoro, Imopuro, Kec. Metro Pusat, Kota Metro, Lampung","78c80a91-ae92-4127-89e6-d56c1c1c470d","Wisata Rekreasi (Buatan)","kolam renang, metro, metro garden, taman wisata, wisata buatan, wisata rekreasi","20000"
"40438aea-477b-4594-b039-483e8ad5def1","Pantai Slimpuyang","Pantai Slimpuyang adalah sebuah permata tersembunyi di Lampung Selatan yang menawarkan keindahan alam yang masih sangat alami. Dengan pasir putih lembut, ombak yang tenang, dan pemandangan sekitar yang menawan, pantai ini menjadi tempat yang sempurna untuk bersantai dan menikmati keindahan alam.

Fasilitas:
Area parkir: Tersedia area parkir yang cukup luas.
Warung makan: Tersedia beberapa warung makan yang menjual makanan dan minuman ringan.
Toilet umum: Tersedia toilet umum, namun kondisinya mungkin tidak selalu bersih.
Spot foto: Banyak spot foto menarik dengan latar belakang pantai dan sekitarnya.

Aktivitas yang Dapat Dilakukan:
Berjemur: Nikmati hangatnya sinar matahari di tepi pantai.
Berenang: Berenang di air laut yang jernih.
Bermain pasir: Bangun istana pasir atau sekadar bermain dengan pasir.
Camping: Nikmati suasana malam di pantai dengan mendirikan tenda.
Snorkeling: Jika kondisi air laut memungkinkan, kamu bisa mencoba snorkeling untuk melihat keindahan bawah laut.
Berfoto: Mengabadikan momen indah di pantai dengan latar belakang yang menakjubkan.

Jam Operasional:
Buka 24 jam: Pantai Slimpuyang terbuka untuk umum selama 24 jam.

Tips:
Bawa perbekalan sendiri: Karena fasilitas di pantai masih terbatas, sebaiknya bawa perbekalan makanan dan minuman sendiri.
Jaga kebersihan: Buang sampah pada tempatnya agar pantai tetap bersih.
Hati-hati saat berenang: Perhatikan kondisi ombak dan arus laut sebelum berenang.
Lindungi diri dari sinar matahari: Gunakan sunscreen dan topi untuk melindungi kulit dari sengatan matahari.","9C8P+JJ, Suak, Sidomulyo, Lampung Selatan, Lampung","8f6ba969-d3ab-4d75-b8b9-dbc4912f92b2","Wisata Alam","lampung selatan, pantai slimpuyang, wisata alam","0"
"7aca5ddb-c7f5-4f15-803e-c66e03b549cf","Kolam Renang Cahya Tirta","Kolam Renang Cahya Tirta adalah tempat yang sempurna untuk bersenang-senang bersama keluarga. Nikmati kesegaran air, berbagai wahana air, dan fasilitas pendukung lainnya.

Fasilitas:

Kolam renang 
Tempat duduk
Toilet

Aktivitas:

Berenang
Bermain air
Bersantai
Piknik

Jam Operasional:

Biasanya buka setiap hari, namun sebaiknya konfirmasi terlebih dahulu.","Unnamed Road, Nyukang Harjo, Kec. Selagai Lingga, Kabupaten Lampung Tengah, Lampung 34176","78c80a91-ae92-4127-89e6-d56c1c1c470d","Wisata Rekreasi (Buatan)","kalirejo, kolam renang cahya tirta, lampung tengah, wisata buatan","15000"
"2c870bd9-a7fe-4575-9170-bb5f36f10c83","Kolam Renang Pelangi Permata Indah","Kolam Renang Pelangi Permata Indah adalah tempat yang sempurna untuk bersenang-senang bersama keluarga. Nikmati kesegaran air, berbagai wahana air, dan fasilitas pendukung lainnya.

Fasilitas:

Kolam renang dewasa
Kolam renang anak
Seluncuran air
Tempat duduk
Toilet

Aktivitas:

Berenang
Bermain air
Bersantai
Piknik

Jam Operasional:

Biasanya buka setiap hari, namun sebaiknya konfirmasi terlebih dahulu.","Blok M, Kali Rejo, Kec. Kalirejo, Kabupaten Lampung Tengah, Lampung 34174","78c80a91-ae92-4127-89e6-d56c1c1c470d","Wisata Rekreasi (Buatan)","kalirejo, kolam renang pelangi permata indah, lampung tengah, wisata buatan","15000"
"aa429827-85a1-4470-bb89-8d9621d78d5c","Kolam Renang Stadion Tejosari","Kolam Renang Tejosari Kota Metro merupakan salah satu sarana dan prasarana olahraga Pemerintah Kota Metro. Kolam Renang Stadion Tejosari merupakan tempat rekreasi yang populer di Lampung. Kolam renang ini menawarkan berbagai fasilitas yang lengkap, seperti kolam renang dewasa, kolam renang anak, seluncuran air, dan area bermain anak. Kolam Renang Stadion Tejosari juga memiliki suasana yang nyaman dan aman, sehingga cocok untuk menghabiskan waktu bersama keluarga.

Fasilitas:
Kolam renang dewasa
Kolam renang anak
Seluncuran air
Area bermain anak
Gazebo
Kamar bilas
Tempat parkir

Aktivitas yang dapat dilakukan:
Berenang
Bermain air
Bersantai di gazebo
Bermain di area bermain anak","V82M+H44, Jl. Raya Stadion, Tejosari, Kec. Metro Tim., Kabupaten Lampung Timur, Lampung 34124","78c80a91-ae92-4127-89e6-d56c1c1c470d","Wisata Rekreasi (Buatan)","kolam renang, kolam renang stadion tejosari, lampung timur, wisata air, wisata buatan","15000"
"cbaa318c-74a2-4dbe-9a90-cde1403d2364","Trisulla Swimmingpool Jaya","Trisulla Swimmingpool Jaya adalah tempat yang sempurna untuk bersenang-senang bersama keluarga. Nikmati kesegaran air, berbagai wahana air, dan fasilitas pendukung lainnya.

Fasilitas:

Kolam renang dewasa
Kolam renang anak
Tempat duduk
Toilet

Aktivitas:

Berenang
Bermain air
Bersantai
Piknik

Jam Operasional:

Biasanya buka setiap hari, namun sebaiknya konfirmasi terlebih dahulu.","R6WG+M3, Adipuro, Trimurjo, Central Lampung Regency, Lampung","78c80a91-ae92-4127-89e6-d56c1c1c470d","Wisata Rekreasi (Buatan)","lampung tengah, trimurjo, trisulla swimmingpool jaya, wisata buatan","0"
"acd061ef-d92b-4bd8-8bfa-a5bc74c08928","Kolam Renang Over Land","Kolam Renang Over Land adalah tempat rekreasi yang populer di Lampung. Kolam renang ini menawarkan berbagai fasilitas yang lengkap, seperti kolam renang dewasa, kolam renang anak, seluncuran air, dan area bermain anak. Kolam Renang Over Land juga memiliki suasana yang nyaman dan aman, sehingga cocok untuk menghabiskan waktu bersama keluarga.

Fasilitas:
Kolam renang dewasa
Kolam renang anak
Seluncuran air
Area bermain anak
Gazebo
Kamar bilas
Tempat parkir

Aktivitas yang dapat dilakukan:
Berenang
Bermain air
Bersantai di gazebo
Bermain di area bermain anak","Jl. Nabang Baru Kidul No.2, Girikarto, Kec. Marga Tiga, Kabupaten Lampung Timur, Lampung 34386","78c80a91-ae92-4127-89e6-d56c1c1c470d","Wisata Rekreasi (Buatan)","kolam renang, kolam renang over land, lampung timur, wisata air, wisata rekreasi","10000"
"dc18bf11-1cfc-463d-9d1d-4bba8b758296","Kolam Renang Tersayang","Kolam Renang Tersayang adalah tempat rekreasi yang menawarkan kolam renang dengan berbagai fasilitas yang lengkap, seperti kolam renang dewasa, kolam renang anak, seluncuran air, dan area bermain anak. Kolam Renang Tersayang juga memiliki suasana yang nyaman dan aman, sehingga cocok untuk menghabiskan waktu bersama keluarga.

Fasilitas:
Kolam renang dewasa
Kolam renang anak
Seluncuran air
Area bermain anak
Gazebo
Kamar bilas
Tempat parkir

Aktivitas yang dapat dilakukan:
Berenang
Bermain air
Bersantai di gazebo
Bermain di area bermain anak","288M+7JP, Purwosari, Batanghari Nuban, East Lampung Regency, Lampung 34384","78c80a91-ae92-4127-89e6-d56c1c1c470d","Wisata Rekreasi (Buatan)","kolam renang, lampung timur, wisata air, wisata buatan","10000"
"96320c5f-69c3-4ecb-b0b2-d8797ab58ba8","Kolam Renang 4A","Kolam Renang 4a adalah tempat rekreasi yang populer di Pekalongan, Lampung. Kolam renang ini menawarkan berbagai fasilitas yang lengkap, seperti kolam renang dewasa, kolam renang anak, seluncuran air, dan area bermain anak. Kolam Renang 4a juga memiliki suasana yang nyaman dan aman, sehingga cocok untuk menghabiskan waktu bersama keluarga.

Fasilitas:
Kolam renang dewasa
Kolam renang anak
Seluncuran air
Area bermain anak
Gazebo
Kamar bilas
Tempat parkir

Aktivitas yang dapat dilakukan:
Berenang
Bermain air
Bersantai di gazebo
Bermain di area bermain anak","W976+H5, Pekalongan, East Lampung Regency, Lampung","78c80a91-ae92-4127-89e6-d56c1c1c470d","Wisata Rekreasi (Buatan)","kolam renang, kolam renang 4a, lampung timur, waterboom, wisata buatan","10000"
"a120cee1-7680-47f7-97be-2439ae898dc6","Waterpark Poncowarno","Waterpark Poncowarno adalah tempat yang sempurna untuk bersenang-senang bersama keluarga. Nikmati kesegaran air, berbagai wahana air, dan fasilitas pendukung lainnya.

Fasilitas:

Kolam renang dewasa
Kolam renang anak
Seluncuran air
Tempat duduk
Warung makan
Toilet

Aktivitas:

Berenang
Bermain air
Bersantai
Piknik

Jam Operasional:

Biasanya buka setiap hari, namun sebaiknya konfirmasi terlebih dahulu.","RXH8+QV, Ponco Warno, Kalirejo, Central Lampung Regency, Lampung","78c80a91-ae92-4127-89e6-d56c1c1c470d","Wisata Rekreasi (Buatan)","kalirejo, lampung tengah, waterpark poncowarno, wisata buatan","0"
"41218157-2d2d-4ff0-96bd-169b1701db2c","Kolam Renang Tirta Mulya","Kolam Renang Tirta Mulya Mesuji merupakan salah satu destinasi wisata air yang cukup populer di wilayah Mesuji, Lampung. Kolam renang ini dikelola oleh Badan Usaha Milik Desa (BUMDes) dan menawarkan suasana yang menyegarkan serta berbagai fasilitas yang cukup lengkap untuk bersantai bersama keluarga atau teman-teman. Keunikan Konsep: Kolam renang ini tidak hanya menawarkan kolam renang biasa, tetapi juga terdapat embung atau danau kecil yang bisa digunakan untuk memancing atau berdayung perahu. Konsep yang unik ini membuat pengunjung memiliki lebih banyak pilihan aktivitas.
Fasilitas Lengkap: Selain kolam renang dan embung, terdapat juga fasilitas pendukung lainnya seperti gazebo, tempat parkir yang luas, dan warung makan.
Harga Terjangkau: Harga tiket masuk kolam renang ini relatif terjangkau, sehingga cocok untuk semua kalangan.
Alam yang Asri: Letaknya yang berada di pedesaan membuat suasana di sekitar kolam renang ini sangat asri dan jauh dari kebisingan kota.","XW9P+XR7, Jl. Raya Mesuji Makmur, Sumber Mulya, Kec. Mesuji Makmur, Kabupaten Ogan Komering Ilir, Sumatera Selatan 30681","78c80a91-ae92-4127-89e6-d56c1c1c470d","Wisata Rekreasi (Buatan)","kolam renang tirta mulya, mesuji, waterboom, wisata mesuji","25000"
"dd15cca6-8954-4d82-b0ce-3f9bedc16f23","Waterboom Sedyo Mulyo Sari","Waterboom Sedyo Mulyo Sari Mesuji merupakan sebuah destinasi wisata air yang sedang dikembangkan di Desa Sedyo Mulyo, Kecamatan Mesuji Raya, Kabupaten Ogan Komering Ilir (OKI), Provinsi Sumatera Selatan. Proyek ini menjanjikan sebuah wahana bermain air yang seru dan lengkap, serta diharapkan dapat menjadi ikon wisata baru di wilayah tersebut. Tahap Pembangunan: Saat ini pembangunan masih dalam proses, namun sudah cukup menarik minat pengunjung.
Luas Lahan: Lahan yang digunakan mencapai 5 hektar, dengan 2 hektar diperuntukkan untuk wahana air dan 3 hektar untuk pengembangan agro wisata lainnya.
Fasilitas: Selain wahana air, direncanakan juga akan ada taman untuk berfoto, area outbound, saung untuk bersantai, serta ruang pertemuan.
Potensi: Diharapkan dapat meningkatkan perekonomian masyarakat sekitar, menjadi sumber pendapatan asli daerah (PAD), dan menjadi ikon wisata baru di Kecamatan Mesuji Raya.
Target Pengunjung: Wisatawan keluarga dan umum yang mencari hiburan air.","82WQ+V5J, Sedyo Mulyo, Mesuji Raya, Ogan Komering Ilir Regency, South Sumatra 30672","78c80a91-ae92-4127-89e6-d56c1c1c470d","Wisata Rekreasi (Buatan)","mesuji, mulyo sari, waterboom mesuji, wisata mesuji","25000"
"d23e89a5-1a80-4477-b8e6-caa2369d193e","Kolam Renang Bonetan","Kolam Renang Bonetan adalah tempat rekreasi yang menyuguhkan kesegaran dan kesenangan bagi seluruh anggota keluarga. Nikmati berbagai fasilitas kolam renang yang lengkap dan suasana yang nyaman.

Fasilitas:
Kolam renang dewasa
Kolam renang anak
Seluncuran air
Area bermain anak
Gazebo
Kamar bilas
Tempat parkir

Aktivitas yang dapat dilakukan:
Berenang
Bermain air
Bersantai di gazebo
Bermain di area bermain anak","VCCV+CX7, Unnamed Road, Sumber Gede, Kec. Sekampung, Kabupaten Lampung Timur, Lampung 34382","78c80a91-ae92-4127-89e6-d56c1c1c470d","Wisata Rekreasi (Buatan)","kolam renang, kolam renang bonetan, lampung timur, waterboom, wisata buatan","10000"
"ab3a8464-083c-4004-a4aa-b2a31a5b308f","Kolam Renang Tirta Golden","Kolam Renang Tirta Golden adalah tempat rekreasi yang menyuguhkan kesegaran dan kesenangan bagi seluruh anggota keluarga. Nikmati berbagai fasilitas kolam renang yang lengkap dan suasana yang nyaman.

Fasilitas:
Kolam renang dewasa
Kolam renang anak
Seluncuran air
Area bermain anak
Gazebo
Kamar bilas
Tempat parkir

Aktivitas yang dapat dilakukan:
Berenang
Bermain air
Bersantai di gazebo
Bermain di area bermain anak","V96G+R6P, Jl. Majapahit, Batang Harjo, Kec. Batanghari, Kabupaten Lampung Timur, Lampung 34381","78c80a91-ae92-4127-89e6-d56c1c1c470d","Wisata Rekreasi (Buatan)","kolam renang, kolam tirta golden, lampung timur, wisata buatan, wisata kolam renang","10000"
"cb579469-162c-4947-b6cb-f14d67866da9","Kolam Renang Intana","Kolam Renang Intana adalah tempat rekreasi yang menyuguhkan kesegaran dan kesenangan bagi seluruh anggota keluarga. Nikmati berbagai fasilitas kolam renang yang lengkap dan suasana yang nyaman.

Fasilitas:
Kolam renang dewasa
Kolam renang anak
Seluncuran air
Area bermain anak
Gazebo
Kamar bilas
Tempat parkir

Aktivitas yang dapat dilakukan:
Berenang
Bermain air
Bersantai di gazebo
Bermain di area bermain anak","Sumber Gede, Sekampung, East Lampung Regency, Lampung 34382","78c80a91-ae92-4127-89e6-d56c1c1c470d","Wisata Rekreasi (Buatan)","kolam renang, kolam renang intana, lampung timur, waterboom, wisata buatan","10000"
"90b8adea-9084-4012-bbc4-0fc0d062868a","Kolam Renang Berkah Mandiri","olam Renang Berkah Mandiri adalah tempat rekreasi yang menyuguhkan kesegaran dan kesenangan bagi seluruh anggota keluarga. Nikmati berbagai fasilitas kolam renang yang lengkap dan suasana yang nyaman.

Fasilitas:
Kolam renang dewasa
Kolam renang anak
Seluncuran air
Area bermain anak
Gazebo
Kamar bilas
Tempat parkir","Jl. Majapahit, Bumi MAS, Kec. Batanghari, Kabupaten Lampung Timur, Lampung 34381","78c80a91-ae92-4127-89e6-d56c1c1c470d","Wisata Rekreasi (Buatan)","kolam renang, kolam renang berkah mandiri, lampung timur, waterboom, wisata buatan","10000"
"54e06022-e93f-4f46-be24-e641aecd4d88","Taman Maskot Lampung Timur","Taman Maskot adalah taman kota yang terletak di pusat Kabupaten Lampung Timur. Diresmikan pada tahun 2008, taman ini menjadi tempat favorit bagi warga untuk bersantai dan berolahraga. Dengan berbagai fasilitas seperti taman bermain anak, lapangan olahraga, dan area piknik, Taman Maskot cocok untuk semua kalangan usia. Lokasinya yang strategis, di persimpangan jalan antara Kota Metro, Kotagajah, dan Sukadana, membuat taman ini mudah dijangkau","XC4G+83F, Gedung Dalam, Batanghari Nuban, East Lampung Regency, Lampung 34372","78c80a91-ae92-4127-89e6-d56c1c1c470d","Wisata Rekreasi (Buatan)","lampung timur, taman maskot lampung timur, taman wisata, wisata buatan","0"
"2145aa1c-3657-4518-b3e4-381f78f7153b","Agrowisata Kebun Jeruk Bapak Dalimin","Agrowisata Kebun Jeruk Bapak Dalimin adalah tempat wisata yang menawarkan pengalaman memetik jeruk langsung dari pohonnya. Tempat ini memiliki kebun jeruk yang luas dan pemandangan yang indah.

Fasilitas:
Kebun jeruk
Area piknik
Toilet

Aktivitas yang dapat dilakukan:
Memetik jeruk
Berfoto
Bermain di area piknik","MFRV+3M4, Gunung Agung, Sekampung Udik, East Lampung Regency, Lampung 34384","18ac88c6-7cfa-4a02-bd37-9be79d112fa1","Wisata Agro","lampung timur, wisata agro, wisata kebun jeruk","10000"
"80a29c00-1d05-456e-b4f1-b37ed23c2b96","Taman Terapi Ikan Braja Emas","Taman Terapi Ikan Braja Emas adalah tempat wisata yang menawarkan terapi ikan. Terapi ikan adalah terapi yang menggunakan ikan untuk merangsang saraf dan meningkatkan sirkulasi darah.

Fasilitas:
Kolam ikan
Kursi santai
Toilet

Aktivitas yang dapat dilakukan:
Terapi ikan
Berendam kaki di kolam ikan
Berfoto","PQX9+VJC, Braja Emas, Way Jepara, East Lampung Regency, Lampung 34396","78c80a91-ae92-4127-89e6-d56c1c1c470d","Wisata Rekreasi (Buatan)","lampung timur, wisata buatan, wisata terapi ikan braja emas","10000"
"9fcc7568-77b4-4b23-8cd1-c258009fd611","Taman Persinggahan Lumut Batu","Taman Persinggahan Lumut Batu adalah tempat wisata yang menawarkan keindahan alam yang menakjubkan. Tempat ini memiliki danau yang indah, hutan yang lebat, dan berbagai macam satwa liar.

Fasilitas:
Area piknik
Trek hiking

Aktivitas yang dapat dilakukan:
Berenang
Hiking
Berkemah","PMCW+79, Bandar Agung, Bandar Sribawono, East Lampung Regency, Lampung 34389","8f6ba969-d3ab-4d75-b8b9-dbc4912f92b2","Wisata Alam","lampung timur, taman persinggahan lumut batu, wisata alam, wisata danau","0"
"9a3760d9-659b-4f82-8644-ede4a0464990","Agro Wisata Jeruk BW Hana","Agro Wisata Jeruk BW Hana adalah tempat wisata yang menawarkan pengalaman memetik jeruk langsung dari pohonnya. Tempat ini memiliki kebun jeruk yang luas dan pemandangan yang indah.

Fasilitas:
Kebun jeruk
Area piknik
Toilet

Aktivitas yang dapat dilakukan:
Memetik jeruk
Berfoto
Bermain di area piknik","R8CJ+HX4, Unnamed Road, Margo Toto, Kec. Metro Kibang, Kabupaten Lampung Timur, Lampung 34335","18ac88c6-7cfa-4a02-bd37-9be79d112fa1","Wisata Agro","lampung timur, wisata agro, wisata kebun jeruk","10000"
"d43ee1b7-6381-4068-8055-8107d459327b","Kolam Renang Punggur","Kolam Renang Punggur adalah tempat yang sempurna untuk bersenang-senang bersama keluarga. Nikmati kesegaran air, berbagai wahana air, dan fasilitas pendukung lainnya.

Fasilitas:

Kolam renang dewasa
Kolam renang anak
Seluncuran air
Tempat duduk
Warung makan
Toilet

Aktivitas:

Berenang
Bermain air
Bersantai
Piknik

Jam Operasional:

Biasanya buka setiap hari, namun sebaiknya konfirmasi terlebih dahulu.","Jl. Irian 2 No.2, Toto Katon, Kec. Punggur, Kabupaten Lampung Tengah, Lampung","78c80a91-ae92-4127-89e6-d56c1c1c470d","Wisata Rekreasi (Buatan)","kolam renang punggur, lampung tengah, punggur, wisata buatan","0"
"2e369faf-b82f-43a3-8b47-88f31dc9cc0d","Wisata petik jeruk pak Budi 2","Wisata petik jeruk pak Budi adalah tempat wisata yang menawarkan pengalaman memetik jeruk langsung dari pohonnya. Tempat ini memiliki kebun jeruk yang luas dan pemandangan yang indah.

Fasilitas:
Kebun jeruk
Area piknik
Toilet

Aktivitas yang dapat dilakukan:
Memetik jeruk
Berfoto
Bermain di area piknik","Margo Toto, Metro Kibang, East Lampung Regency, Lampung","18ac88c6-7cfa-4a02-bd37-9be79d112fa1","Wisata Agro","lampung timur, petik jeruk, wisata agro","10000"
"72ba0b3b-1ed5-4c46-9cdd-031b15ca1c08","Kolam Renang 12a","Kolam Renang 12a adalah tempat yang sempurna untuk bersenang-senang bersama keluarga. Nikmati kesegaran air, berbagai wahana air, dan fasilitas pendukung lainnya.

Fasilitas:

Kolam renang dewasa
Kolam renang anak
Seluncuran air
Tempat duduk
Warung makan
Toilet

Aktivitas:

Berenang
Bermain air
Bersantai
Piknik

Jam Operasional:

Biasanya buka setiap hari, namun sebaiknya konfirmasi terlebih dahulu.","Jl. Buton, Tempuran, Kec. Trimurjo, Kabupaten Lampung Tengah, Lampung 34125","78c80a91-ae92-4127-89e6-d56c1c1c470d","Wisata Rekreasi (Buatan)","kolam renang 12a, lampung tengah, trimurjo, wisata buatan","5000"
"eb4fb147-6ef9-450a-8510-b18715ac94ab","Way Tebing Cepa","Way Tebing Cepa adalah destinasi wisata alam yang menawarkan kesegaran dan keindahan alam Lampung Selatan. Dengan airnya yang jernih dan segar, serta suasana yang tenang, tempat ini menjadi pilihan tepat untuk melepas penat dan menikmati keindahan alam.

Fasilitas:
Kolam Renang Alami: Kolam renang alami dengan air yang jernih dan segar, langsung dari sumber mata air.
Area Bermain: Area bermain anak-anak dengan berbagai wahana sederhana.
Warung Makan: Menyediakan berbagai macam makanan dan minuman.
Kamar Mandi Umum: Tersedia kamar mandi umum dengan air bersih.
Area Parkir: Tempat parkir yang cukup luas untuk menampung kendaraan pengunjung.
Aktivitas yang Dapat Dilakukan:

Berenang: Menikmati kesegaran air kolam alami.
Bersantai: Bersantai di tepi kolam sambil menikmati pemandangan alam.
Bermain air: Bermain air bersama keluarga atau teman-teman.
Piknik: Membawa bekal dan menikmati piknik di area yang telah disediakan.
Fotografi: Mengabadikan momen indah di sekitar kolam.

Jam Operasional:
Biasanya buka 24 jam, namun disarankan untuk datang pada pagi atau sore hari untuk menghindari keramaian.

Tips:
Bawa perlengkapan renang: Jika ingin berenang.
Bawa tikar atau alas: Untuk bersantai di tepi kolam.
Jaga kebersihan: Buang sampah pada tempatnya agar lingkungan tetap bersih.
Hati-hati terhadap anak-anak: Awasi anak-anak saat bermain di sekitar kolam.","7M34+RH Kalianda, Kabupaten Lampung Selatan, Lampung","8f6ba969-d3ab-4d75-b8b9-dbc4912f92b2","Wisata Alam","lampung selatan, way tebing cepa, wisata alam","5000"
"24044edf-44c8-4d66-bea3-2263d784e1b1","Prasasti Palas Pasemah","Prasasti Palas Pasemah adalah sebuah prasasti bersejarah yang ditemukan di Lampung Selatan. Prasasti ini merupakan bukti otentik tentang keberadaan Kerajaan Sriwijaya di wilayah Lampung pada masa lalu. Dengan aksara Pallawa dan bahasa Melayu Kuno, prasasti ini menyimpan banyak informasi penting tentang sejarah dan budaya Nusantara.

Fasilitas:
Tanda penunjuk: Tanda yang menunjukkan lokasi pasti prasasti.
Papan informasi: Papan yang memberikan informasi singkat tentang sejarah dan makna prasasti.
Jalur setapak: Jalur untuk mencapai lokasi prasasti.
Area parkir: Tersedia area parkir terbatas.

Aktivitas yang Dapat Dilakukan:
Melihat langsung prasasti: Mengamati langsung bentuk, ukuran, dan tulisan pada prasasti.
Membaca informasi: Membaca papan informasi untuk memahami sejarah dan makna prasasti.
Berfoto: Mengabadikan momen di sekitar prasasti.
Belajar sejarah: Mendapatkan pengetahuan tentang sejarah Kerajaan Sriwijaya dan pengaruhnya di wilayah Lampung.

Jam Operasional:
Terbuka untuk umum: Tidak ada batasan waktu khusus untuk mengunjungi prasasti.

Tips:
Bawa kamera: Untuk mengabadikan momen bersejarah di prasasti ini.
Kenakan pakaian yang nyaman: Karena Anda akan banyak berjalan.
Jangan merusak prasasti: Jaga kelestarian prasasti sebagai warisan budaya.
Cari informasi lebih lanjut: Jika ingin mengetahui lebih dalam tentang prasasti ini, Anda bisa mencari informasi tambahan dari sumber-sumber yang terpercaya.","9MFR+MV6, Palas Pasemah, Kec. Palas, Kabupaten Lampung Selatan, Lampung 35594","bc7c6dcb-d4d3-4158-97ac-e447b2878f3f","Wisata Budaya","lampung selatann, prasasti palas pasemah, wisata budaya","0"
"5569a4af-d2c4-4e9a-b8ca-a727eff162c8","Pantai Batu Putih Bahari","Pantai Batu Putih Bahari adalah destinasi wisata pantai yang menawarkan keindahan alam yang menakjubkan. Dengan hamparan pasir putih yang lembut, batu-batu karang unik berwarna putih, dan deburan ombak yang menenangkan, pantai ini menjadi surga bagi para pencinta pantai.

Fasilitas:
Area parkir: Cukup luas untuk menampung kendaraan pengunjung.
Warung makan: Menjual berbagai macam makanan dan minuman.
Toilet umum: Tersedia untuk kenyamanan pengunjung.
Spot foto: Banyak spot menarik untuk berfoto dengan latar belakang pantai yang indah.
Gazebo: Tempat bersantai sambil menikmati pemandangan pantai.
Aktivitas yang Dapat Dilakukan:

Berjemur: Menikmati sinar matahari sambil bersantai di tepi pantai.
Bermain air: Berenang, berselancar, atau sekadar bermain air di tepi pantai.
Memancing: Bagi yang menyukai memancing, bisa mencoba memancing di sekitar pantai.
Berkemah: Bagi yang ingin menikmati suasana malam di pantai, bisa berkemah dengan izin pengelola.
Berjalan-jalan menyusuri pantai: Menikmati keindahan pantai sambil mencari spot-spot foto yang menarik.

Jam Operasional:
Buka setiap hari pukul 08.00—17.00 WIB.

Tips:
Bawa perlengkapan pantai: Seperti handuk, sunscreen, topi, dan kacamata hitam.
Jaga kebersihan: Buang sampah pada tempatnya agar pantai tetap bersih.
Hati-hati saat berenang: Perhatikan ombak dan arus sebelum berenang.
Jangan merusak lingkungan: Jangan merusak terumbu karang atau ekosistem pantai lainnya.","7Q7V+FWW, Ketapang, Kec. Ketapang, Kabupaten Lampung Selatan, Lampung 35596","8f6ba969-d3ab-4d75-b8b9-dbc4912f92b2","Wisata Alam","lampung selatan, pantai batu putih bahari, wisata alam","10000"
"eb09c8c6-099c-4610-ac40-d0f8b639b244","Menara Siger Lampung","Menara Siger adalah ikon Provinsi Lampung yang menjadi simbol identitas dan kebanggaan masyarakat Lampung. Dengan desain yang unik menyerupai siger (mahkota pengantin adat Lampung), menara ini menawarkan pemandangan kota yang indah dari ketinggian.

Fasilitas:
Dek observasi: Tempat utama untuk menikmati pemandangan kota dari ketinggian.
Area parkir: Cukup luas untuk menampung kendaraan pengunjung.
Toilet umum: Tersedia untuk kenyamanan pengunjung.
Warung makan dan minuman: Menyediakan berbagai pilihan makanan dan minuman.
Spot foto: Banyak spot menarik untuk berfoto dengan latar belakang menara dan pemandangan kota.

Aktivitas yang dapat dilakukan:
Menikmati pemandangan kota: Mengagumi keindahan kota Bandar Lampung dari ketinggian.
Berfoto: Mengabadikan momen dengan latar belakang menara yang ikonik.
Belajar sejarah: Mengetahui sejarah dan makna dari Menara Siger.
Bersantai: Menikmati suasana yang tenang sambil menikmati pemandangan.
Berkunjung bersama keluarga atau teman: Tempat yang cocok untuk menghabiskan waktu bersama orang terkasih.

Jam operasional:
Biasanya buka 24 jam, namun disarankan untuk datang saat cuaca cerah agar pemandangan lebih jelas.

Tips:
Datang saat cuaca cerah: Untuk mendapatkan pemandangan kota yang terbaik.
Bawa kamera: Agar bisa mengabadikan momen indah di sini.
Kenakan pakaian yang nyaman: Karena Anda akan banyak berjalan-jalan.
Hati-hati saat mengambil foto: Pastikan Anda berada di tempat yang aman.","Jl. Lintas Sumatra, Bakauheni, Kec. Bakauheni, Kabupaten Lampung Selatan, Lampung 35592","bc7c6dcb-d4d3-4158-97ac-e447b2878f3f","Wisata Budaya","lampung selatan, menara siger lampung, wisata budaya","5000"
"ec7b9412-90c3-4fa4-81c4-a154b50de033","Pantai Sukaraja","Pantai Sukaraja adalah salah satu destinasi wisata pantai yang populer di Lampung Selatan. Dengan garis pantai yang panjang dan pasir yang lembut, pantai ini menawarkan keindahan alam yang menawan. Pantai Sukaraja cocok untuk Anda yang ingin bersantai, menikmati deburan ombak, atau sekadar mencari ketenangan.

Fasilitas:
Area parkir: Cukup luas untuk menampung kendaraan pengunjung.
Warung makan: Menjual berbagai macam makanan dan minuman.
Toilet umum: Tersedia untuk kenyamanan pengunjung.
Tempat duduk: Terdapat beberapa tempat duduk untuk bersantai.
Area bermain anak: Cocok untuk keluarga yang membawa anak-anak.

Aktivitas yang Dapat Dilakukan:
Berjemur: Menikmati sinar matahari di tepi pantai.
Bermain air: Berenang atau bermain air di tepi pantai.
Memancing: Bagi yang menyukai kegiatan memancing.
Berjalan-jalan: Menjelajahi sepanjang pantai.
Piknik: Menikmati bekal makanan bersama keluarga atau teman.
Berfoto: Mengabadikan momen indah di pantai.

Jam Operasional:
Buka 24 jam: Pengunjung bebas datang kapan saja.

Tips:
Bawa perlengkapan pribadi: Seperti handuk, sunscreen, topi, dan kacamata hitam.
Jaga kebersihan: Buang sampah pada tempatnya.
Hati-hati saat berenang: Perhatikan tanda peringatan dan jangan berenang terlalu jauh dari pantai.","5J89+296, Waymuli, Rajabasa, Kabupaten Lampung Selatan, Lampung","8f6ba969-d3ab-4d75-b8b9-dbc4912f92b2","Wisata Alam","lampung selatan, pantai sukaraja, wisata alam","0"
"2662788e-40f4-471d-ac85-60345652999f","Alun-Alun Mulya Agung","Alun-alun Mulya Agung merupakan salah satu ruang terbuka hijau yang cukup baru dan menjadi kebanggaan masyarakat Kecamatan Way Serdang, Kabupaten Mesuji, Lampung. Dengan desain yang modern dan fasilitas yang lengkap, alun-alun ini menawarkan pengalaman yang berbeda bagi pengunjung.Desain Modern: Alun-alun ini didesain dengan konsep yang modern dan menarik, dengan berbagai elemen estetika yang membuat pengunjung betah berlama-lama.
Fasilitas Lengkap: Dilengkapi dengan berbagai fasilitas seperti tempat bermain anak, area olahraga, tempat duduk yang nyaman, dan juga panggung untuk berbagai acara.
Ruang Terbuka Hijau: Adanya pepohonan rindang dan rumput hijau yang terawat membuat suasana di alun-alun ini terasa sejuk dan nyaman.
Lokasi Strategis: Letaknya yang strategis membuat alun-alun ini mudah diakses oleh masyarakat dari berbagai penjuru.","Agung Batin, Kec. Simpang Pematang, Kabupaten Mesuji, Lampung 34698","78c80a91-ae92-4127-89e6-d56c1c1c470d","Wisata Rekreasi (Buatan)","agung batin, alun alun, mesuji, mulya agung, wisata mesuji","0"
"f6c186aa-10bc-4ad7-8fd8-3e05c9b91227","Museum Purbakala","Museum Purbakala adalah museum yang terletak di Pugung Raharjo, Kecamatan Sekampung Udik, Kabupaten Lampung Timur, Lampung, Indonesia. Museum ini memiliki koleksi artefak purbakala yang sangat kaya, termasuk fosil manusia purba, alat-alat batu, dan keramik.

Fasilitas:
Ruang pameran
Laboratorium
Perpustakaan

Aktivitas yang dapat dilakukan:
Melihat koleksi artefak purbakala
Belajar tentang sejarah dan budaya Lampung","MHX6+CMW, Pugung Raharjo, Sekampung Udik, East Lampung Regency, Lampung 34384","bc7c6dcb-d4d3-4158-97ac-e447b2878f3f","Wisata Budaya","lampung timur, museum purbakala, wisata budaya, wisata museum","0"
"12eaf6d2-e854-48e2-93d2-ba5f942b53cb","Alun Alun Desa Hadimulyo","Alun-alun Desa Hadimulyo merupakan salah satu ruang terbuka hijau yang menjadi pusat aktivitas masyarakat di Desa Hadimulyo, Kecamatan Way Serdang, Kabupaten Mesuji, Lampung. Sebagai jantung desa, alun-alun ini tidak hanya berfungsi sebagai tempat rekreasi, tetapi juga menjadi pusat kegiatan sosial dan budaya masyarakat setempat. Alun-alun ini menawarkan suasana yang tenang dan nyaman bagi siapa saja yang berkunjung. Beberapa keunikan dan fasilitas yang bisa Anda temukan di sini antara lain:

Ruang Terbuka Hijau: Dilengkapi dengan pepohonan rindang dan rerumputan hijau yang terawat, alun-alun ini menjadi tempat yang sejuk untuk bersantai.
Tempat Bermain Anak: Tersedia berbagai macam permainan anak seperti ayunan, perosotan, dan jungkitan, sehingga anak-anak dapat bermain dengan gembira.
Tempat Olahraga: Alun-alun ini juga dilengkapi dengan fasilitas olahraga seperti lapangan voli dan lapangan sepak bola, sehingga masyarakat dapat berolahraga secara bersama-sama.
Tempat Bersantai: Tersedia bangku-bangku taman yang nyaman untuk bersantai sambil menikmati pemandangan sekitar.
Panggung: Sering digunakan untuk berbagai acara seperti pertunjukan seni, pentas musik, atau kegiatan masyarakat lainnya.","Hadi Mulyo, Kec. Way Serdang, Kabupaten Mesuji, Lampung 34698","78c80a91-ae92-4127-89e6-d56c1c1c470d","Wisata Rekreasi (Buatan)","alun alun hadimulyo, mesuji, way serdang, wisata mesuji","0"
"96ca8921-faf6-40a9-b4aa-b6caa921a492","Wisata Sumber Agung","Sumber Agung adalah sebuah desa yang terletak di Kabupaten Tulang Bawang, Lampung. Meskipun lebih dikenal sebagai daerah pedesaan, Sumber Agung menyimpan potensi wisata yang menarik, terutama bagi Anda yang menyukai keindahan alam dan suasana pedesaan yang tenang. Meskipun belum terlalu banyak dikembangkan sebagai destinasi wisata, Sumber Agung memiliki beberapa potensi wisata yang menjanjikan, antara lain:

Pesona Alam Pedesaan: Sumber Agung dikelilingi oleh pemandangan alam pedesaan yang hijau dan asri. Sawah-sawah terbentang luas, sungai mengalir tenang, dan udara yang segar akan membuat Anda merasa rileks.Potensi Agrowisata: Sebagai daerah pertanian, Sumber Agung memiliki potensi besar untuk dikembangkan menjadi destinasi agrowisata. Pengunjung dapat belajar tentang proses pertanian, memanen hasil bumi, atau bahkan menginap di homestay milik petani.
Wisata Kuliner: Kuliner khas daerah menjadi daya tarik tersendiri. Anda bisa mencicipi berbagai macam makanan tradisional yang lezat dan unik.
Wisata Budaya: Sumber Agung memiliki kekayaan budaya yang masih terjaga. Anda dapat mengunjungi desa-desa adat, menyaksikan tarian tradisional, atau mengikuti upacara adat.","PHQG+23F, Sumber Agung, Kec. Rw. Pitu, Kab. Tulang Bawang, Lampung 34595","78c80a91-ae92-4127-89e6-d56c1c1c470d","Wisata Rekreasi (Buatan)","taman sawah, tulang bawang, wisata sumber agung, wisata tulang bawang","5000"
"99416205-c5f1-414d-a956-82d273355a4e","Air Terjun Labuhan Ratu","Air Terjun Labuhan Ratu adalah air terjun yang terletak di Desa Labuhan Ratu, Kecamatan Labuhan Ratu, Kabupaten Lampung Timur, Lampung, Indonesia. Air terjun ini dikelilingi oleh hutan yang lebat dan memiliki pemandangan yang menakjubkan.

Aktivitas yang dapat dilakukan:
Berenang
Bermain air
Hiking","RJQW+8XM, Jl. Syuhada, Labuhan Ratu Tiga, Kec. Labuhan Ratu, Kabupaten Lampung Timur, Lampung 34375","8f6ba969-d3ab-4d75-b8b9-dbc4912f92b2","Wisata Alam","air terjun, air terjun labuhan rati, lampung timur, wisata air terjun, wisata alam","0"
"22da9e6b-cc24-43d8-85de-a8cc7615b280","Taman Bunderan Pasar Lama","Taman Bunderan Pasar Lama Menggala adalah salah satu ruang terbuka hijau yang menjadi ikonik di kota Menggala, Tulang Bawang. Dengan lokasinya yang strategis di tengah-tengah hiruk pikuk kota, taman ini menawarkan oase ketenangan bagi warga sekitar. Taman Bunderan Pasar Lama Menggala memiliki daya tarik tersendiri yang membuatnya begitu istimewa:

Desain yang Menarik: Dengan bentuk bundaran yang khas, taman ini dilengkapi dengan berbagai elemen dekoratif seperti patung, tanaman hias, dan tempat duduk yang nyaman.Lokasi Strategis: Berada di pusat kota, taman ini mudah diakses oleh masyarakat. Selain itu, lokasinya yang berdekatan dengan pasar tradisional membuat taman ini menjadi tempat yang ramai dikunjungi.
Suasana yang Tenang: Meskipun berada di tengah kota, suasana di taman ini cukup tenang dan nyaman. Pohon-pohon rindang memberikan keteduhan yang menyegarkan.
Tempat Berkumpul: Taman ini menjadi tempat favorit bagi warga untuk berkumpul, bersantai, atau sekadar menikmati suasana sore hari.","Jl. 3 Lingkungan Kibang No.137, Menggala Kota, Kec. Menggala, Kab. Tulang Bawang, Lampung 34611","78c80a91-ae92-4127-89e6-d56c1c1c470d","Wisata Rekreasi (Buatan)","taman menggala, taman pasar lama, tulang bawang, wisata tuba","0"
"f030b69d-d894-41c0-a02a-c2965869381c","Menggala Ranch","Menggala Ranch adalah sebuah destinasi wisata yang menarik bagi para pecinta kuda dan alam. Terletak di Kabupaten Tulang Bawang, Lampung, tempat ini menawarkan pengalaman unik berinteraksi dengan kuda dan menikmati keindahan alam pedesaan. 
Menggala Ranch menyajikan berbagai aktivitas menarik yang dapat dinikmati oleh pengunjung dari segala usia, antara lain:

Berkuda: Pengunjung dapat mencoba pengalaman berkuda di atas kuda-kuda yang terlatih dan ramah. Ada berbagai paket berkuda yang ditawarkan, mulai dari berkuda santai mengelilingi area ranch hingga mengikuti pelatihan berkuda.
Memberi Makan Kuda: Pengunjung dapat berinteraksi langsung dengan kuda-kuda dengan memberikan makan. Ini adalah pengalaman yang menyenangkan, terutama bagi anak-anak.
Menonton Pertunjukan Kuda: Secara berkala, Menggala Ranch mengadakan pertunjukan berkuda yang menarik, seperti rodeo mini atau pertunjukan dressage.
Piknik: Area yang luas dan hijau di sekitar ranch sangat cocok untuk dijadikan tempat piknik bersama keluarga atau teman.
Menginap: Bagi yang ingin berlama-lama, Menggala Ranch menyediakan fasilitas penginapan dengan suasana pedesaan yang nyaman.
Menggala Ranch dilengkapi dengan berbagai fasilitas yang menunjang kenyamanan pengunjung, seperti:

Stables: Kandang kuda yang bersih dan nyaman.
Arena Berkuda: Lapangan yang luas untuk latihan dan pertunjukan berkuda.
Area Piknik: Tempat yang teduh dan nyaman untuk bersantai.
Restoran: Menyediakan berbagai hidangan lezat.
Penginapan: Kamar-kamar yang nyaman dengan pemandangan alam yang indah.","Hutan, Tumiyang, Kec. Menggala, Kab. Tulang Bawang","8f6ba969-d3ab-4d75-b8b9-dbc4912f92b2","Wisata Alam","berkuda, menggala ranch, pedesaan asri, tulang bawang, wisata tulang bawang","25000"
"fd999b3d-9f66-46bb-b495-8275098d70f6","Objek Wisata Rimba Danau","Objek Wisata RIMBA DANAU adalah tempat wisata yang menawarkan keindahan alam. Tempat ini memiliki danau yang indah, hutan yang lebat, dan arena perahu bebek untuk menyusuri danau

Fasilitas:
Area piknik
Kolam renang
Perahu dayung
Trek hiking

Aktivitas yang dapat dilakukan:
Berenang
Bermain perahu bebek
Hiking
Berkemah","QMPG+C5, Hutan, East Lampung Regency, Lampung","8f6ba969-d3ab-4d75-b8b9-dbc4912f92b2","Wisata Alam","lampung timur, wisata alam, wisata danau, wisata rimba danau","0"
"ac296ff2-de9a-4701-a9f0-348816cd3db7","Monumen Tulang Bawang","Tulang Bawang, sebuah kabupaten di Provinsi Lampung, memiliki sejumlah monumen yang menjadi saksi bisu perjalanan sejarah dan kebudayaan daerah ini. Monumen-monumen ini tidak hanya menjadi landmark, tetapi juga menyimpan nilai sejarah dan menjadi simbol kebanggaan masyarakat Tulang Bawang. Meskipun tidak secara spesifik disebutkan monumen mana yang ingin Anda ketahui lebih lanjut, berikut ini beberapa monumen terkenal di Tulang Bawang yang mungkin Anda maksud:

Monumen Empat Marga: Monumen ini menjadi salah satu ikon Tulang Bawang. Patung ini menggambarkan empat tokoh penting dalam sejarah Lampung, yang melambangkan persatuan dan kekuatan masyarakat adat Lampung Pepadun.
Tugu Buah Naga: Monumen ini sering menjadi spot foto favorit para wisatawan. Bentuknya yang unik menyerupai buah naga menjadi ciri khas tersendiri.
Monumen Megou Pak: Monumen ini terletak di Kabupaten Tulang Bawang Barat dan menjadi pusat perhatian bagi masyarakat setempat. Monumen ini memiliki nilai sejarah dan budaya yang tinggi.","G63G+J2J, Menggala Sel., Kec. Menggala, Kab. Tulang Bawang, Lampung 34792","bc7c6dcb-d4d3-4158-97ac-e447b2878f3f","Wisata Budaya","menggala, monumen tulang bawang, tulang bawang, wisata tulang bawang","0"
"8d395e93-0d9d-4d06-b754-ca76968570da","Tangga Raja Menggala","Tangga Raja Menggala adalah salah satu situs bersejarah yang menyimpan kisah panjang peradaban di Kabupaten Tulang Bawang, Lampung. Nama ""Tangga Raja"" sendiri mengisyaratkan bahwa tempat ini pernah menjadi lokasi penting bagi para raja atau pemimpin di masa lalu. Meskipun belum ada catatan sejarah yang sangat detail mengenai Tangga Raja, namun dari namanya saja dapat disimpulkan bahwa tempat ini memiliki hubungan erat dengan sejarah kerajaan-kerajaan di wilayah Lampung. Diperkirakan, Tangga Raja pernah menjadi pusat pemerintahan atau tempat berkumpulnya para pemimpin adat.Tempat Pelabuhan: Ada yang berpendapat bahwa Tangga Raja dulunya merupakan pelabuhan yang cukup ramai, mengingat letaknya yang strategis di dekat sungai.
Pusat Pemerintahan: Teori lain menyebutkan bahwa Tangga Raja adalah pusat pemerintahan dari sebuah kerajaan kecil.
Tempat Ritual: Ada juga yang berpendapat bahwa Tangga Raja adalah tempat untuk melaksanakan ritual-ritual adat.","Jl. Raya Gn. Sakti No.299, Ujung Gn., Kec. Menggala, Kab. Tulang Bawang, Lampung 34611","bc7c6dcb-d4d3-4158-97ac-e447b2878f3f","Wisata Budaya","menggala, tangga raja menggala, tulang bawang, wisata budaya","0"
"11331cd7-0243-4a25-b23e-352bd8608507","Embung Panca Mulia","Embung Panca Mulia menyajikan pemandangan alam yang sangat indah, dengan air yang jernih dan dikelilingi oleh pepohonan hijau. Pemandangan ini menjadikannya spot yang sempurna untuk bersantai, piknik, atau sekadar menikmati suasana alam yang tenang. Memancing: Bagi para penggemar memancing, embung ini menawarkan spot yang cukup menantang untuk mendapatkan ikan air tawar.
Berkemah: Bagi yang suka berkemah, area sekitar embung bisa menjadi pilihan yang menarik untuk menikmati suasana malam yang tenang.
Bersepeda: Menyusuri jalan setapak di sekitar embung sambil bersepeda bisa menjadi aktivitas yang menyenangkan.
Fotografi: Dengan pemandangan yang indah, Embung Panca Mulia menjadi spot foto yang instagramable.","M653+3R6, Panca Mulia, Kec. Banjar Baru, Kab. Tulang Bawang, Lampung 34682","78c80a91-ae92-4127-89e6-d56c1c1c470d","Wisata Rekreasi (Buatan)","embung panca mulia, tulang bawang, wisata tulang bawang","10000"
"f63a5bc8-299e-4b18-9863-349a770fbe30","Rawa Pacing","Rawa Pacing adalah salah satu kawasan rawa terbesar di Provinsi Lampung, tepatnya terletak di Kabupaten Tulang Bawang. Dengan luas yang cukup signifikan, rawa ini memiliki potensi yang sangat besar sebagai kawasan konservasi dan wisata alam. Rawa Pacing memiliki beberapa keunikan yang membuatnya begitu istimewa:

Keanekaragaman Hayati: Rawa ini merupakan rumah bagi berbagai macam flora dan fauna, terutama burung-burung migran. Beberapa spesies burung langka bahkan sering terlihat di kawasan ini.
Potensi Ekosistem: Rawa Pacing memiliki peran penting dalam menjaga keseimbangan ekosistem di sekitarnya, seperti mengatur tata air dan mencegah banjir.
Keindahan Alam: Pemandangan alam di sekitar Rawa Pacing sangat indah, dengan hamparan luas air dan tumbuhan air yang hijau.","Unnamed Road, Sungai Luar, Kec. Menggala Tim., Kab. Tulang Bawang, Lampung 34682","8f6ba969-d3ab-4d75-b8b9-dbc4912f92b2","Wisata Alam","rawa pacing, tulang bawang, wisata tuba","0"
"8821376f-58ac-4d2e-a96b-fdeabca46556","Kebun Jeruk Tulang Bawang","Tulang Bawang, sebuah kabupaten di Provinsi Lampung, tidak hanya kaya akan keindahan alamnya, tetapi juga memiliki potensi besar dalam sektor pertanian, khususnya buah-buahan. Salah satu buah yang cukup menonjol adalah jeruk. Dengan iklim tropis yang mendukung, jeruk tumbuh subur di berbagai wilayah di Tulang Bawang, menghasilkan buah yang segar dan berkualitas. Jeruk yang tumbuh di Tulang Bawang memiliki karakteristik yang khas, antara lain:

Rasa Manis Segar: Jeruk Tulang Bawang umumnya memiliki rasa yang manis segar dengan sedikit rasa asam yang menyegarkan.
Daging Buah Tebal: Daging buahnya tebal dan berair, sehingga sangat menyenangkan untuk dinikmati.
Varietas: Terdapat beberapa varietas jeruk yang dibudidayakan di sini, seperti jeruk manis, jeruk nipis, dan jeruk lemon.","V94J+HF, Tri Jaya, Kec. Penawar Tama, Kab. Tulang Bawang, Lampung","18ac88c6-7cfa-4a02-bd37-9be79d112fa1","Wisata Agro","kebun jeruk, tulang bawang, wisata agro, wisata tulang bawang","35000"
"9a927eaf-079a-4ae0-85cb-823194cb486e","Kebun Belimbing Tulang Bawang","Tulang Bawang, sebuah kabupaten di Provinsi Lampung, tidak hanya dikenal dengan keindahan alamnya, tetapi juga kaya akan hasil pertanian, salah satunya adalah belimbing. Buah yang memiliki rasa asam manis segar ini banyak dibudidayakan di daerah ini, sehingga tak heran jika banyak kebun belimbing yang bisa Anda kunjungi. Belimbing yang tumbuh di Tulang Bawang memiliki karakteristik yang unik, yaitu:

Rasa Manis Segar: Belimbing Tulang Bawang umumnya memiliki rasa yang lebih manis dan segar dibandingkan dengan belimbing dari daerah lain.
Daging Buah Tebal: Daging buahnya tebal dan renyah, sehingga sangat menyenangkan untuk dinikmati.
Varietas: Terdapat beberapa varietas belimbing yang dibudidayakan di sini, seperti belimbing wuluh, belimbing manis, dan belimbing madu.","Jl. Cemp. Raya, Kecubung Jaya, Kec. Gedung Aji, Kab. Tulang Bawang, Lampung 34682","18ac88c6-7cfa-4a02-bd37-9be79d112fa1","Wisata Agro","kebun belimbing, tulang bawang, wisata belimbing, wisata tulang bawang","35000"
"512493bd-7e6c-481b-8f9f-2ab477ec260b","Pasar Gemati","Pasar Gemati Banjar Rejo adalah surga bagi pecinta kuliner dan budaya. Di sini, Anda bisa menemukan berbagai jajanan khas Lampung seperti klepon, lontong sayur, dan ayam bakar dengan harga yang terjangkau. Selain itu, Anda juga bisa menikmati pertunjukan gamelan dan wayang yang memukau. Anak-anak bisa menyalurkan kreativitas dengan melukis di area yang telah disediakan. Dengan suasana yang ramah dan nyaman, pasar ini cocok untuk dikunjungi bersama keluarga. Buka setiap Sabtu sore dan Minggu pagi di Jalan Arjuna Gang Melati Dusun Melati Banjar Rejo Batanghari Kabupaten Lampung Timur.","Jl. Arjuna gg melati, Banjar Rejo, Kec. Batanghari, Kabupaten Lampung Timur, Lampung 34381","81b85a03-97bb-4a84-bbe5-fb8fa8a81e9c","Wisata Kuliner","lampung timur, pasar gemati, wisata kuliner","0"
"db1eafc6-5b8e-4643-8341-4a661c7ac6ed","Pantai Agung","Pantai Agung adalah salah satu destinasi wisata pantai yang cukup populer di Kabupaten Tulang Bawang, Lampung. Terletak di kawasan yang masih asri dan jauh dari hiruk pikuk kota, pantai ini menawarkan keindahan alam yang memukau dengan ombak yang cukup besar dan pasir yang lembut. Pantai Agung memiliki pesona alam yang khas dengan ciri khas pantai selatan. Beberapa daya tarik utama Pantai Agung antara lain:
Ombak yang Besar: Pantai ini terkenal dengan ombaknya yang cukup besar, sehingga menjadi surga bagi para peselancar.
Pantai yang Luas: Pantai Agung memiliki garis pantai yang cukup panjang, sehingga pengunjung memiliki banyak ruang untuk bersantai atau bermain pasir.
Pemandangan Sunset: Saat sore hari, pengunjung dapat menikmati keindahan matahari terbenam yang sangat memukau.
Kehidupan Laut: Pantai Agung juga kaya akan kehidupan laut, sehingga pengunjung dapat melakukan aktivitas snorkeling atau diving.","PRJ9+R8M, Bumi Dipasena Agung, Kec. Rawajitu Tim., Kab. Tulang Bawang, Lampung","8f6ba969-d3ab-4d75-b8b9-dbc4912f92b2","Wisata Alam","pantai agung, tulang bawang, wisata pantai, wisata tuba","25000"
"e36ad921-4d32-49be-b6a2-fd3065907dcf","Sarang tawon klanceng","Sarang Tawon Klanceng adalah tempat wisata unik di Lampung Timur yang menawarkan pengalaman berinteraksi dengan tawon klanceng. Tawon klanceng adalah jenis tawon yang menghasilkan madu yang sangat lezat dan berkhasiat. Di sini, pengunjung dapat melihat proses pembuatan madu dan mencicipi madu yang dihasilkan.

Fasilitas:
Observasi sarang tawon klanceng
Penjelasan tentang proses pembuatan madu
Pencicipan madu

Aktivitas yang dapat dilakukan:
Melihat proses pembuatan madu
Mencicipi madu
Belajar tentang manfaat madu","Jl. B12 No.66, Hargomulyo, Kec. Sekampung, Kabupaten Lampung Timur, Lampung 34382","18ac88c6-7cfa-4a02-bd37-9be79d112fa1","Wisata Agro","lampung timur, sarang madu, tawon klanceng, wisata agro, wisata madu","0"
"54e06571-b533-46cb-a77a-7be203c9fe72","Anjungan Cinta","Anjungan Cinta Tulang Bawang adalah sebuah ikonik yang menjadi simbol kasih sayang dan keindahan alam di Kabupaten Tulang Bawang, Lampung. Terletak di kawasan yang strategis dan menawarkan pemandangan yang memukau, Anjungan Cinta ini menjadi destinasi favorit bagi pasangan muda maupun keluarga untuk mengabadikan momen spesial mereka. Selain berfoto, pengunjung juga dapat melakukan berbagai aktivitas menarik di sekitar Anjungan Cinta, seperti:

Piknik: Area di sekitar Anjungan Cinta sangat cocok untuk dijadikan tempat piknik bersama keluarga atau teman.
Berjalan-jalan: Anda bisa berjalan-jalan santai di sekitar taman sambil menikmati udara segar.
Menikmati Kuliner: Terdapat beberapa warung makan yang menyediakan berbagai macam kuliner khas Lampung.","QQ3W+XM6, Bumi Dipasena Jaya, Kec. Rawajitu Tim., Kab. Tulang Bawang, Lampung 34596","78c80a91-ae92-4127-89e6-d56c1c1c470d","Wisata Rekreasi (Buatan)","anjungan cinta, ikonik tuba, tulang bawang, wisata tulang bawang","0"
"16d0435c-7290-4999-89a0-5d8e9ad1e336","Pelangi Alam Mesir","Pelangi Alam Mesir adalah salah satu destinasi wisata alam yang menarik di Tulang Bawang, Lampung. Terletak di kawasan yang masih asri dan jauh dari hiruk pikuk perkotaan, taman ini menawarkan keindahan alam yang menyegarkan mata. Keindahan Alam: Taman ini menyajikan pemandangan alam yang sangat indah, dengan pepohonan rindang, rerumputan hijau, dan air yang jernih.Kolam Renang: Salah satu daya tarik utama Pelangi Taman Mesir adalah kolam renangnya yang luas dan bersih. Pengunjung dapat berenang sambil menikmati pemandangan sekitar.Area Bersantai: Tersedia berbagai macam spot yang nyaman untuk bersantai, seperti gazebo, hammock, dan kursi-kursi santai. Pengunjung bisa bersantai sambil membaca buku atau sekadar menikmati suasana alam.
Fasilitas Lengkap: Selain kolam renang dan area bersantai, Pelangi Taman Mesir juga dilengkapi dengan fasilitas pendukung lainnya, seperti kamar mandi, mushola, dan tempat parkir yang luas.","Aji Mesir, Kec. Gedung Aji, Kab. Tulang Bawang, Lampung 34596","8f6ba969-d3ab-4d75-b8b9-dbc4912f92b2","Wisata Alam","kolam, pelangi alam mesir, taman, tulang bawang, wisata tulang bawang","5000"
"1e133989-0099-430d-acdc-8c33d2576e9f","Pantai Wartawan","Pantai Wartawan adalah destinasi wisata unik di Lampung Selatan yang menawarkan pengalaman berbeda dari pantai pada umumnya. Pantai ini terkenal dengan sumber air panas alami yang muncul di tepi pantai, memungkinkan pengunjung untuk menikmati sensasi berendam air panas sambil memandang laut.

Fasilitas:
Kolam air panas alami: Kolam-kolam yang terbentuk secara alami dari sumber air panas.
Area piknik: Tempat untuk bersantai dan menikmati pemandangan pantai.
Warung makan: Menjual berbagai macam makanan dan minuman.
Toilet umum: Tersedia fasilitas toilet untuk pengunjung.
Area parkir: Tersedia tempat parkir yang cukup luas.

Aktivitas yang dapat dilakukan:
Berendam air panas: Menikmati sensasi berendam di air panas alami sambil memandang laut.
Memasak: Memanfaatkan air panas untuk memasak makanan sederhana.
Berjemur: Bersantai di tepi pantai sambil menikmati sinar matahari.
Berfoto: Mengabadikan momen di pantai yang unik ini.
Menjelajah pantai: Menemukan spot-spot menarik di sekitar pantai.

Jam operasional:
Buka setiap hari: 24 jam

Tips:
Bawa pakaian ganti: Jika ingin berendam di air panas.
Bawa perlengkapan mandi: Sabun, shampoo, dan handuk.
Hati-hati saat beraktivitas di sekitar pantai: Terutama saat berendam di kolam air panas.
Jaga kebersihan: Buang sampah pada tempatnya.

Tambahan:
Keunikan: Jelaskan lebih lanjut tentang bagaimana terbentuknya sumber air panas di pantai ini dan apa saja manfaatnya untuk kesehatan.
Legenda: Jika ada legenda atau cerita rakyat terkait pantai ini, kamu bisa menambahkannya.
Akses: Berikan informasi tentang bagaimana cara mencapai Pantai Wartawan, termasuk jarak tempuh dari kota terdekat.","Way Muli, Rajabasa, Waymuli, Rajabasa, Kabupaten Lampung Selatan, Lampung 35552","8f6ba969-d3ab-4d75-b8b9-dbc4912f92b2","Wisata Alam","lampung selatan, pantai wartawan, wisata alam","10000"
"842ea143-ec0a-49ec-9628-0c6aa7275d67","Agro Wisata Embung Tirta Inten","Agro Wisata Embung Tirta Inten adalah surga bagi pecinta alam. Dengan suasana yang tenang dan asri, tempat ini sangat cocok untuk bersantai bersama keluarga. Nikmati keindahan kebun yang luas, berpetualang di alam bebas, atau memancing di kolam yang jernih.","3G24+R3R, Jl. Sawah Besar, Tj. Inten, Kec. Purbolinggo, Kabupaten Lampung Timur, Lampung 34192","18ac88c6-7cfa-4a02-bd37-9be79d112fa1","Wisata Agro","agro wisata, embung, lampung timur, tirta inten, wisata agro","0"
"f45a6f96-0935-4692-ab7e-010ac4719b15","Taman Terapi Ikan Anugrah Abadi","Taman Terapi Ikan Anugrah Abadi adalah sebuah destinasi wisata unik di Tulang Bawang yang menawarkan pengalaman relaksasi yang berbeda. Seperti namanya, daya tarik utama tempat ini adalah terapi ikan yang memberikan sensasi unik dan manfaat kesehatan. Terapi ikan adalah metode pengobatan alternatif yang melibatkan merendam kaki atau tangan ke dalam kolam yang berisi ikan-ikan kecil, biasanya jenis garra ruffa. Ikan-ikan ini akan memakan sel kulit mati dan kotoran yang menempel pada kulit, sehingga memberikan sensasi geli dan sekaligus membersihkan kulit.Terapi ikan dipercaya memiliki berbagai manfaat bagi kesehatan, antara lain:

Eksfoliasi alami: Ikan-ikan kecil akan membantu mengangkat sel kulit mati, sehingga kulit menjadi lebih halus dan lembut.
Meningkatkan sirkulasi darah: Gerakan ikan-ikan yang menggigit kulit dapat merangsang sirkulasi darah.
Meredakan stres: Sensasi geli yang ditimbulkan oleh ikan dapat membantu mengurangi stres dan kecemasan.
Membantu penyembuhan luka kecil: Beberapa penelitian menunjukkan bahwa terapi ikan dapat membantu mempercepat penyembuhan luka kecil.","QJGJ+JX6, Suka Bhakti, Kec. Gedung Aji Baru, Kab. Tulang Bawang, Lampung 34596","78c80a91-ae92-4127-89e6-d56c1c1c470d","Wisata Rekreasi (Buatan)","terapi ikan, tulang bawang, wisata kesehatan, wisata tuba","95000"
"a67cf51b-b091-476e-bed1-89b029073155","Desa Wisata Kunjir","Desa Wisata Kunjir adalah sebuah perkampungan yang menawarkan pengalaman unik berwisata sambil belajar tentang budaya dan tradisi masyarakat Lampung. Dengan keindahan alam yang masih asri dan keunikan budaya yang terjaga, Desa Kunjir menjadi destinasi yang menarik bagi wisatawan yang ingin merasakan suasana pedesaan yang autentik.

Fasilitas:
Homestay: Menginap di rumah warga untuk merasakan kehidupan sehari-hari masyarakat desa.
Rumah adat: Melihat langsung arsitektur rumah adat Lampung dan mempelajari sejarahnya.
Sawah: Bercocok tanam bersama petani lokal dan belajar tentang proses pertanian tradisional.
Sungai: Berenang atau menikmati keindahan alam di sungai yang masih jernih.
Hutan: Menjelajahi hutan dan menikmati keindahan alamnya.
Pusat informasi: Tempat untuk mendapatkan informasi mengenai desa dan kegiatan yang dapat dilakukan.

Aktivitas yang Dapat Dilakukan:
Menginap di homestay: Mengalami kehidupan sehari-hari masyarakat desa.
Melihat pertunjukan seni budaya: Menyaksikan tarian tradisional, musik, dan upacara adat.
Belajar membuat kerajinan tangan: Membuat anyaman, batik, atau kerajinan tangan lainnya.
Bercocok tanam: Menanam padi, sayuran, atau buah-buahan bersama petani lokal.
Menjelajahi alam: Trekking, bersepeda, atau berkemah.
Menikmati kuliner khas: Mencicipi makanan tradisional Lampung yang lezat.

Jam Operasional:
Tidak ada jam operasional tetap: Desa Wisata Kunjir buka setiap hari, namun sebaiknya Anda menghubungi pengelola desa terlebih dahulu untuk memastikan ketersediaan fasilitas dan kegiatan yang ingin Anda lakukan.

Tips:
Bawa pakaian yang nyaman: Karena Anda akan banyak beraktivitas di luar ruangan.
Siapkan perlengkapan mandi: Jika Anda menginap di homestay.
Hormati adat istiadat setempat: Jaga sopan santun dan patuhi aturan yang berlaku di desa.","Kalianda, Kec. Kalianda, Kabupaten Lampung Selatan, Lampung 35552","78c80a91-ae92-4127-89e6-d56c1c1c470d","Wisata Rekreasi (Buatan)","desa wisata kunjir, lampung selatan, wisata buatan","0"
"fe9a7080-1adf-4193-8f7f-38e08ece9aed","Taman Wisata Seni dan Budaya Randu Mas","Taman Wisata Seni dan Budaya Randu Mas adalah destinasi wisata keluarga yang unik di Lampung Timur. Dengan memadukan keindahan seni pahat kayu dan nuansa budaya, Randu Mas menawarkan pengalaman wisata yang berbeda.

Aktivitas yang Bisa Dilakukan:
Mengagumi keindahan patung-patung kayu.
Bersantai di area yang luas dan nyaman.
Belajar tentang sejarah dan budaya Lampung.

Keunggulan:
Paduan Seni dan Budaya: Patung-patung kayu yang indah, seperti gajah, dinosaurus, dan garuda, serta bangunan joglo yang khas, menciptakan suasana yang kaya akan nilai seni dan budaya.
Lokasi Strategis: Berada di dekat Taman Purbakala Pugung Raharjo, memudahkan pengunjung untuk menjelajahi dua destinasi wisata sekaligus.","PH28+6J9, Jl. Jenderal Sudirman, Pugung Raharjo, Kec. Sekampung Udik, Kabupaten Lampung Timur, Lampung 34384","78c80a91-ae92-4127-89e6-d56c1c1c470d","Wisata Rekreasi (Buatan)","lampung timur, randu mas, taman wisata budaya, taman wisata seni, wisata buatan","20000"
"84dbddc5-9ab7-4e02-b767-a8869579fb39","Hambakung","Hambakung adalah sebuah lapak ikan segar yang cukup populer di Mesuji, Lampung. Uniknya, lapak ini khusus menjual ikan nila dari Danau Ranau, Lampung Barat. Ikan nila ranau terkenal dengan dagingnya yang gurih dan manis, jauh berbeda dengan ikan nila dari daerah lain. Kualitas Air: Air Danau Ranau yang masih sangat bersih dan terjaga dari pencemaran membuat ikan nila yang hidup di sana memiliki kualitas daging yang lebih baik.
Pakan Alami: Ikan nila ranau tidak hanya mengonsumsi pakan buatan pabrik, tetapi juga memanfaatkan tumbuhan dan lumut yang tumbuh liar di sekitar danau. Hal ini membuat daging ikan menjadi lebih kaya rasa.
Proses Budidaya: Pembudidaya ikan nila di Danau Ranau menerapkan metode budidaya yang ramah lingkungan, sehingga menghasilkan ikan yang berkualitas tinggi.
Keunggulan Hambakung Mesuji:

Ikan Segar: Semua ikan yang dijual di Hambakung dipastikan segar karena didatangkan langsung dari Danau Ranau.
Harga Terjangkau: Harga ikan nila ranau di Hambakung cukup terjangkau, sehingga bisa dinikmati oleh semua kalangan.
Variasi Menu: Selain ikan nila segar, Hambakung juga menyediakan berbagai macam ikan lainnya seperti patin, lele, dan gurame.
Pengalaman Unik: Bagi sebagian orang, membeli ikan segar di Hambakung adalah sebuah pengalaman yang unik. Mereka bisa memilih sendiri ikan yang akan dibeli dan bahkan bisa meminta tolong untuk dibersihkan.","Jl. Z.A. Pagar Alam, Brabasan, Kec. Tj. Raya, Kabupaten Mesuji, Lampung 34698","81b85a03-97bb-4a84-bbe5-fb8fa8a81e9c","Wisata Kuliner","hambakung, mesuji, wisata kuliner mesuji, wisata mesuji","25000"
"f035c49b-c76d-4428-91b8-0d52f3b27531","Air Terjun Cijuet","Air Terjun Cijuet adalah salah satu hidden gem di Lampung Selatan. Tersembunyi di tengah keindahan alam yang masih asri, air terjun ini menawarkan kesegaran dan keindahan alam yang memukau. Dengan ketinggian yang cukup menawan dan kolam alami di bawahnya, air terjun ini menjadi tempat yang sempurna untuk bersantai dan menyegarkan diri.

Fasilitas:
Area parkir: Tersedia area parkir untuk kendaraan roda dua dan roda empat.
Jalur trekking: Jalur menuju air terjun yang cukup menantang namun aman.
Kolam alami: Kolam di bawah air terjun yang bisa digunakan untuk berenang.
Warung makan: Tersedia warung-warung yang menjual makanan dan minuman ringan.
Toilet: Fasilitas toilet yang cukup memadai.

Aktivitas yang Dapat Dilakukan:
Berenang: Menikmati kesegaran air di kolam alami di bawah air terjun.
Trekking: Menjelajahi keindahan alam sekitar air terjun.
Piknik: Bersantai dan menikmati pemandangan alam yang indah.
Fotografi: Mengabadikan momen indah di sekitar air terjun.

Jam Operasional:
Buka setiap hari pukul 08.00—17.00 WIB. Namun, disarankan untuk mengunjungi saat cuaca cerah.

Tips:
Bawa perlengkapan mandi: Jika ingin berenang.
Kenakan alas kaki yang nyaman: Karena akan banyak berjalan.
Jaga kebersihan: Buang sampah pada tempatnya.
Hati-hati saat berenang: Perhatikan kedalaman air dan arus.","5MJ5+769, Cugung, Rajabasa, Kabupaten Lampung Selatan, Lampung 35552","8f6ba969-d3ab-4d75-b8b9-dbc4912f92b2","Wisata Alam","air terjun cijuet, lampung selatan, wisata alam","0"
"89f1b330-36b6-4935-9675-b4d507a59bff","Islamic Center Mesuji","Islamic Center Mesuji merupakan sebuah kompleks atau lembaga yang berperan penting dalam kehidupan keagamaan masyarakat Kabupaten Mesuji, Lampung. Tempat ini berfungsi sebagai pusat kegiatan keagamaan, pendidikan agama, dan sosial masyarakat Muslim di daerah tersebut.Tempat Ibadah: Sebagai pusat ibadah, Pusat Islam Mesuji umumnya memiliki masjid yang besar dan megah, dilengkapi dengan fasilitas lengkap untuk menampung banyak jamaah.
Pusat Pendidikan Agama: Banyak Pusat Islam yang juga menjalankan fungsi sebagai pusat pendidikan agama. Mereka menyelenggarakan berbagai kegiatan seperti pengajian, kursus agama, dan sekolah-sekolah agama untuk semua kalangan usia.
Kegiatan Sosial: Pusat Islam seringkali menjadi pusat kegiatan sosial masyarakat. Mereka mengadakan berbagai acara seperti pengajian rutin, peringatan hari besar Islam, dan kegiatan sosial lainnya.
Pusat Informasi: Pusat Islam juga berfungsi sebagai pusat informasi mengenai Islam. Mereka menyediakan berbagai literatur keagamaan, menjawab pertanyaan seputar agama, dan memberikan konsultasi agama.
Kegiatan yang Biasanya Dilakukan di Pusat Islam Mesuji:

Sholat Jemaah: Pelaksanaan sholat lima waktu secara berjamaah, terutama sholat Jumat.
Pengajian: Pengajian rutin yang menghadirkan ustadz atau ustadzah untuk memberikan ceramah agama.
Kursus Agama: Kursus Al-Quran, Tajwid, Fiqih, dan berbagai ilmu agama lainnya.
Taman Pendidikan Al-Quran (TPA): Pendidikan agama bagi anak-anak usia dini.
Peringatan Hari Besar Islam: Perayaan hari raya Idul Fitri, Idul Adha, Maulid Nabi, dan hari besar Islam lainnya.
Kegiatan Sosial: Penggalangan dana untuk korban bencana, bakti sosial, dan kegiatan sosial lainnya.","X5WP+X6J, Wira Bangun, Kec. Simpang Pematang, Kabupaten Mesuji, Lampung 34698","b9610dfe-3fdf-498e-a987-b466cb39fe9f","Wisata Religi","islamic center, mesuji, wira bangun, wisata mesuji","0"
"ac6f68bc-4aa1-46e7-8939-301c3919d86d","Pantai Kahai","Pantai Kahai adalah destinasi wisata pantai yang populer di Lampung Selatan. Dengan pasir putih lembut, ombak yang tenang, dan pemandangan laut yang indah, pantai ini menawarkan suasana yang sangat santai dan cocok untuk bersantai bersama keluarga atau teman. Selain itu, Pantai Kahai juga dilengkapi dengan berbagai fasilitas dan wahana permainan yang menarik, membuatnya menjadi tempat yang menyenangkan bagi semua kalangan.

Fasilitas:
Pantai: Area pantai yang luas dengan pasir putih lembut.
Kolam renang: Kolam renang dengan berbagai ukuran, termasuk kolam anak-anak.
Wahana permainan: Perosotan air, ayunan, dan berbagai permainan air lainnya.
Gazebo: Tempat bersantai sambil menikmati pemandangan pantai.
Restoran: Menyediakan berbagai pilihan makanan dan minuman.
Penginapan: Tersedia berbagai pilihan penginapan mulai dari hotel hingga villa.
Area parkir: Luas dan mudah diakses.

Aktivitas yang dapat dilakukan:
Berjemur: Bersantai di tepi pantai sambil menikmati sinar matahari.
Berenang: Berenang di kolam renang atau di laut.
Bermain air: Mencoba berbagai wahana permainan air yang tersedia.
Memancing: Bagi yang menyukai memancing, bisa mencoba memancing di sekitar pantai.
Menikmati sunset: Mengabadikan momen matahari terbenam yang indah.
Menginap: Menginap di penginapan yang tersedia untuk menikmati suasana pantai lebih lama.

Jam operasional:
Buka setiap hari: 24 jam.

Tips:
Bawa perlengkapan pantai: Seperti handuk, sunscreen, topi, dan kacamata hitam.
Hati-hati saat berenang: Perhatikan batas keamanan yang telah ditentukan.
Jaga kebersihan: Buang sampah pada tempatnya.
Nikmati liburan: Relaksasi dan nikmati keindahan Pantai Kahai.","5M78+FXJ, Jalan Pesisir Batu Balak, Rajabasa, Hargo Pancoran, Rajabasa, Kabupaten Lampung Selatan, Lampung 35552","8f6ba969-d3ab-4d75-b8b9-dbc4912f92b2","Wisata Alam","lampung selatan, pantai kahai, wisata alam","40000"
"9156ca27-8b27-4d87-9844-c5e33e6b3a74","Duduk Kumbang Tubaba","Duduk Kumbang adalah salah satu tradisi unik yang berasal dari masyarakat Tulang Bawang Barat, Lampung. Tradisi ini melibatkan prosesi duduk bersama dalam satu lingkaran besar, sambil menyanyikan lagu-lagu daerah dan memainkan alat musik tradisional. ""Kumbang"" sendiri merujuk pada sejenis serangga, namun dalam konteks tradisi ini, kata ""kumbang"" lebih bersifat metafora yang menggambarkan kebersamaan dan kekompakan dalam sebuah kelompok. Penguatan Silaturahmi: Tradisi ini bertujuan untuk mempererat tali silaturahmi antar anggota masyarakat. Dengan duduk bersama dalam satu lingkaran, masyarakat dapat saling berinteraksi dan mengenal satu sama lain lebih dekat.
Pelestarian Budaya: Duduk Kumbang merupakan salah satu upaya untuk melestarikan budaya dan tradisi leluhur. Melalui tradisi ini, nilai-nilai luhur seperti gotong royong, kebersamaan, dan saling menghormati terus diwariskan kepada generasi muda.
Hiburan: Selain sebagai sarana untuk mempererat tali silaturahmi dan melestarikan budaya, Duduk Kumbang juga berfungsi sebagai hiburan. Masyarakat dapat melupakan sejenak kepenatan dengan menyanyikan lagu-lagu daerah dan memainkan alat musik tradisional.
Bagaimana Prosesi Duduk Kumbang Berlangsung?

Pemilihan Tempat: Biasanya, Duduk Kumbang dilakukan di tempat terbuka seperti lapangan atau halaman rumah.
Persiapan Alat Musik: Alat musik tradisional seperti gambus, gong, dan rebana dipersiapkan untuk mengiringi lagu-lagu yang akan dinyanyikan.
Pembentukan Lingkaran: Semua peserta duduk melingkar, baik laki-laki maupun perempuan.
Penyanyian Lagu: Lagu-lagu daerah yang dinyanyikan biasanya bertemakan kehidupan sehari-hari, cinta, atau perjuangan.
Pemainan Alat Musik: Sambil menyanyi, para peserta juga memainkan alat musik tradisional yang telah dipersiapkan.
Acara Tambahan: Selain menyanyi dan bermain musik, seringkali diadakan acara tambahan seperti tarian tradisional atau lomba-lomba kecil.","FX9V+3C9, Gn. Katun Tanjungan, Kec. Tulang Bawang Udik, Kab. Tulang Bawang Barat, Lampung 34691","bc7c6dcb-d4d3-4158-97ac-e447b2878f3f","Wisata Budaya","budaya tubaba, duduk kumbang, tubaba, wisata budaya, wisata tubaba","0"
"80ba8f06-6597-4d8e-b90f-890650c36e40","Razafarm","Rajafarm merupakan agro wisata petik buah melon hidroponik yang terletak di lampung timur. Pengunjung dapat memetik buah sendiri atau hanya sekedar berfoto di kebun.","QP93+MPP, Mekar Jaya, Bandar Sribawono, East Lampung Regency, Lampung 34389","18ac88c6-7cfa-4a02-bd37-9be79d112fa1","Wisata Agro","lampung timur, rajafarm, wisata agro, wisata petik buah","0"
"3d1f6168-3f42-467c-9aff-0c366728bb9e","Pulau Mengkudu","Pulau Mengkudu adalah surga tersembunyi di Lampung Selatan. Pulau ini menawarkan keindahan alam yang masih perawan dengan pantai pasir putih yang lembut, air laut yang jernih, dan dikelilingi oleh hutan bakau yang rimbun. Suasana yang tenang dan jauh dari hiruk pikuk kota membuat Pulau Mengkudu menjadi tempat yang sempurna untuk bersantai dan menikmati keindahan alam.

Fasilitas:
Pantai: Pantai dengan pasir putih yang lembut, cocok untuk bersantai dan bermain air.
Hutan bakau: Area hutan bakau yang menjadi habitat bagi berbagai jenis satwa.
Spot foto: Banyak spot menarik untuk berfoto, seperti ayunan di tepi pantai atau jembatan kayu di tengah hutan bakau.
Area camping: Bagi yang ingin menginap, tersedia area camping dengan pemandangan pantai yang indah.
Warung makan: Tersedia beberapa warung makan yang menyajikan makanan khas laut.
Toilet umum: Fasilitas toilet umumnya tersedia, namun kondisinya mungkin bervariasi.

Aktivitas yang dapat dilakukan:
Berjemur: Bersantai di tepi pantai sambil menikmati sinar matahari.
Berenang: Berenang di air laut yang jernih.
Snorkeling: Menjelajahi keindahan bawah laut dengan snorkeling.
Memancing: Menikmati sensasi memancing di laut.
Hiking: Menjelajahi hutan bakau dan menikmati keindahan alam.
Camping: Bermalam di tepi pantai sambil menikmati suasana alam yang tenang.
Fotografi: Mengabadikan momen indah di Pulau Mengkudu.

Jam operasional:
Buka 24 jam: Pulau Mengkudu terbuka untuk umum selama 24 jam, namun disarankan untuk datang pada pagi atau sore hari untuk menghindari terik matahari.

Tips:
Bawa perbekalan: Siapkan makanan dan minuman sendiri, terutama jika ingin berkemah.
Lindungi diri dari sinar matahari: Gunakan sunscreen, topi, dan kacamata hitam.
Jaga kebersihan: Buang sampah pada tempatnya dan jangan merusak lingkungan.
Hati-hati saat beraktivitas di laut: Gunakan pelampung atau alat keselamatan lainnya jika tidak bisa berenang.","Totoharjo, Bakauheni, Lampung Selatan, Lampung 35552","8f6ba969-d3ab-4d75-b8b9-dbc4912f92b2","Wisata Alam","lampung selatan, pulau mengkudu, wisata alam","9999"
"0ce96156-c74a-41c9-ae8e-bb502b508062","Taboo Coffee Khas Tubaba","Taboo Coffee Tubaba kemungkinan besar adalah sebuah kedai kopi yang terletak di wilayah Tubaba, Lampung. Nama ""Taboo"" yang unik mungkin merujuk pada konsep yang menantang atau tidak biasa, yang sering dikaitkan dengan dunia kopi. Kopi Spesial: Kemungkinan besar, Taboo Coffee menawarkan berbagai jenis kopi spesial, seperti single origin, blend, atau kopi dengan metode penyeduhan yang unik.
Suasana yang Menarik: Dengan nama ""Taboo"", kedai ini mungkin memiliki suasana yang berbeda dari kedai kopi kebanyakan. Bisa jadi mereka menawarkan desain interior yang unik, musik yang menarik, atau konsep yang berbeda.
Menu yang Beragam: Selain kopi, Taboo Coffee mungkin juga menyediakan berbagai macam minuman non-kopi, makanan ringan, atau bahkan makanan berat.Kopi Berkualitas: Pecinta kopi pasti tertarik untuk mencoba berbagai jenis kopi spesial yang ditawarkan.
Pengalaman yang Unik: Suasana yang berbeda dari kedai kopi biasa membuat pengalaman ngopi menjadi lebih menarik.
Tempat Nongkrong yang Asyik: Taboo Coffee bisa menjadi tempat yang cocok untuk bersantai, bekerja, atau bertemu teman.","Jl. Raya Pulung Kencana No.16, Pulung Kencana, Kec. Tulang Bawang Tengah, Kab. Tulang Bawang Barat, Lampung 34693","81b85a03-97bb-4a84-bbe5-fb8fa8a81e9c","Wisata Kuliner","kopi tubaba, taboo coffee, tubaba, wisata kuliner tubaba","25000"
"0e3740e1-f6ba-4422-8a49-82604969691f","Waroeng Seruit Pak Cik IC Tubaba","Warung Seruit Pak Cik IC Tubaba adalah sebuah warung makan yang terkenal dengan menu seruitnya yang lezat. Seruit adalah sambal khas Lampung yang terbuat dari terasi, cabai, dan bumbu-bumbu lainnya. Warung ini terletak di wilayah Panaragan Jaya, Tubaba, dan cukup populer di kalangan masyarakat sekitar. Seruit yang khas: Seperti namanya, warung ini terkenal dengan sambal seruitnya yang memiliki rasa yang khas dan menggugah selera.
Menu beragam: Selain seruit, warung ini juga menyediakan berbagai menu makanan lainnya seperti pindang, ikan bakar, ayam goreng, dan masih banyak lagi.
Harga terjangkau: Meskipun menawarkan menu yang beragam dan lezat, harga yang ditawarkan di Warung Seruit Pak Cik IC cukup terjangkau.
Suasana yang nyaman: Warung ini memiliki suasana yang nyaman dan cocok untuk bersantai bersama keluarga atau teman.","Depan pertashop Islamic centre, Panaragan Jaya, Kec. Tulang Bawang Tengah, Kab. Tulang Bawang Barat, Lampung 34693","81b85a03-97bb-4a84-bbe5-fb8fa8a81e9c","Wisata Kuliner","tubaba, waroeng seruit, wisata kuliner tubaba, wisata tubaba","35000"
"429d0f40-69fa-4a70-9c00-51cb63d47de8","Pantai Belebuk","Pantai Belebuk adalah salah satu destinasi wisata pantai yang populer di Lampung Selatan. Dengan pasir putih yang lembut, ombak yang tenang, dan pemandangan laut lepas yang indah, pantai ini menawarkan suasana yang sangat menenangkan. Selain itu, Pantai Belebuk juga dilengkapi dengan berbagai fasilitas yang mendukung kegiatan wisata.

Fasilitas:
Area parkir: Luas dan mudah diakses.
Warung makan: Menawarkan berbagai macam makanan dan minuman.
Toilet umum: Tersedia dalam kondisi bersih.
Tempat ibadah: Mushola tersedia untuk pengunjung muslim.
Area bermain anak: Permainan anak-anak seperti ayunan dan perosotan.
Gazebo: Tempat bersantai sambil menikmati pemandangan pantai.

Aktivitas yang dapat dilakukan:
Berjemur: Nikmati hangatnya sinar matahari di tepi pantai.
Berenang: Bermain air di laut yang tenang.
Memancing: Bagi yang menyukai aktivitas memancing.
Bersantai: Nikmati suasana pantai yang tenang sambil membaca buku atau mendengarkan musik.
Bermain pasir: Bangun istana pasir bersama keluarga atau teman.
Berfoto: Mengabadikan momen indah di pantai.

Jam operasional:
Pantai Belebuk buka setiap hari, 24 jam.

Tips:
Datang pagi atau sore hari: Untuk menghindari cuaca yang terlalu panas.
Bawa perlengkapan pribadi: Seperti handuk, sunscreen, topi, dan kacamata hitam.
Jaga kebersihan: Buang sampah pada tempatnya.
Waspada terhadap ombak: Jangan berenang terlalu jauh dari pantai.","Totoharjo, Bakauheni, Lampung Selatan, Lampung","8f6ba969-d3ab-4d75-b8b9-dbc4912f92b2","Wisata Alam","lampung selatan, pantai belebuk, wisata alam","10000"
"4e5edfed-51e5-499f-9c37-428427227502","Pantai Batu Alif","Pantai Batu Alif adalah surga tersembunyi di Lampung Selatan yang menawarkan keindahan alam yang masih perawan. Dengan hamparan pasir putih, tebing-tebing karang yang unik, dan air laut yang jernih, pantai ini menjadi destinasi yang sempurna bagi para pecinta alam dan fotografi. Nama pantai ini diambil dari sebuah batu besar berbentuk huruf ""Alif"" yang menjadi ikon pantai ini.

Fasilitas:
Area parkir: Cukup luas untuk menampung kendaraan pengunjung.
Warung makan: Menawarkan berbagai macam makanan dan minuman.
Toilet umum: Tersedia, namun mungkin tidak selalu bersih.
Spot foto: Banyak spot menarik untuk berfoto, terutama di sekitar batu alif.

Aktivitas yang Dapat Dilakukan:
Berjemur: Nikmati hangatnya sinar matahari di pantai.
Berenang: Berenang di air laut yang jernih (perhatikan arus).
Snorkeling: Menjelajahi keindahan bawah laut (jika kondisi memungkinkan).
Memancing: Bagi yang menyukai memancing.
Hiking: Mendaki tebing-tebing kecil untuk mendapatkan pemandangan yang lebih luas.
Fotografi: Mengabadikan keindahan pantai dan batu alif.

Jam Operasional:
Buka 24 jam: Namun, disarankan untuk berkunjung saat pagi atau sore hari untuk menghindari terik matahari.

Tips:
Bawa perbekalan: Terutama air minum, makanan ringan, dan sunscreen.
Jaga kebersihan: Buang sampah pada tempatnya.
Waspada terhadap ombak: Jangan berenang terlalu jauh dari pantai.
Hati-hati saat mendaki: Gunakan alas kaki yang nyaman dan perhatikan kondisi medan.","4PF7+4WH, kayu tabu, Kabupaten Lampung Selatan, Lampung 35592","8f6ba969-d3ab-4d75-b8b9-dbc4912f92b2","Wisata Alam","lampung selatan, pantai batu alif, wisata alam","0"
"1caf32f5-60d2-48f8-822b-fc1a7b42f45e","Kulon Rowo Cafe and Resto Tubaba","Kulon Rowo Cafe & Resto Tubaba adalah sebuah tempat makan yang populer di Tulang Bawang Barat, Lampung. Tempat ini menawarkan suasana yang nyaman dan menyenangkan, cocok untuk bersantai bersama teman atau keluarga sambil menikmati berbagai macam hidangan lezat. Menikmati hidangan lezat: Tentu saja, Anda bisa mencicipi berbagai macam menu makanan dan minuman yang tersedia.
Bersantai: Tempat ini sangat cocok untuk bersantai sambil mengobrol dengan teman atau keluarga.
Mengambil foto: Dengan desain yang menarik, Kulon Rowo juga menjadi tempat yang bagus untuk berfoto.","Pulung Kencana, Kec. Tulang Bawang Tengah, Kab. Tulang Bawang Barat, Lampung 34693","81b85a03-97bb-4a84-bbe5-fb8fa8a81e9c","Wisata Kuliner","kulon rowo resto, tubaba, wisata kuliner tubaba, wisata tubaba","25000"
"78ffe5d1-be66-4b99-9b42-5cdc020d802a","Air Terjun 3 Alam Indah","Nikmati kesegaran air terjun alami di tengah keindahan alam Lampung Timur. Air Terjun 3 Alam Indah menawarkan pemandangan yang menakjubkan dengan tiga tingkatan air terjun yang mengalir deras. Tempat yang sempurna untuk melepas penat dan menyatu dengan alam.

Fasilitas:
Area parkir
Tempat duduk
Jalur trekking
Warung makan

Aktivitas yang dapat dilakukan:
Berenang di kolam alami
Trekking ringan
Piknik
Camping
Fotografi","RFFW+XH4, Desa Jl. Tj. Harapan, Tanjung Kari, Marga Tiga, East Lampung Regency, Lampung 34386","8f6ba969-d3ab-4d75-b8b9-dbc4912f92b2","Wisata Alam","3 alam indah, air terjun, lampung timur, wisata air terjun, wisata alam","0"
"a26134dd-21ea-45dd-9f72-0b96d026229f","Bukit Pematang Sunrise","Bukit Pematang Sunrise adalah destinasi wisata alam yang menawarkan pemandangan matahari terbit yang menakjubkan. Terletak di Lampung Selatan, bukit ini menyuguhkan panorama laut lepas, perbukitan hijau,

Fasilitas:
Spot foto: Berbagai spot foto menarik dengan latar belakang pemandangan yang indah.
Area berkemah: Bagi yang ingin menikmati suasana malam di alam terbuka.
Toilet umum: Tersedia fasilitas toilet untuk pengunjung.
Warung makan: Menjual berbagai macam makanan dan minuman.
Area parkir: Tersedia area parkir yang cukup luas.
Aktivitas yang Dapat Dilakukan:

Menyaksikan matahari terbit: Nikmati keindahan matahari terbit yang memukau.
Berkemah: Habiskan malam di alam terbuka sambil menikmati suasana yang tenang.
Berfoto: Mengabadikan momen indah dengan latar belakang pemandangan yang menakjubkan.
Trekking ringan: Jelajahi sekitar bukit untuk menemukan sudut pandang yang lebih menarik.
Piknik: Bersantai sambil menikmati bekal makan siang.

Jam Operasional:
Buka 24 jam: Pengunjung bebas datang kapan saja, terutama saat pagi hari untuk menyaksikan matahari terbit.

Tips:
Datang lebih awal: Jika ingin menyaksikan matahari terbit, sebaiknya datang lebih awal untuk mendapatkan spot terbaik.
Bawa perlengkapan piknik: Siapkan makanan dan minuman untuk dinikmati selama berada di bukit.
Jaga kebersihan: Buang sampah pada tempatnya dan jangan merusak lingkungan sekitar.
Kenakan pakaian yang nyaman: Karena Anda akan banyak beraktivitas di luar ruangan.","Bakauheni, Lampung Selatan, Lampung 35592","8f6ba969-d3ab-4d75-b8b9-dbc4912f92b2","Wisata Alam","bukit pematang sunrise, lampung selatan, wisata alam","10000"
"e5b5cd6a-16b2-491a-b46a-9a6cd76ed199","Griya Kebun","Griya Kebun 38 adalah tempat wisata di Lampung Timur yang sedang menjadi trend di kalangan anak-anak muda. Tempat wisata ini menyajikan pesona alam yang sungguh berbeda dengan banyaknya pepohonan yang tertata sangat rapi dan juga rerumputan hijau yang tampak begitu bersih dan segar. Ditambah lagi dengan kolam renang yang cukup luas menjadi tempat yang tepat untuk menghabiskan hari libur kamu.

Fasilitas:
Musholla
Toilet
Ruangan indoor yang dapat digunakan untuk rapat atau makan bersama, ataupun hanya sekedar bincang-bincang santai saja.
Kolam renang

Aktivitas yang dapat dilakukan:
Berenang
Piknik
Berfoto-foto","Jl. Ki Hajar Dewantara, Banjar Rejo, Kec. Batanghari, Kabupaten Lampung Timur, Lampung 34381","78c80a91-ae92-4127-89e6-d56c1c1c470d","Wisata Rekreasi (Buatan)","griya kebun, lampung timur, taman wisata, wisata buatan","10000"
"b165a65d-124a-410e-ae67-2d0b45a568be","Pantai Minang Rua","Pantai Minang Rua adalah destinasi wisata pantai yang menawarkan keindahan alam yang menakjubkan. Dengan perpaduan tebing karang yang menjulang, air laut yang jernih, dan pasir putih yang lembut, pantai ini menjadi surga bagi para pencinta pantai. Selain itu, keberadaan air terjun yang mengalir langsung ke pantai menambah keunikan dan daya tarik tersendiri.

Fasilitas:
Area parkir: Luas dan mudah diakses.
Toilet umum: Tersedia dalam kondisi bersih.
Warung makan: Menawarkan berbagai macam makanan dan minuman.
Penginapan: Tersedia beberapa penginapan dengan berbagai pilihan harga.
Spot foto: Banyak spot menarik untuk berfoto, seperti di bawah air terjun atau di atas tebing.
Area bermain anak: Tersedia beberapa permainan untuk anak-anak.
Jalur trekking: Untuk menjelajahi keindahan alam sekitar.

Aktivitas yang dapat dilakukan:
Berenang: Menikmati kesegaran air laut.
Snorkeling: Menjelajahi keindahan bawah laut.
Berjemur: Bersantai di tepi pantai sambil menikmati sinar matahari.
Bermain air terjun: Bermain air di bawah air terjun yang menyegarkan.
Hiking: Menjelajahi jalur trekking di sekitar pantai.
Camping: Menginap semalam di sekitar pantai.
Menikmati sunset: Mengabadikan momen matahari terbenam yang indah.
Watersport: Mencoba berbagai macam wahana air seperti banana boat atau kano.

Jam operasional:
Buka setiap hari, 24 jam.

Tips:
Bawa perlengkapan mandi: Jika ingin berenang atau bermain air.
Gunakan sunscreen: Untuk melindungi kulit dari sinar matahari.
Jaga kebersihan: Buang sampah pada tempatnya.
Hati-hati saat beraktivitas di sekitar tebing.

Tambahan:
Akses: Jelaskan bagaimana cara mencapai Pantai Minang Rua, baik menggunakan kendaraan pribadi maupun transportasi umum.
Event: Jika ada event-event khusus yang sering diadakan di Pantai Minang Rua, seperti festival atau perlombaan, Anda bisa menambahkannya.
Tips fotografi: Berikan tips-tips menarik untuk mendapatkan foto yang bagus di Pantai Minang Rua.","Kelawi, Bakauheni, Lampung Selatan, Lampung 35592","8f6ba969-d3ab-4d75-b8b9-dbc4912f92b2","Wisata Alam","lampung selatan, pantai minang rua, wisata alam","15000"
"ab756bbf-85b9-43dc-8e5c-1fe5ac5cdc9d","Taman Ki Hajar Dewantara","Taman Ki Hajar Dewantara adalah sebuah ruang hijau yang didesain khusus sebagai sarana edukasi dan rekreasi. Dinamakan demikian untuk menghormati Ki Hajar Dewantara, Bapak Pendidikan Nasional Indonesia, taman ini menjadi simbol semangat belajar dan berkarya bagi generasi muda. Suasananya yang tenang dan asri, dengan pepohonan rindang dan udara segar, sangat cocok untuk dijadikan tempat belajar, bersantai, atau sekadar berkumpul bersama teman. Desain taman yang tertata rapi dan estetik juga membuatnya menjadi spot yang menarik untuk berfoto.

Sesuai dengan namanya, Taman Ki Hajar Dewantara memiliki fungsi utama sebagai sarana edukasi. Taman ini sering digunakan sebagai tempat untuk:
Belajar kelompok: Mahasiswa dan pelajar sering memanfaatkan taman ini untuk belajar kelompok atau mengerjakan tugas.
Diskusi ilmiah: Beberapa organisasi mahasiswa atau komunitas pendidikan sering mengadakan diskusi atau seminar di taman ini.
Kegiatan ekstrakurikuler: Taman ini juga sering digunakan untuk kegiatan ekstrakurikuler sekolah, seperti lomba debat atau karya ilmiah.

Fasilitas yang Mendukung
Tempat duduk: Tersedia berbagai jenis tempat duduk, mulai dari bangku panjang hingga gazebo, yang dapat digunakan untuk bersantai atau belajar.
Area terbuka: Ada banyak area terbuka yang luas, sehingga pengunjung dapat melakukan berbagai aktivitas, seperti bermain atau berolahraga.
Perpustakaan mini: Beberapa taman serupa juga dilengkapi dengan perpustakaan mini yang menyediakan buku-buku bacaan.

Aksesibilitas dan Keamanan
Meskipun lokasinya agak jauh dari pusat kota, taman ini mudah dijangkau dengan kendaraan pribadi maupun transportasi umum. Keamanan di taman ini juga terjaga dengan baik, sehingga pengunjung dapat merasa aman dan nyaman.","V8JJ+3CP, Banjar Rejo, Batanghari, East Lampung Regency, Lampung 34381","78c80a91-ae92-4127-89e6-d56c1c1c470d","Wisata Rekreasi (Buatan)","lampung timur, taman ki hajar dewantara, taman wisata, wisata buatan","0"
"18dc4be4-bcc0-48e6-b870-1f039470de30","Waterboom Tirta Kencana","Waterboom Tirta Kencana adalah destinasi wisata air yang populer di Lampung Timur. Dengan berbagai wahana air yang seru, kolam renang yang luas, dan fasilitas yang lengkap, tempat ini menjadi pilihan yang tepat untuk menghabiskan waktu bersama keluarga.","Sri Menanti, Bandar Sribawono, East Lampung Regency, Lampung 34389","78c80a91-ae92-4127-89e6-d56c1c1c470d","Wisata Rekreasi (Buatan)","lampung timur, tirta kencana, waterboom, wisata buatan","25000"
"6ac8d4dc-0d6b-4506-a62b-3513431952bb","Danau Kemuning Kali Mesin","Danau Kemuning adalah sebuah danau alami yang terletak di Desa Sribhawono, Lampung Timur. Selain menjadi sumber air utama untuk pertanian, danau ini juga menjadi destinasi wisata yang populer bagi wisatawan yang ingin menikmati keindahan alam.","MPVM+XMQ, Sri Menanti, Bandar Sribawono, East Lampung Regency, Lampung 34389","8f6ba969-d3ab-4d75-b8b9-dbc4912f92b2","Wisata Alam","danau, danau kemuning kali mesin, lampung timur, wisata alam, wisata danau","10000"
"b8ac81b3-2591-4b6e-ab60-b41f6e987b72","Wisata Kali Madek Terapi Ikan dan Pemandian Kali Alam","Wisata Kali Madek menawarkan pengalaman unik terapi ikan dan pemandian yang menyegarkan. Terletak di Sri Menanti, Bandar Sribawono, Lampung Timur, tempat ini menjadi favorit bagi pengunjung yang ingin mencoba sensasi unik dari gigitan ikan nilem. Selain terapi ikan, terdapat juga kolam renang untuk anak-anak, saung, aula, dan berbagai fasilitas lainnya.

Fasilitas:
Kolam terapi ikan
Kolam renang anak
Saung
Aula
Kantin
Kolam ikan hias
Kamar bilas
Odong-odong

Aktivitas yang dapat dilakukan:
Terapi ikan
Berenang
Bersantai di saung
Melihat ikan hias","Sri Menanti, Bandar Sribawono, East Lampung Regency, Lampung 34389","8f6ba969-d3ab-4d75-b8b9-dbc4912f92b2","Wisata Alam","lampung timur, pemandian kali alam, wisata alam, wisata terapi ikan","10000"
"4ab75acd-6484-46fa-b18d-f09ab2452647","Kolam renang pitaloka","Kolam Renang Pitaloka II adalah destinasi wisata air yang populer di Lampung Timur. Dengan berbagai fasilitas dan wahana menarik, tempat ini cocok untuk menghabiskan waktu bersama keluarga atau teman. Selain kolam renang, terdapat juga berbagai spot foto instagramable seperti candi buatan dan patung-patung unik.

Fasilitas:
Kolam renang untuk dewasa dan anak-anak
Waterboom
Area parkir yang luas
Tempat bilas dan mandi
Tempat makan
Tempat karaoke

Aktivitas yang dapat dilakukan:
Berenang
Bersantai di tepi kolam
Berfoto di berbagai spot menarik
Bernyanyi di tempat karaoke","X937+X63, Wono Sari, Pekalongan, East Lampung Regency, Lampung 34391","78c80a91-ae92-4127-89e6-d56c1c1c470d","Wisata Rekreasi (Buatan)","kolam renang pitaloka, lampung timur, pekalongan, waterboom, wisata buatan","25000"
"cf0f2fa5-f75e-4f82-b8fe-0328cae6f9c0","Masjid Islamic Center Lampung Timur","Islamic Center Sukadana adalah kompleks keagamaan terbesar di Kabupaten Lampung Timur. Terletak strategis di sepanjang Jalan Lintas Timur Sumatera, kompleks ini menawarkan keindahan arsitektur dan menjadi pusat kegiatan keagamaan bagi masyarakat sekitar. Dulunya, lokasi ini merupakan bekas lokalisasi, namun kini telah bertransformasi menjadi tempat ibadah yang megah dan menjadi ikon baru Kabupaten Lampung Timur.

Fasilitas:
Masjid Agung Baiturrohman: Masjid utama dengan arsitektur yang indah.
Asrama haji
Gedung serbaguna
Area parkir yang luas

Aktivitas yang dapat dilakukan:
Ibadah sholat
Mengikuti kegiatan keagamaan
Belajar agama
Wisata religi","E Shore Trans Sumatera Hwy No.16, Muara Jaya, Sukadana, East Lampung Regency, Lampung 34194","b9610dfe-3fdf-498e-a987-b466cb39fe9f","Wisata Religi","lampung timur, masjid islamic center, wisata religi","0"
"114a8db1-df60-43a4-918a-28d9418bc416","Unit Respon Gajah Braja Harjosari","Unit Respon Gajah Braja Harjosari adalah unit respon gajah yang berlokasi di Braja Harjosari, Kecamatan Braja Slebah, Kabupaten Lampung Timur, Lampung, Indonesia. Unit ini bertugas untuk menangani konflik antara gajah dan manusia, serta untuk melindungi gajah dari perburuan liar.

Fasilitas:
Kendaraan
Peralatan komunikasi
Peralatan medis

Aktivitas yang dapat dilakukan:
Menangani konflik antara gajah dan manusia
Melindungi gajah dari perburuan liar
Menyelamatkan gajah yang terluka","RQFW+2JG, Braja Harjosari, Braja Slebah, East Lampung Regency, Lampung 34194","8f6ba969-d3ab-4d75-b8b9-dbc4912f92b2","Wisata Alam","lampung timur, unit respon gajah, wisata alam","0"
"0110d2a4-7674-4a48-a46d-0958c0872c24","Pasar Tradisional Alang-Alang","Pasar Tradisional Alang-Alang adalah pasar tradisional yang terletak di Margasari, Kecamatan Labuhan Maringgai, Kabupaten Lampung Timur, Lampung, Indonesia. Pasar ini buka setiap hari dari pukul 06.00 hingga 12.00 WIB. Pasar tradisional Alang-Alang yang menjual berbagai macam produk, termasuk makanan, pakaian, dan kerajinan tangan.

Fasilitas:
Area parkir
Toilet
Musala","Pasar alang-alang, Margasari, Kec. Labuhan Maringgai, Kabupaten Lampung Timur, Lampung","78c80a91-ae92-4127-89e6-d56c1c1c470d","Wisata Rekreasi (Buatan)","lampung timur, pasar alang alang, pasar tradisional, wisata buatan","0"
"ea19f6d8-2166-4204-a076-d555e4a75dcb","Wisata Mangrove Sri Minosari","Wisata Mangrove Sri Minosari Lampung Timur adalah surga bagi pecinta alam yang ingin menikmati keindahan alam mangrove. Terletak di Desa Sri Minosari, Kecamatan Labuhan Maringgai, Kabupaten Lampung Timur, tempat ini menawarkan pengalaman berjalan-jalan di atas jalur setapak kayu sambil menikmati pemandangan hutan bakau yang hijau dan asri. Selain itu, pengunjung juga dapat mengamati berbagai jenis burung dan satwa lainnya yang hidup di ekosistem mangrove.","MRWH+WHR, Unnamed Road, Sri Minosari, Kec. Labuhan Maringgai, Kabupaten Lampung Timur, Lampung 34198","18ac88c6-7cfa-4a02-bd37-9be79d112fa1","Wisata Agro","lampung timur, wisata agro, wisata mangrove","10000"
"0c60c7ec-f51b-42ab-8001-ab917c7c791e","Taman Edukasi Dunia Mini Metro","Dunia Mini Metro adalah sebuah taman rekreasi yang terletak di Kota Metro, Lampung. Tempat ini menawarkan pengalaman wisata keluarga yang menyenangkan dan edukatif dengan harga terjangkau.

Fasilitas:
Miniatur Dunia: Terdapat berbagai miniatur bangunan terkenal dunia seperti Patung Liberty dan Menara Pisa.
Mini Farm: Pengunjung dapat berinteraksi langsung dengan hewan-hewan seperti kelinci, kambing, dan ayam.
Area Bermain Anak: Dilengkapi dengan berbagai wahana bermain anak seperti perosotan dan ayunan.
Kolam Renang dan Waterboom: Tersedia kolam renang untuk anak dan dewasa serta berbagai wahana air yang seru.
Aula: Cocok untuk acara-acara seperti ulang tahun atau pertemuan kelompok.
Kantin: Menyediakan berbagai pilihan makanan dan minuman.

Aktivitas:
Berfoto: Mengabadikan momen di berbagai spot foto yang menarik.
Bermain: Menikmati berbagai wahana permainan yang tersedia.
Belajar: Mengenal berbagai jenis hewan di mini farm.
Berenang: Bersantai dan bermain air di kolam renang.
Acara: Mengikuti berbagai acara yang diselenggarakan di aula.","Jl. Jendral Sudirman jalur 2, Ganjaragung, Kec. Metro Bar., Kota Metro, Lampung 24111","449fee2f-1791-4a99-9049-61d75548b5ae","Wisata Edukasi","metro, taman edukasi, wisata edukasi","15000"
"bacb594f-ddc4-4fe0-88c7-27d4c07677ec","Taman Mulyojati","Taman Mulyojati merupakan taman bermain anak yang terletak di daerah mulyojati kota metro, di taman ini disediakan arena permainan anak dan juga lapangan sepakbola yang cukup luas. terdapat gazebo dan pepohonan rindang disekitar taman untuk menikmati sejuknya alam ditengah kota metro lampung.","lapangan No.16 c, Mulyojati, Kec. Metro Bar., Kota Metro, Lampung 34121","78c80a91-ae92-4127-89e6-d56c1c1c470d","Wisata Rekreasi (Buatan)","metro, taman kota, taman mulyojati, wisata buatan","0"
"d22ba7a9-fa3d-49cf-9beb-0d20bd63f2cf","Sakura garden sumbersari","Taman Wisata KINCIR ANGIN adalah taman wisata yang terletak di R8R5+JPG, Rejomulyo, Kec. Metro Sel., Kota Metro, Lampung 34335, Indonesia. Taman ini memiliki rating 3.5 di Google Maps.

Fasilitas:
Kincir angin
Taman bermain

Aktivitas yang dapat dilakukan:
Bermain di taman
Menikmati makanan dan minuman 
Bermain di taman bermain","R8R5+JPG, Rejomulyo, Metro Selatan, Metro City, Lampung 34335","78c80a91-ae92-4127-89e6-d56c1c1c470d","Wisata Rekreasi (Buatan)","metro, taman kincir angin, taman wisata, wisata buatan","10000"
"a04aeb09-7d12-4a2b-9d39-068b488a8e8b","Wisata Alam Alas Puri","Alas Puri Metro adalah taman alam buatan yang terletak di Kota Metro, Lampung, Indonesia. Tempat yang tenang dan indah ini menawarkan pelarian yang menyegarkan dari hiruk-pikuk kehidupan kota. Dengan hijaunya yang rimbun, jalan setapak yang terawat, dan berbagai fasilitas rekreasi, Alas Puri Metro adalah tempat yang populer bagi warga lokal","R8G2+8C9, Sumbersari, Metro Selatan, Metro City, Lampung 34331","78c80a91-ae92-4127-89e6-d56c1c1c470d","Wisata Rekreasi (Buatan)","alas puri, metro, wisata alam buatan, wisata buatan","10000"
"31c72d55-d320-4db2-b232-01a008ce7af0","Nuwo Budayo Gedung Sesat Metro","Nuwo Budayo Gedung Sesat Metro adalah sebuah gedung pertemuan besar yang terletak di Kota Metro, Lampung. Gedung ini memiliki nama lain yaitu Gedung Sesat Agung Bumi Sai Wawai. Nama ini dipilih untuk menggambarkan fungsi gedung sebagai tempat berkumpulnya masyarakat Kota Metro sekaligus sebagai upaya pelestarian budaya Lampung di daerah tersebut.

Fasilitas Gedung:
Luas: Memiliki luas bangunan mencapai 5.335 m² dengan tiga lantai.
Fasilitas: Dilengkapi dengan berbagai fasilitas yang mendukung kegiatan pertemuan dan acara besar.

Tujuan Pembangunan:
Gedung ini dibangun dengan tujuan untuk memberikan manfaat bagi masyarakat Kota Metro, antara lain sebagai tempat pertemuan, acara budaya, dan kegiatan masyarakat lainnya. Selain itu, gedung ini juga diharapkan dapat menjadi salah satu ikon dan kebanggaan Kota Metro.","V7MX+M28, Jl. Jendral Sudirman, Metro, Kec. Metro Pusat, Kota Metro, Lampung 34125","bc7c6dcb-d4d3-4158-97ac-e447b2878f3f","Wisata Budaya","metro, nuwo budayo gedung sesat metro, wisata budaya","0"
"2c6f826a-8737-41da-b520-e975f7aa2035","Kolam Renang NN Mandiri","Kolam Renang NN Mandiri adalah tempat yang sempurna untuk bersenang-senang bersama keluarga. Nikmati kesegaran air, berbagai wahana air, dan fasilitas pendukung lainnya.

Fasilitas:

Kolam renang
Seluncuran air
Tempat duduk
Warung makan
Toilet

Aktivitas:

Berenang
Bermain air
Bersantai
Piknik

Jam Operasional:

Biasanya buka setiap hari, namun sebaiknya konfirmasi terlebih dahulu.","Karang Tanjung, Padang Ratu, Central Lampung Regency, Lampung","78c80a91-ae92-4127-89e6-d56c1c1c470d","Wisata Rekreasi (Buatan)","kolam renang nn mandiri, lampung tengah, padang ratu, wisata buatan","0"
"a470f050-ec13-4c56-b2dd-8f66dd4dc09d","Jembatan Pelita Sumbersari Metro Selatan","Jembatan Pelita Sumbersari Metro Selatan merupakan salah satu tempat wisata yang populer di Kota Metro. Jembatan Gantung Pelita Sumbersari awalnya dibangun pada tahun 1969 sebagai penghubung utama antara Kecamatan Metro Selatan dan Metro Kibang, Lampung Timur. Fungsi utamanya adalah untuk memudahkan akses ekonomi masyarakat di kedua wilayah tersebut. Namun, seiring berjalannya waktu, jembatan ini menjadi semakin populer dan viral di kalangan anak muda sebagai tempat yang menarik untuk berfoto-foto. Keunikan desain jembatan gantung dan pemandangan sekitar menjadi daya tarik tersendiri bagi pengunjung.","R8G4+JG5, Sumbersari, Metro Selatan, Metro City, Lampung 34331","78c80a91-ae92-4127-89e6-d56c1c1c470d","Wisata Rekreasi (Buatan)","jembatan pelita, metro, wisata buatan","0"
"53d1584a-8e54-4c4c-a2a9-d05c3e1a23eb","Gereja Katolik Hati Kudus Yesus","Gereja Katolik Hati Kudus Yesus adalah sebuah tempat ibadah umat Katolik yang terletak di Kota Metro. Dengan arsitektur yang indah dan suasana yang khusyuk, gereja ini menjadi pusat kegiatan keagamaan bagi umat Katolik di sekitar wilayah tersebut.

Fasilitas:
Ruang utama untuk misa
Ruang pertemuan
Sakramen
Tempat parkir
Taman 

Aktivitas yang dapat dilakukan:
Mengikuti misa
Berdoa
Berpartisipasi dalam kegiatan rohani (misalnya retret, novena)
Mengikuti kegiatan sosial","Jl. AH Nasution No.11, Yosorejo, Kec. Metro Tim., Kota Metro, Lampung 34112","b9610dfe-3fdf-498e-a987-b466cb39fe9f","Wisata Religi","gereja, gereja katolik hati kudus yesus, metro, wisata religi","0"
"9a89c946-3d6c-453a-997f-7d80a0f0a179","Aqma Waterboom","Aqma Waterboom adalah tempat yang sempurna untuk bersenang-senang bersama keluarga. Nikmati kesegaran air, berbagai wahana air, dan fasilitas pendukung lainnya.

Fasilitas:

Kolam renang dewasa
Kolam renang anak
Seluncuran air
Tempat duduk
Warung makan
Toilet

Aktivitas:

Berenang
Bermain air
Bersantai
Piknik

Jam Operasional:

Biasanya buka setiap hari, namun sebaiknya konfirmasi terlebih dahulu.","8J4J+FJ3, Jln kihajar Dewantara, Gaya Baru Satu, Kec. Seputih Surabaya, Kabupaten Lampung Tengah, Lampung","78c80a91-ae92-4127-89e6-d56c1c1c470d","Wisata Rekreasi (Buatan)","aqma waterboom, lampung tengah, seputih surabaya, wisata buatan","0"
"174a6367-656c-40bd-9fa2-de9c34bf3492","Jembatan Gantung 28","Jembatan Gantung 28 adalah ikon wisata Kota Metro yang menawarkan pengalaman unik berjalan di atas jembatan gantung yang cukup panjang. Dengan pemandangan alam sekitar yang hijau dan udara yang segar, tempat ini cocok untuk bersantai, berfoto, atau sekadar menikmati suasana pedesaan.

Fasilitas:
Jembatan gantung utama
Area parkir
Spot foto

Aktivitas yang dapat dilakukan:
Berjalan di atas jembatan gantung
Berfoto dengan latar belakang jembatan
Piknik
Menikmati pemandangan alam","W8P5+66W, Purwoasri, Metro Utara, Metro City, Lampung 34119","78c80a91-ae92-4127-89e6-d56c1c1c470d","Wisata Rekreasi (Buatan)","jembatan gantung, metro, wisata, wisata buatan","0"
"352217b0-11fe-4e3e-afe2-f373f1769661","Vihara Buddha Dharma Dipa","Vihara Buddha Dharma Dipa adalah tempat ibadah umat Buddha yang terletak di Kota Metro. Selain sebagai tempat beribadah, vihara ini juga menjadi pusat kegiatan keagamaan dan budaya umat Buddha. Dengan arsitektur yang khas dan suasana yang tenang, vihara ini cocok bagi Anda yang ingin mencari ketenangan batin atau mempelajari lebih dalam tentang agama Buddha.

Fasilitas:
Ruang utama untuk beribadah
Ruang pertemuan
Perpustakaan
Taman
Tempat parkir

Aktivitas yang dapat dilakukan:
Beribadah
Mengikuti kegiatan keagamaan (misalnya meditasi, ceramah Dharma)
Membaca buku di perpustakaan
Bersantai di taman
Berpartisipasi dalam acara-acara kebudayaan","Jl. Terong Kampus No.41-53, Yosorejo, Kec. Metro Tim., Kota Metro, Lampung 34124","b9610dfe-3fdf-498e-a987-b466cb39fe9f","Wisata Religi","metro, vihara, vihara buddha dharma dipa, wisata religi","0"
"efaf6351-0bec-477c-b20b-020ebaa7184a","BIOLOGICAL PARK TUGU MEKARSARI","BIOLOGICAL PARK TUGU MEKARSARI adalah salah satu destinasi wisata menarik di Kabupaten Mesuji, Lampung. Taman ini menawarkan pengalaman yang unik bagi pengunjung, khususnya bagi mereka yang tertarik dengan dunia satwa dan alam.Taman ini kemungkinan besar menampilkan berbagai jenis satwa, baik hewan endemik maupun eksotik. Pengunjung bisa melihat langsung berbagai spesies hewan dalam habitat yang menyerupai habitat aslinya.Selain sebagai tempat rekreasi, taman ini juga berfungsi sebagai pusat edukasi. Pengunjung bisa belajar tentang pentingnya menjaga kelestarian lingkungan dan keanekaragaman hayati.Biasanya, taman semacam ini dilengkapi dengan berbagai fasilitas penunjang, seperti tempat bermain anak, area piknik, restoran, dan toko suvenir.","28VG+WCM, Mekar Sari, Tanjung Raya, Mesuji Regency, Lampung 34698","78c80a91-ae92-4127-89e6-d56c1c1c470d","Wisata Rekreasi (Buatan)","biological park, mesuji, tugu mekar sari, wisata mesuji","0"
"67ee1583-392a-4367-ae98-33748e7791bf","Taman Nusa Indah Mesuji","Taman Nusa Indah Mesuji adalah salah satu destinasi wisata populer di Kabupaten Mesuji, Lampung. Taman ini menawarkan suasana yang asri dan sejuk, menjadikannya tempat yang sempurna untuk melepas penat dan menikmati waktu bersama keluarga atau teman.Taman Nusa Indah dikenal karena perpaduan unik antara suasana taman yang tenang dengan beragam pilihan kuliner. Anda bisa menikmati makanan dan minuman sambil menikmati pemandangan hijau di sekitar.Letaknya yang strategis membuat taman ini mudah dijangkau dan sering dijadikan tempat berkumpul.Meskipun tidak memiliki banyak fasilitas publik yang lengkap, namun taman ini tetap menjadi favorit banyak orang.","285P+WRQ, Brabasan, Tanjung Raya, Mesuji Regency, Lampung 34698","78c80a91-ae92-4127-89e6-d56c1c1c470d","Wisata Rekreasi (Buatan)","mesuji, taman nusa indah, wisata mesuji","0"
"5871f4e2-fcee-4542-bc9c-5b20311941fd","Wisata Capit Urang","Wisata Capit Urang adalah destinasi wisata alam yang menawarkan keindahan danau yang masih asri dan tenang membuat tempat ini cocok untuk bersantai, berpiknik, dan menikmati keindahan alam.

Fasilitas:
Pantai berbatu
Spot foto
Area piknik
Warung makan
Toilet 
Tempat parkir

Aktivitas yang dapat dilakukan:
Berjalan-jalan di pantai
Berfoto
Piknik
Menikmati pemandangan","W8V7+4CF, Purwosari, Metro Utara, Metro City, Lampung 34119","78c80a91-ae92-4127-89e6-d56c1c1c470d","Wisata Rekreasi (Buatan)","capit urang, metro, wisata buatan","0"
"df9cb35a-8c96-4128-b698-142e9e8a5528","Wisata Sungai Kaboeng Mesuji","Sungai Kaboeng di Kabupaten Mesuji, Lampung, telah menjadi destinasi wisata yang semakin populer. Keindahan alamnya yang masih asri dan airnya yang jernih membuat sungai ini menjadi tempat yang sempurna untuk bersantai dan menikmati alam.Salah satu daya tarik utama Sungai Kaboeng adalah airnya yang jernih dan segar. Anda dapat dengan jelas melihat dasar sungai dan berbagai jenis ikan yang berenang di dalamnya.Di sepanjang aliran sungai, terdapat hutan mangrove yang memberikan suasana yang teduh dan asri. Hutan mangrove ini juga berfungsi sebagai penahan abrasi dan habitat bagi berbagai jenis satwa.Sungai Kaboeng kaya akan keanekaragaman hayati. Anda dapat menemukan berbagai jenis ikan, burung, dan tumbuhan di sekitar sungai ini.","5F4Q+5H, Wiralaga I, Mesuji, Mesuji Regency, Lampung 34697","2a86c2ba-96e7-4220-b6da-5a9687402195","Wisata Bahari","mesuji, sungai kaboeng, wiralaga, wisata mesuji","35000"
"48ce4498-544f-43dc-86bd-806bc876d938","Makam Pahlawan Raden Intan II","Makam Pahlawan Raden Intan II adalah tempat peristirahatan terakhir bagi pahlawan nasional Indonesia yang sangat dihormati. Terletak di Lampung Selatan, makam ini menjadi situs sejarah yang penting dan tujuan ziarah bagi masyarakat. Pengunjung dapat merasakan suasana khidmat dan mempelajari sejarah perjuangan Raden Intan II dalam melawan penjajah.

Fasilitas:
Kompleks makam: Area utama yang berisi makam Raden Intan II dan beberapa tokoh penting lainnya.
Museum mini: Menyimpan berbagai artefak dan informasi tentang kehidupan Raden Intan II.
Taman: Area hijau di sekitar kompleks makam yang cocok untuk bersantai.
Tempat parkir: Tersedia tempat parkir yang cukup luas.
Toilet umum: Tersedia fasilitas toilet untuk pengunjung.

Aktivitas yang Dapat Dilakukan:
Ziarah: Menghormati dan mengenang jasa-jasa Raden Intan II.
Belajar sejarah: Membaca informasi yang tersedia di museum mini dan mempelajari sejarah perjuangan Raden Intan II.
Berdoa: Mengajatkan doa di makam Raden Intan II.
Berfoto: Mengabadikan momen di sekitar kompleks makam.
Bersantai: Menikmati suasana tenang di taman.

Jam Operasional:
Buka setiap hari: 24 jam

Tips:
Berpakaian sopan: Saat berkunjung ke tempat ziarah, sebaiknya mengenakan pakaian yang sopan dan tertutup.
Jaga kebersihan: Buang sampah pada tempatnya dan jangan merusak fasilitas yang ada.
Hormati pengunjung lain: Jaga ketenangan dan ketertiban saat berada di kompleks makam.","Gedungharta, Penengahan, South Lampung Regency, Lampung 35592","b9610dfe-3fdf-498e-a987-b466cb39fe9f","Wisata Religi","lampung selatan, makam pahlawan raden intan2, wisata religi","0"
"3b489d11-f407-49a4-8e96-dfe9854ab32f","POOL WATERPALL SPURS","Pool Waterfall Spurs di Way Kanan adalah sebuah destinasi wisata air yang menawarkan pengalaman menyegarkan dengan berbagai kolam renang dan air terjun buatan. Tempat ini dirancang untuk memberikan suasana relaksasi dan kesenangan bagi pengunjung, terutama keluarga. Terdapat area bermain anak, seluncuran, dan spot-spot menarik untuk berfoto. Fasilitas lainnya, seperti tempat makan dan tempat bersantai, juga tersedia, menjadikannya tempat ideal untuk menghabiskan waktu bersama keluarga atau teman. Jika ada informasi spesifik yang ingin kamu ketahui, silakan beri tahu!","7HP3+3WP, Setia Negara, Baradatu, Way Kanan Regency, Lampung 34761","78c80a91-ae92-4127-89e6-d56c1c1c470d","Wisata Rekreasi (Buatan)","kolam renang, spurs, waterpark, way kanan, wisata way kanan","20000"
"9122823b-ff5d-4a31-b2e3-dbae142f60f5","Stallion Stable Metro","Stallion Stable Metro adalah destinasi wisata unik yang menawarkan pengalaman berinteraksi langsung dengan kuda. Terletak di Kota Metro, tempat ini cocok bagi pecinta kuda, keluarga, atau siapa saja yang ingin merasakan sensasi berkuda dan menikmati keindahan alam sekitar.

Fasilitas:
Kandang kuda
Arena berkuda
Trek berkuda
Area piknik
Toilet
Tempat parkir

Aktivitas yang dapat dilakukan:
Berkuda
Memberi makan kuda
Menunggang kuda poni
Piknik
Mengikuti kelas berkuda
Berfoto dengan kuda","Jl. Jambu No.47, Yosomulyo, Kec. Metro Pusat, Kota Metro, Lampung 34111","449fee2f-1791-4a99-9049-61d75548b5ae","Wisata Edukasi","metro, pacuan kuda, wisata edukasi","10000"
"74f88737-bbb0-49da-a7ea-b4a504486c30","Pemandian Air Panas Way Belerang","Pemandian Air Panas Way Belerang adalah tempat wisata yang menawarkan pemandian air panas alami dengan suhu sekitar 40-50 derajat Celsius. Air panas ini dipercaya memiliki khasiat untuk kesehatan, seperti meredakan nyeri otot, meningkatkan sirkulasi darah, dan membantu mengatasi masalah kulit.

Fasilitas:
Kolam air panas
Kamar mandi
Warung makan
Area parkir
Aktivitas yang dapat dilakukan:

Berendam di air panas
Berenang
Menikmati pemandangan alam

Jam operasional:
Buka setiap hari, 06.00-18.00 WIB.

Tips:
Bawalah pakaian renang dan handuk.
Jangan berendam terlalu lama di air panas.
Minumlah air putih yang cukup setelah berendam.
Hati-hati saat berendam, terutama jika Anda memiliki masalah kesehatan.

Akomodasi terdekat:
Hotel Way Belerang (jarak 1,5 km)
Hotel Way Belerang Resort (jarak 2,5 km)
Hotel Way Belerang Indah (jarak 3 km)","7J23+PPV, Gg. Nunyai, Sumur Kumbang, Kec. Kalianda, Kabupaten Lampung Selatan, Lampung 35551","8f6ba969-d3ab-4d75-b8b9-dbc4912f92b2","Wisata Alam","lampung selatan, pemandian air panas way belerang, wisata alam","10000"
"f9ee5d04-c716-4642-b597-38bf6366b554","Waterpark Tirtorejo Way Kanan","Waterpark Tirto Rejo di Way Kanan adalah destinasi rekreasi keluarga yang menawarkan berbagai wahana air, seperti kolam renang, seluncuran, dan area bermain anak. Dengan suasana yang segar dan fasilitas yang memadai, tempat ini menjadi pilihan populer untuk bersantai dan beraktivitas di akhir pekan. Pengunjung juga dapat menikmati area makanan dan minuman di sekitar.","RT 2 RK 3, Kali Papan, Kec. Negeri Agung, Kabupaten Way Kanan, Lampung 34769","78c80a91-ae92-4127-89e6-d56c1c1c470d","Wisata Rekreasi (Buatan)","tirtorejo, waterpark, way kanan, wisata way kanan","25000"
"0019a19e-1414-4a00-9fbe-c6ea764df5bd","Kolam Renang Way Andak Tubaba","Kolam Renang Way Andak merupakan salah satu destinasi wisata air yang cukup populer di Kabupaten Tulang Bawang Barat (Tubaba), Lampung. Terletak di lokasi yang strategis, kolam renang ini menawarkan kesegaran dan relaksasi bagi pengunjung dari berbagai kalangan.Kolam Renang Way Andak dilengkapi dengan berbagai fasilitas yang menunjang kenyamanan pengunjung, seperti:Tersedia beberapa kolam renang dengan kedalaman yang bervariasi, sehingga cocok untuk semua usia.Terdapat area bermain anak dengan berbagai wahana yang menarik, seperti perosotan dan ayunan.Pengunjung dapat bersantai di gazebo sambil menikmati pemandangan sekitar.Tersedia kantin yang menyediakan berbagai macam makanan dan minuman.Fasilitas toilet dan kamar mandi yang bersih dan memadai.","Jl. Raya Mulya Asri, Margo Mulyo, Kec. Tumi Jajar, Kab. Tulang Bawang Barat, Lampung 34693","78c80a91-ae92-4127-89e6-d56c1c1c470d","Wisata Rekreasi (Buatan)","kolam renang, tubaba, waterboom, way andak, wisata tubaba","35000"
"d72432a7-6d17-4679-8231-a361d694a762","Wahana Sewu Angin","Wahana Sewu Angin adalah tempat yang sempurna untuk bersenang-senang bersama keluarga. Nikmati kesegaran air, berbagai wahana air, dan fasilitas pendukung lainnya.

Fasilitas:

Kolam renang dewasa
Kolam renang anak
Seluncuran air
Tempat duduk
Warung makan
Toilet

Aktivitas:

Berenang
Bermain air
Bersantai
Piknik

Jam Operasional:

Biasanya buka setiap hari, namun sebaiknya konfirmasi terlebih dahulu.","Jl. Raya Merapi No.16, Utama Jaya Mataram, Kec. Seputih Mataram, Kabupaten Lampung Tengah, Lampung 34164","78c80a91-ae92-4127-89e6-d56c1c1c470d","Wisata Rekreasi (Buatan)","lampung tengah, seputih mataram, wahana sewu angin, wisata buatan","0"
"433dff01-aa26-411d-9036-e6c833201b0f","Taman Wisata Bunga Asri Bougenvile Resort","Taman Wisata Bunga Asri Bougenvilel Resort adalah destinasi wisata di Kota Metro yang menyajikan keindahan hamparan bunga bougenville dengan berbagai warna. Selain menikmati keindahan bunga, pengunjung juga bisa bersantai di area yang asri dan mengambil foto di berbagai spot menarik.

Fasilitas:
Kebun bunga bougenville
Berbagai spot foto
Area piknik
Saung
Toilet
Tempat parkir

Aktivitas yang dapat dilakukan:
Berfoto
Bersantai
Piknik
Menikmati keindahan alam
Mengagumi berbagai jenis bunga bougenville","Unnamed Road, Tejosari, Kec. Metro Tim., Kota Metro, Lampung 34123","78c80a91-ae92-4127-89e6-d56c1c1c470d","Wisata Rekreasi (Buatan)","bunga bougenvile, metro, taman wisata, wisata buatan","10000"
"a3ae9386-0be0-4845-b7c9-d956661044c6","Makam Ratu Darah Putih","Tentu, ini dia draft deskripsi untuk Makam Ratu Darah Putih, Lampung Selatan yang bisa Anda gunakan untuk Google Maps:

Makam Ratu Darah Putih, Lampung Selatan

Deskripsi Singkat:

Makam Ratu Darah Putih adalah situs sejarah dan religi yang terletak di Lampung Selatan. Makam ini dipercaya sebagai tempat peristirahatan terakhir dari Ratu Darah Putih, seorang tokoh penting dalam sejarah penyebaran Islam di Lampung. Kompleks makam ini tidak hanya menjadi tujuan ziarah bagi umat Islam, tetapi juga menjadi destinasi wisata sejarah yang menarik.

Fasilitas:
Kompleks makam: Terdapat beberapa makam dari keturunan Ratu Darah Putih.
Mushola: Tempat untuk beribadah bagi pengunjung.
Area parkir: Tersedia area parkir untuk kendaraan pengunjung.
Papan informasi: Menyediakan informasi mengenai sejarah dan silsilah Ratu Darah Putih.

Aktivitas yang Dapat Dilakukan:
Ziarah: Mengunjungi makam dan mendoakan arwah Ratu Darah Putih dan keluarganya.
Belajar sejarah: Membaca papan informasi dan mempelajari sejarah penyebaran Islam di Lampung.
Berfoto: Mengabadikan momen di sekitar kompleks makam.
Menikmati suasana religius: Merasakan ketenangan dan kedamaian di sekitar kompleks makam.

Jam Operasional:
Terbuka untuk umum: Kompleks makam biasanya terbuka untuk umum setiap hari, namun waktu terbaik untuk berkunjung adalah saat hari besar agama Islam.

Tips:
Berpakaian sopan: Saat berkunjung ke tempat ziarah, sebaiknya mengenakan pakaian yang sopan dan tertutup.
Jaga kebersihan: Buang sampah pada tempatnya dan jaga kebersihan lingkungan sekitar makam.
Hormati pengunjung lain: Jaga ketertiban dan jangan mengganggu pengunjung lain yang sedang beribadah.","7MJP+P58, Kuripan, Penengahan, South Lampung Regency, Lampung 35592","b9610dfe-3fdf-498e-a987-b466cb39fe9f","Wisata Religi","lampung selatan, makam ratu darah putih, wisata religi","0"
"c5903a45-0200-40c8-bd0f-782acbfbfc82","Kolam Renang GPM","Kolam Renang GPM adalah tempat yang sempurna untuk bersenang-senang bersama keluarga. Nikmati kesegaran air, berbagai wahana air, dan fasilitas pendukung lainnya.

Fasilitas:

Kolam renang dewasa
Kolam renang anak
Seluncuran air
Tempat duduk
Warung makan
Toilet

Aktivitas:

Berenang
Bermain air
Bersantai
Piknik

Jam Operasional:

Biasanya buka setiap hari, namun sebaiknya konfirmasi terlebih dahulu.","CCC6+C8P PT Gula Putih, Terbanggi Ilir, Kec. Bandar Mataram, Kabupaten Lampung Tengah, Lampung 34164","78c80a91-ae92-4127-89e6-d56c1c1c470d","Wisata Rekreasi (Buatan)","gpm, kolam renang gpm, lampung tengah, wisata budaya","0"
"25f651c5-7e3f-4695-92d2-5b57634e7c29","Pantai Muara Indah","Pantai Muara Indah adalah destinasi wisata pantai yang terletak di Lampung Selatan. Pantai ini menawarkan keindahan alam yang masih asri dengan pasir putih yang lembut, deburan ombak yang menenangkan, dan pemandangan sekitar yang indah. Cocok bagi Anda yang ingin menikmati suasana pantai yang tenang dan jauh dari keramaian.

Fasilitas:
Area parkir: Luas dan mudah diakses.
Warung makan: Menjual berbagai macam makanan dan minuman.
Toilet: Tersedia toilet umum.
Gazebo: Tempat bersantai sambil menikmati pemandangan pantai.
Area bermain anak: Permainan anak-anak seperti ayunan dan perosotan.

Aktivitas yang dapat dilakukan:
Berjemur: Nikmati hangatnya sinar matahari di tepi pantai.
Berenang: Bermain air di laut atau kolam renang (jika tersedia).
Memancing: Bagi Anda yang menyukai aktivitas memancing.
Bermain pasir: Membangun istana pasir bersama keluarga atau teman.
Menikmati sunset: Saksikan keindahan matahari terbenam di tepi pantai.
Berkemah: Bagi yang ingin menginap lebih lama.

Jam operasional:
Buka setiap hari: 24 jam

Tips:
Bawa perlengkapan pribadi: Seperti handuk, sunscreen, topi, dan kacamata hitam.
Jaga kebersihan: Buang sampah pada tempatnya.
Hati-hati saat berenang: Perhatikan batas aman berenang.","Suak, Sidomulyo, Lampung Selatan, Lampung","8f6ba969-d3ab-4d75-b8b9-dbc4912f92b2","Wisata Alam","lampung selatan, pantai muara indah, wisata alam","10000"
"a2bb3e85-8450-406f-9746-fbbb0a27d1ed","Tugu Mesir Way Kanan","Tugu Mesir di Way Kanan adalah sebuah monumen yang cukup unik dan menarik perhatian. Meskipun namanya mengacu pada Mesir, namun tidak ada hubungan langsung antara monumen ini dengan peradaban Mesir Kuno. Nama ""Mesir"" yang melekat pada monumen ini lebih mengarah pada nama sebuah kampung di Way Kanan, yaitu Kampung Mesir.Nama ""Mesir"" yang melekat pada kampung dan monumen ini kemungkinan besar berasal dari sejarah migrasi penduduk atau pengaruh budaya dari luar daerah. Namun, asal usul nama yang pasti masih menjadi misteri.Monumen ini lebih dikenal dengan nama ""Monumen Meseer Sakti"". Monumen ini didirikan sebagai penghormatan kepada Tuan Syaih, seorang tokoh yang dianggap sebagai cikal bakal masyarakat Mesir Ilir.Monumen ini tidak hanya sekadar patung, tetapi juga menjadi representasi dari sejarah, budaya, dan semangat juang masyarakat Mesir Ilir. Sosok Tuan Syaih yang digambarkan dalam monumen ini melambangkan kepemimpinan, keberanian, dan kebijaksanaan.","MMM9+J5R, Jl. Lkr. Utara, Mesir Ilir, Kec. Bahuga, Kabupaten Way Kanan, Lampung 34673","bc7c6dcb-d4d3-4158-97ac-e447b2878f3f","Wisata Budaya","tugu mesir, way kanan, wisata way kanan","0"
"bfec574a-264c-4ff2-a22a-e7c6cf8b83f8","Lembah london metro","Lembah London adalah destinasi wisata yang menawarkan suasana asri dan nyaman di tengah Kota Metro. Dengan berbagai fasilitas yang lengkap, tempat ini cocok untuk bersantai, berkumpul bersama keluarga, atau sekadar mencari suasana baru.

Fasilitas:
Taman hijau yang luas
Kolam ikan
Gazebo
Area bermain anak
Tempat makan dan minum
Panggung hiburan
Toilet
Tempat parkir

Aktivitas yang dapat dilakukan:
Bersantai di taman
Bermain di kolam ikan
Bermain di area bermain anak
Menikmati kuliner
Berfoto","R8XH+WJ2, Sebelum taman bunga asri, Tejosari, Kec. Metro Tim., Kota Metro, Lampung 34111","78c80a91-ae92-4127-89e6-d56c1c1c470d","Wisata Rekreasi (Buatan)","lembah london, metro, taman wisata, wisata buatan","10000"
"de1e86f3-1d95-4cfe-9425-040fec0ffd5c","Canguk Gaccak","Canguk Gaccak merupakan situs bersejarah yang sangat penting di Kabupaten Way Kanan, Lampung. Tempat ini memiliki nilai sejarah dan budaya yang tinggi, terutama bagi masyarakat Lampung, khususnya suku Abung.Menurut kepercayaan masyarakat Lampung, Canguk Gaccak merupakan tempat asal usul suku Abung. Dipercaya bahwa leluhur suku Abung, Minak Trio Diso, berasal dari tempat ini.Canguk Gaccak juga merupakan situs arkeologi yang menyimpan banyak artefak dan bukti kehidupan manusia purba di wilayah tersebut.Tempat ini memiliki nilai spiritual yang tinggi bagi masyarakat setempat. Banyak upacara adat dan ritual yang masih dilakukan di kawasan Canguk Gaccak sebagai bentuk penghormatan kepada leluhur.Kompleks makam Minak Trio Diso adalah salah satu daya tarik utama di Canguk Gaccak. Makam ini dianggap sebagai tempat peristirahatan terakhir dari leluhur suku Abung.Di sekitar kompleks makam, terdapat berbagai jenis batu megalitikum seperti dolmen, menhir, dan batu nisan. Batu-batu ini dipercaya memiliki makna spiritual dan digunakan dalam upacara-upacara adat.Selain nilai sejarah dan budaya, Canguk Gaccak juga menawarkan pemandangan alam yang indah. Terdapat sungai, hutan, dan perbukitan yang masih alami.","4H8W+69R, Sidomulyo, Bukit Kemuning, North Lampung Regency, Lampung 34556","bc7c6dcb-d4d3-4158-97ac-e447b2878f3f","Wisata Budaya","canguk gaccak, way kanan, wisata budaya, wisata way kanan","0"
"0bb7f261-f639-4ccb-affe-70e9675ad2a5","Kolam Renang Tirta Giri","Kolam Renang Tirta Giri adalah tempat yang sempurna untuk bersenang-senang bersama keluarga. Nikmati kesegaran air, berbagai wahana air, dan fasilitas pendukung lainnya.

Fasilitas:

Kolam renang
Tempat duduk
Warung makan
Toilet

Aktivitas:

Berenang
Bermain air
Bersantai
Piknik

Jam Operasional:

Biasanya buka setiap hari, namun sebaiknya konfirmasi terlebih dahulu.","perumahan 2 PT Gunung Madu Plantations, Terusan Nunyai, Gn. Batin Udik, Kec. Terusan Nunyai, Kabupaten Lampung Tengah, Lampung 34164","78c80a91-ae92-4127-89e6-d56c1c1c470d","Wisata Rekreasi (Buatan)","kolam renang tirta giri, lampung tengah, wisata buatan","0"
"ad461974-068e-478e-9c3a-c975acfffe7c","Wisata Air Terjun Padas Grojok","Wisata Air Terjun Padas Grojok Rejomulyo adalah destinasi wisata alam yang menawarkan kesegaran air terjun di tengah kota Metro. Dengan keindahan alam yang masih asri dan spot foto yang menarik, tempat ini cocok untuk bersantai dan melepas penat.

Fasilitas:
Air terjun buatan
Area piknik
Spot foto
Toilet
Tempat parkir

Aktivitas yang dapat dilakukan:
Berfoto
Piknik
Bersantai
Menikmati keindahan alam","Rejomulyo, Metro Selatan, Metro City, Lampung 34335","78c80a91-ae92-4127-89e6-d56c1c1c470d","Wisata Rekreasi (Buatan)","metro, padas grojok, wisata air terjun buatan, wisata buatan","10000"
"6a92ed79-79ee-4779-90ef-72177c881486","Pantai Pasir Putih","Pantai Pasir Putih adalah salah satu destinasi wisata pantai yang populer di Lampung Selatan. Dengan pasir putih yang lembut dan air laut yang jernih, pantai ini menawarkan keindahan alam yang memukau. Selain itu, fasilitas yang lengkap dan beragam aktivitas yang bisa dilakukan membuat pantai ini semakin menarik untuk dikunjungi.

Fasilitas:
Area parkir: Luas dan mudah diakses.
Warung makan: Menawarkan berbagai macam makanan dan minuman.
Toilet umum: Terawat dan bersih.
Tempat ibadah: Tersedia mushola untuk pengunjung muslim.
Penginapan: Beberapa penginapan dan villa tersedia di sekitar pantai.
Wahana bermain: Seperti banana boat, jetski, dan sewa perahu.
Spot foto: Banyak spot menarik untuk berfoto, seperti ayunan pantai dan gardu pandang.

Aktivitas yang dapat dilakukan:
Berjemur: Nikmati hangatnya sinar matahari di atas pasir putih.
Berenang: Bermain air di laut yang jernih.
Snorkeling: Melihat keindahan bawah laut dengan berbagai jenis ikan dan terumbu karang.
Berselancar: Bagi yang menyukai tantangan, bisa mencoba berselancar.
Memancing: Nikmati sensasi memancing di laut lepas.
Piknik: Bersantai bersama keluarga atau teman sambil menikmati pemandangan pantai.

Jam operasional:
Buka setiap hari: 24 jam.

Tips:
Datang pagi: Untuk menghindari keramaian dan menikmati suasana yang lebih tenang.
Bawa perlengkapan pribadi: Seperti sunscreen, topi, dan handuk.
Jaga kebersihan: Buang sampah pada tempatnya dan jangan merusak lingkungan sekitar.","Rangai Tri Tunggal, Katibung, Lampung Selatan, Lampung 35452","8f6ba969-d3ab-4d75-b8b9-dbc4912f92b2","Wisata Alam","lampung selatan, pantai pasir putih, wisata alam","20000"
"c006758f-079a-40dd-9df1-f484d6fb06df","Pura Puncak Gunung Sari","Pura Puncak Gunung Sari di Way Kanan adalah tempat ibadah yang terletak di puncak bukit, menawarkan pemandangan spektakuler alam sekitar. Pura ini sering dikunjungi untuk ritual keagamaan dan meditasi, memberikan suasana damai. Keindahan arsitektur pura dan latar belakang alam yang menakjubkan menjadikannya lokasi yang ideal untuk refleksi dan menikmati keindahan alam.","7F4X+FGW, Central Bali Sadar, Banjit, Way Kanan Regency, Lampung 34766","b9610dfe-3fdf-498e-a987-b466cb39fe9f","Wisata Religi","gunung sari, pura puncak, way kanan, wisata way kanan","0"
"92409238-e833-4860-a51a-5f38d58bb475","Taman Wisata Alam Kedung Bundar","Taman Wisata Alam Kedung Bundar adalah surga tersembunyi di Kota Metro yang menawarkan keindahan alam yang menakjubkan. Dengan air yang jernih, bebatuan unik, dan suasana yang sejuk, tempat ini cocok untuk bersantai, berenang, atau sekadar menikmati keindahan alam.

Fasilitas:
Kolam renang alami
Area piknik
Trek hiking
Toilet
Tempat parkir

Aktivitas yang dapat dilakukan:
Berenang
Hiking
Camping
Berfoto","R8Q4+2V6, Rejomulyo, Metro Selatan, Metro City, Lampung 34335","78c80a91-ae92-4127-89e6-d56c1c1c470d","Wisata Rekreasi (Buatan)","metro, taman wisata kedung bundar, wisata buatan","10000"
"a29a0cf2-9402-4f69-9220-c00573cf9f77","Kolam Renang Karya Tama","Kolam Renang Karya Tama adalah tempat yang sempurna untuk bersenang-senang bersama keluarga. Nikmati kesegaran air, berbagai wahana air, dan fasilitas pendukung lainnya.

Fasilitas:

Kolam renang dewasa
Kolam renang anak
Seluncuran air
Tempat duduk
Warung makan
Toilet

Aktivitas:

Berenang
Bermain air
Bersantai
Piknik

Jam Operasional:

Biasanya buka setiap hari, namun sebaiknya konfirmasi terlebih dahulu.","Jl. Proklamator Raya No.222, Bandar Jaya Bar., Kec. Terbanggi Besar, Kabupaten Lampung Tengah, Lampung 34161","78c80a91-ae92-4127-89e6-d56c1c1c470d","Wisata Rekreasi (Buatan)","bandar jaya, kolam renang karya tama, lampung tengah, wisata buatan","15000"
"970c21df-b991-4940-882a-74412e13169c","Pantai Tanjung Selaki","Pantai Tanjung Selaki adalah sebuah destinasi wisata pantai yang menawarkan keindahan alam yang masih asri. Dengan pasir putih yang lembut, deburan ombak yang menenangkan, dan pemandangan laut lepas yang memukau, pantai ini menjadi tempat yang sempurna untuk bersantai dan menikmati keindahan alam.

Fasilitas:
Area parkir: Cukup luas untuk menampung kendaraan pengunjung.
Warung makan: Menjual berbagai macam makanan dan minuman.
Toilet umum: Tersedia untuk kenyamanan pengunjung.
Spot foto: Beberapa spot menarik untuk berfoto dengan latar belakang pantai.
Gazebo: Tempat bersantai sambil menikmati pemandangan.

Aktivitas yang Dapat Dilakukan:
Berjemur: Menikmati sinar matahari di tepi pantai.
Berenang: Bermain air di laut yang jernih.
Berselancar: Bagi yang menyukai tantangan, bisa mencoba berselancar.
Memancing: Menikmati kegiatan memancing di sekitar pantai.
Berkemah: Bagi yang ingin menginap, bisa mendirikan tenda di area yang telah disediakan.
Piknik: Menikmati bekal makan siang bersama keluarga atau teman.
Fotografi: Mengabadikan momen indah di pantai.

Jam Operasional:
Buka 24 jam: Pengunjung bebas datang kapan saja.

Tips:
Bawa perlengkapan pribadi: Seperti handuk, sunscreen, topi, dan kacamata hitam.
Jaga kebersihan: Buang sampah pada tempatnya agar pantai tetap bersih.
Hati-hati saat berenang: Perhatikan tanda peringatan dan jangan berenang terlalu jauh dari pantai.","Tarahan, Katibung, Kabupaten Lampung Selatan, Lampung 35452","8f6ba969-d3ab-4d75-b8b9-dbc4912f92b2","Wisata Alam","lampung selatan, pantai tanjung selaki, wisata alam","10000"
"b88efcda-5ec9-43b8-ad58-83975fb3dc8b","Puncak Neiro Camping & Resort Coffee","Puncak Neiro Camping Resort and Coffe merupakan salah satu destinasi wisata alam yang sedang naik daun di Kabupaten Way Kanan, Lampung. Tempat ini menawarkan pengalaman camping yang unik dan menyenangkan, dipadukan dengan keindahan alam pegunungan yang menakjubkan.Puncak Neiro terletak di ketinggian yang cukup signifikan, sehingga pengunjung dapat menikmati pemandangan alam yang sangat luas dan menakjubkan. Hutan hijau yang asri, perbukitan yang menjulang, dan udara yang sejuk akan membuat Anda merasa tenang dan nyaman.Puncak Neiro menyediakan berbagai fasilitas camping yang cukup lengkap, mulai dari area camping yang luas, tempat api unggun, toilet, hingga warung makan. Anda tidak perlu khawatir membawa perlengkapan camping yang terlalu banyak karena sebagian besar sudah disediakan.Salah satu daya tarik utama Puncak Neiro adalah kopi khasnya. Kopi yang disajikan di sini memiliki cita rasa yang unik dan nikmat, sangat cocok dinikmati sambil menikmati pemandangan alam yang indah.Selain camping, Anda juga bisa melakukan berbagai aktivitas menarik lainnya seperti trekking, bersepeda, atau sekadar bersantai di hammock sambil membaca buku.","5F2C+PP, Rantau Temiang, Banjit, Way Kanan Regency, Lampung","2b3c4b69-79f0-448e-9e8e-f305e5b05d28","Wisata Petualangan","puncak neiro, way kanan, wisata way kanan","25000"
"091f53eb-39bb-4ebf-ab06-89aba8316a91","Taman bunga Celosia Nandini","Taman Bunga Celosia Nandini adalah destinasi wisata baru di Kota Metro yang menawarkan pemandangan indah hamparan bunga celosia berwarna-warni. Dengan berbagai spot foto menarik, taman ini menjadi tempat yang sempurna untuk berburu foto dan bersantai bersama keluarga.

Fasilitas:
Berbagai jenis bunga celosia
Spot foto instagramable
Area piknik
Toilet
Tempat parkir

Aktivitas yang dapat dilakukan:
Berfoto
Bersantai di taman
Berpiknik
Menikmati keindahan alam","R8P8+4CQ, Jl. Fkppi, Rejomulyo, Kec. Metro Sel., Kota Metro, Lampung 34335","18ac88c6-7cfa-4a02-bd37-9be79d112fa1","Wisata Agro","metro, taman celosia nandini, taman wisata, wisata agro","10000"
"6b830d1e-4783-4311-9abb-d89c37221e1a","Kolam Renang Bidadari","Kolam Renang Bidadari adalah tempat yang sempurna untuk bersenang-senang bersama keluarga. Nikmati kesegaran air, berbagai wahana air, dan fasilitas pendukung lainnya.

Fasilitas:

Kolam renang dewasa
Kolam renang anak
Seluncuran air
Tempat duduk
Warung makan
Toilet

Aktivitas:

Berenang
Bermain air
Bersantai
Piknik

Jam Operasional:

Biasanya buka setiap hari, namun sebaiknya konfirmasi terlebih dahulu.","rt 18 dusun 05 wono rejo, desa, Kesuma Jaya, Kec. Bekri, Kabupaten Lampung Tengah, Lampung 34162","78c80a91-ae92-4127-89e6-d56c1c1c470d","Wisata Rekreasi (Buatan)","bekri, kolam renang bidadari, lampung tengah, wisata buatan","15000"
"3992a669-75fa-4ba6-9828-29b76f79b5af","Bukit Pungur","Bukit Punggur adalah sebuah destinasi wisata alam yang populer di Kabupaten Way Kanan, Lampung. Gunung ini dikenal sebagai puncak tertinggi di kabupaten tersebut dengan ketinggian sekitar 1.877 meter di atas permukaan laut. Pemandangan alam yang menakjubkan, udara yang sejuk, dan tantangan pendakian menjadi daya tarik utama bagi para petualang dan pecinta alam.Dari puncak Bukit Punggur, pengunjung dapat menikmati pemandangan alam yang sangat luas dan menakjubkan. Hutan hijau yang terhampar luas, perbukitan yang berundak-undak, dan langit yang cerah akan memanjakan mata.Waktu terbaik untuk menikmati keindahan Bukit Punggur adalah saat matahari terbit dan terbenam. Cahaya matahari yang hangat menyinari puncak gunung menciptakan pemandangan yang sangat indah dan romantis.Jalur pendakian menuju puncak Bukit Punggur cukup menantang, dengan kemiringan yang cukup curam dan medan yang beragam. Namun, tantangan ini akan terbayar lunas dengan keindahan alam yang disajikan di puncak.Sebelum melakukan pendakian, pastikan Anda telah mempersiapkan diri dengan baik. Bawa perlengkapan yang lengkap seperti sepatu hiking, pakaian hangat, senter, perbekalan makanan dan minuman, serta obat-obatan pribadi.","Hutan Register 24, Kasui, Way Kanan Regency, Lampung","2b3c4b69-79f0-448e-9e8e-f305e5b05d28","Wisata Petualangan","bukit pungur, way kanan, wisata way kanan","25000"
"4689f178-a16f-483b-a77b-07952788556b","Wisata Kebun Jeruk Abah dan Family","Wisata Kebun Jeruk Abah dan Family adalah tempat wisata petik jeruk yang terletak di Kota Metro, Lampung. Tempat ini menawarkan pengalaman memetik jeruk langsung dari pohon dan menikmati keindahan alam perkebunan jeruk.

Fasilitas:
Kebun jeruk
Area piknik
Toilet
Tempat parkir

Aktivitas yang dapat dilakukan:
Memetik jeruk
Berpiknik
Berjalan-jalan di kebun jeruk","Dusun 1 Jl. Raya Metro Kibang No.1, RT.01/RW.01, Kibang, Kec. Metro Kibang, Kabupaten Lampung Timur, Lampung 34331","18ac88c6-7cfa-4a02-bd37-9be79d112fa1","Wisata Agro","kebun jeruk abah dan family, metro, wisata agro, wisata kebun jeruk","10000"
"29e86afd-b571-47c7-950e-64e73e4d006f","Wisata Gupit Park","Gupit Park di Way Kanan adalah destinasi wisata alam yang menampilkan pemandangan indah dengan hutan tropis, air terjun, dan area trekking. Tempat ini cocok untuk para pecinta alam yang ingin menikmati suasana tenang sambil beraktivitas di luar ruangan. Fasilitas seperti area piknik dan spot foto menarik juga tersedia, menjadikannya pilihan tepat untuk liburan keluarga atau rekreasi bersama teman. Apakah ada aspek tertentu yang ingin kamu ketahui lebih dalam?","PH77+F6, Suka Dana, Buay Bahuga, Way Kanan Regency, Lampung","8f6ba969-d3ab-4d75-b8b9-dbc4912f92b2","Wisata Alam","curup, gupit park, way kanan, wisata way kanan","5000"
"9d4544d7-be7d-4a0d-8395-89ff5e50d6ec","Sebalang Eco Park","Sebalang Eco Park adalah destinasi wisata alam yang menawarkan keindahan pantai dan hutan mangrove yang masih alami. Terletak di Lampung Selatan, tempat ini menyuguhkan pemandangan yang menyegarkan dan berbagai aktivitas menarik bagi pengunjung dari segala usia.

Fasilitas:
Pantai: Pantai dengan pasir putih bersih dan air laut yang jernih, cocok untuk berenang, berjemur, dan bermain pasir.
Hutan mangrove: Jalur trekking di hutan mangrove yang menawarkan pengalaman unik menjelajahi ekosistem mangrove.
Gazebo: Tempat bersantai sambil menikmati pemandangan pantai.
Warung makan: Menyediakan berbagai macam makanan dan minuman.
Toilet umum: Tersedia fasilitas toilet yang bersih.
Area parkir: Tersedia area parkir yang cukup luas.

Aktivitas yang Dapat Dilakukan:
Berjalan-jalan di pantai: Menikmati keindahan pantai dan bermain pasir.
Berenang: Berenang di laut yang tenang.
Trekking di hutan mangrove: Menjelajahi ekosistem mangrove yang unik.
Berkayak: Menyewa kayak untuk menjelajahi perairan sekitar.
Camping: Mendirikan tenda dan menikmati suasana malam di pantai.
Fotografi: Mengabadikan momen indah di Sebalang Eco Park.

Jam Operasional:
Biasanya buka 24 jam, namun disarankan untuk datang saat pagi atau sore hari untuk menghindari terik matahari.

Tips:
Bawa perlengkapan pantai: Seperti handuk, sunscreen, topi, dan kacamata hitam.
Jaga kebersihan: Buang sampah pada tempatnya dan jangan merusak lingkungan.
Hati-hati saat berenang: Perhatikan batas aman untuk berenang.
Gunakan alas kaki yang nyaman: Saat trekking di hutan mangrove.","C95Q+G8W, Jl. Patih Canggih, Karya Tunggal, Kec. Katibung, Kabupaten Lampung Selatan, Lampung 35452","8f6ba969-d3ab-4d75-b8b9-dbc4912f92b2","Wisata Alam","lampung selatan, sebalang eco park, wisata alam","0"
"c7f50272-1f6c-4b11-bfd9-191540db76dd","Kolam Renang Tirta Dewa","Kolam Renang Tirta Dewa adalah tempat yang sempurna untuk bersenang-senang bersama keluarga. Nikmati kesegaran air, berbagai wahana air, dan fasilitas pendukung lainnya.

Fasilitas:

Kolam renang dewasa
Kolam renang anak
Seluncuran air
Tempat duduk
Warung makan
Toilet

Aktivitas:

Berenang
Bermain air
Bersantai
Piknik

Jam Operasional:

Biasanya buka setiap hari, namun sebaiknya konfirmasi terlebih dahulu.","W4JX+9RX, Kesuma Jaya, Bekri, Central Lampung Regency, Lampung 34162","78c80a91-ae92-4127-89e6-d56c1c1c470d","Wisata Rekreasi (Buatan)","bekri, kolam renang tirta dewa, lampung tengah, wisata buatan","0"
"5b24781f-c134-430c-aa1e-a690e4fe3edf","Agrowisata Petik Jeruk BP.Zainal","Agrowisata Petik Jeruk BP.Zainal adalah tempat wisata petik jeruk yang terletak di Kota Metro, Lampung. Tempat ini menawarkan pengalaman memetik jeruk langsung dari pohon dan menikmati keindahan alam perkebunan jeruk.

Fasilitas:
Kebun jeruk
Area piknik
Toilet
Tempat parkir

Aktivitas yang dapat dilakukan:
Memetik jeruk
Berpiknik
Berjalan-jalan di kebun jeruk","R8C6+7QH, Rejomulyo, Metro Selatan, Metro City, Lampung 34331","18ac88c6-7cfa-4a02-bd37-9be79d112fa1","Wisata Agro","agro wisata, kebun jeruk, metro, wisata agro","10000"
"59e07cfc-03af-43b4-82ed-b719c5a49a12","Embung Bumi Jaya Way Kanan","Embung Bumi Jaya di Way Kanan, Lampung, merupakan sebuah bendungan kecil yang dibangun untuk menampung air hujan dan seringkali dijadikan sebagai tempat wisata yang menarik. Embung ini memiliki potensi besar untuk dikembangkan sebagai destinasi wisata karena keindahan alamnya yang masih asri.Embung ini biasanya dikelilingi oleh pepohonan hijau dan perbukitan yang asri, sehingga memberikan suasana yang tenang dan damai.Banyak embung yang dikembangkan menjadi tempat wisata yang menarik dengan fasilitas seperti perahu dayung, area piknik, atau bahkan spot memancing.Selain sebagai objek wisata, embung juga berfungsi sebagai sumber air untuk mengairi lahan pertanian di sekitarnya.Embung seringkali menjadi habitat bagi berbagai jenis burung, ikan, dan serangga.","MVH6+J4H, Bumi Jaya, Negara Batin, Way Kanan Regency, Lampung 34762","78c80a91-ae92-4127-89e6-d56c1c1c470d","Wisata Rekreasi (Buatan)","embung bumi jaya, way kanan, wisata way kanan","0"
"20d101ab-94d1-42af-91da-532b30ef692f","Kolam Renang TDA Gembira Ria","Kolam Renang TDA Gembira Ria adalah tempat yang sempurna untuk bersenang-senang bersama keluarga. Nikmati kesegaran air, berbagai wahana air, dan fasilitas pendukung lainnya.

Fasilitas:

Kolam renang dewasa
Kolam renang anak
Seluncuran air
Tempat duduk
Warung makan
Toilet

Aktivitas:

Berenang
Bermain air
Bersantai
Piknik

Jam Operasional:

Biasanya buka setiap hari, namun sebaiknya konfirmasi terlebih dahulu.","39Q3+R42, Rama Indera, Seputih Raman, Central Lampung Regency, Lampung 34155","78c80a91-ae92-4127-89e6-d56c1c1c470d","Wisata Rekreasi (Buatan)","lampung tengah, seputih raman, tda gembira ria swimming pool, wisata buatan","0"
"cb817f4b-c18e-46af-a2f1-249464a9bd3c","Batu Ceper","Batu Ceper adalah destinasi wisata alam yang unik di Lampung Selatan, menawarkan pemandangan bebatuan besar yang menjulang dan tersebar di area yang luas. Pemandangan ini terbentuk secara alami akibat proses geologis dan menjadi daya tarik bagi para pengunjung yang ingin menikmati keindahan alam yang berbeda.

Fasilitas:
Area parkir: Tersedia area parkir yang cukup luas untuk menampung kendaraan pengunjung.
Jalur trekking: Beberapa jalur trekking telah dibuat untuk memudahkan pengunjung menjelajahi area Batu Ceper.
Spot foto: Banyak spot foto menarik dengan latar belakang bebatuan besar dan pemandangan alam sekitar.
Warung makan: Terdapat warung makan yang menyediakan makanan dan minuman ringan.
Toilet umum: Tersedia fasilitas toilet untuk pengunjung.

Aktivitas yang Dapat Dilakukan:
Trekking: Menjelajahi area Batu Ceper melalui jalur trekking yang telah disediakan.
Berfoto: Mengabadikan momen dengan latar belakang bebatuan yang unik.
Piknik: Menikmati suasana alam yang tenang sambil membawa bekal makanan.
Camping: Bagi yang ingin bermalam, bisa mendirikan tenda di area yang telah ditentukan.

Jam Operasional:
Buka setiap hari: 24 jam

Tips:
Pakai alas kaki yang nyaman: Karena Anda akan banyak berjalan.
Bawa air minum yang cukup: Terutama jika Anda berencana melakukan trekking.
Jangan merusak lingkungan: Jaga kebersihan dan kelestarian alam Batu Ceper.","Surung Barang, Tarahan, Kec. Katibung, Kabupaten Lampung Selatan, Lampung 35452","8f6ba969-d3ab-4d75-b8b9-dbc4912f92b2","Wisata Alam","batu ceper, lampung selatan, wisata alam","0"
"1747a7cc-0b75-43bf-9f42-f503d50b541a","Bumi Perkemahan Kiara Payung Kwarcab Metro","Bumi Perkemahan Kiara Payung Kwarcab Kota Metro adalah tempat perkemahan yang terletak di Kota Metro, Lampung. Tempat ini menawarkan berbagai fasilitas untuk kegiatan berkemah, seperti lapangan perkemahan, area api unggun, dan toilet. Bumi Perkemahan Kiara Payung Kwarcab Kota Metro juga sering digunakan untuk kegiatan kepanduan dan pramuka.

Fasilitas:
Lapangan perkemahan
Area api unggun
Toilet
Mushola
Dapur umum
Tempat parkir

Aktivitas yang dapat dilakukan:
Berkemah
Api unggun
Hiking
Bermain permainan
Kegiatan kepanduan dan pramuka","R8G2+55F, Sumbersari, Metro Selatan, Metro City, Lampung 34331","449fee2f-1791-4a99-9049-61d75548b5ae","Wisata Edukasi","bumi perkemahan kiara payung, buper, kwarcab metro, metro, wisata edukasi","0"
"c92ce86e-a22b-49a7-9bfb-f6f3b3d1f718","Kolam Renang Telaga Putri","Kolam Renang Telaga Putri adalah tempat yang sempurna untuk bersenang-senang bersama keluarga. Nikmati kesegaran air, berbagai wahana air, dan fasilitas pendukung lainnya.

Fasilitas:

Kolam renang dewasa
Kolam renang anak
Seluncuran air
Tempat duduk
Warung makan
Toilet

Aktivitas:

Berenang
Bermain air
Bersantai
Piknik

Jam Operasional:

Biasanya buka setiap hari, namun sebaiknya konfirmasi terlebih dahulu.","JL Seputih Banyak, SB14, Lampung Tengah, Siswa Bangun, Metro, Kabupaten Lampung Tengah, Lampung 34156","78c80a91-ae92-4127-89e6-d56c1c1c470d","Wisata Rekreasi (Buatan)","kolam renang telaga putri, lampung tengah, wisata buatan","15000"
"1c0a2f99-d323-41a6-911e-3527048bfbdf","Stadion Tejosari","Stadion Tejosari adalah stadion sepak bola yang terletak di Kota Metro, Lampung. Stadion ini memiliki kapasitas sekitar 10.000 penonton dan sering digunakan untuk pertandingan sepak bola dan acara olahraga lainnya.

Fasilitas:
Lapangan sepak bola
Tribun penonton
Ruang ganti
Toilet
Area parkir

Aktivitas yang dapat dilakukan:
Menonton pertandingan sepak bola
Bermain sepak bola
Berlari
Bersepeda","Lembah london, 24, Tejosari, Kec. Metro Tim., Kota Metro, Lampung 34111","78c80a91-ae92-4127-89e6-d56c1c1c470d","Wisata Rekreasi (Buatan)","metro, stadion, stadion tejosari, wisata rekreasi","0"
"570500de-ce09-4c12-bb84-b6ffd4f28560","Permata Waterboom","Permata Waterboom adalah tempat yang sempurna untuk bersenang-senang bersama keluarga. Nikmati kesegaran air, berbagai wahana air, dan fasilitas pendukung lainnya.

Fasilitas:

Kolam renang dewasa
Kolam renang anak
Seluncuran air
Tempat duduk
Warung makan
Toilet

Aktivitas:

Berenang
Bermain air
Bersantai
Piknik

Jam Operasional:

Biasanya buka setiap hari, namun sebaiknya konfirmasi terlebih dahulu.","WVPG+M9G, Segala Mider, Pubian, Central Lampung Regency, Lampung 34176","78c80a91-ae92-4127-89e6-d56c1c1c470d","Wisata Rekreasi (Buatan)","lampung tengah, permata waterboom, pubian, wisata buatan","0"
"2fda598c-0465-4b67-a8b3-b04f6ed5225e","Kampoeng Vietnam","Kampoeng Vietnam adalah destinasi wisata kekinian di Bandar Lampung yang menawarkan suasana alam yang asri dan spot foto yang Instagramable. Meskipun namanya ""Vietnam"", tempat ini tidak memiliki hubungan langsung dengan negara Vietnam, namun menawarkan suasana yang mirip dengan pedesaan di Vietnam dengan pemandangan perbukitan yang hijau.

Fasilitas:
Spot foto unik: Berbagai spot foto menarik seperti pondok kaca, ayunan, sepeda gantung, dan latar belakang perbukitan yang indah.
Kafe dan restoran: Menyediakan berbagai pilihan makanan dan minuman dengan suasana yang nyaman.
Area bermain anak: Tersedia area bermain untuk anak-anak.
Toilet umum: Tersedia fasilitas toilet yang bersih.
Area parkir: Tersedia area parkir yang cukup luas.

Aktivitas yang Dapat Dilakukan:
Berfoto: Mengabadikan momen dengan latar belakang pemandangan alam yang indah.
Bersantai: Menikmati suasana alam yang tenang dan udara segar.
Mencicipi kuliner: Mencoba berbagai makanan dan minuman yang tersedia di kafe.
Bermain bersama keluarga: Menikmati waktu bersama keluarga di area bermain anak.

Jam Operasional:
Buka setiap hari: Biasanya mulai pukul 07.00 - 22.00 WIB.

Tips:
Datang di pagi atau sore hari: Untuk menghindari cuaca terlalu panas dan mendapatkan pencahayaan yang bagus untuk foto.
Bawa kamera: Untuk mengabadikan momen indah Anda.
Kenakan pakaian yang nyaman: Karena Anda akan banyak berjalan-jalan.","Jl. Wan Abdurrahman, Sumber Agung, Kec. Kemiling, Kota Bandar Lampung, Lampung 35156","78c80a91-ae92-4127-89e6-d56c1c1c470d","Wisata Rekreasi (Buatan)","bandar lampung, kampoeng vietnam, wisata buatan","10000"
"66689230-36d6-411c-8535-ae705757eda9","Taman Makam Pahlawan Kota Metro","Taman Makam Pahlawan Kota Metro adalah tempat peristirahatan terakhir bagi para pahlawan yang telah berjuang untuk kemerdekaan Indonesia. Terletak di Kota Metro, Lampung, taman ini memiliki suasana yang khidmat dan tenang.

Fasilitas:
Monumen peringatan
Area pemakaman
Taman hijau
Area parkir

Aktivitas yang dapat dilakukan:
Berziarah
Mengheningkan cipta
Berjalan-jalan di taman","V7HQ+CWH, Ganjarasri, Metro Barat, Metro City, Lampung 34121","bc7c6dcb-d4d3-4158-97ac-e447b2878f3f","Wisata Budaya","metro, taman makam pahlawan, wisata budaya","0"
"f436c865-d23c-47d4-bf51-55c89dca9a8f","Lembah BKP","Lembah BKP adalah taman rekreasi yang terletak di Jalan Bukit Jati Raya No.RT.12, Kemiling Permai, Kec. Kemiling, Kota Bandar Lampung, Lampung 35147, Indonesia. Taman ini menawarkan berbagai fasilitas dan kegiatan untuk pengunjung, seperti kolam renang, taman bermain, dan area piknik. Lembah BKP juga merupakan tempat yang populer untuk mengadakan acara, seperti pesta ulang tahun dan pernikahan.

Fasilitas:
Kolam renang
Taman bermain
Area piknik
Tempat parkir
Toilet umum

Aktivitas yang dapat dilakukan:
Berenang
Bermain di taman bermain
Berpiknik
Berjalan-jalan
Bersepeda

Jam operasional:
Buka setiap hari, 09.00-18.00 WIB.

Tips:
Datanglah lebih awal untuk menghindari keramaian.
Bawalah pakaian renang dan handuk jika ingin berenang.
Bawalah makanan dan minuman jika ingin berpiknik.
Gunakan alas kaki yang nyaman saat berjalan-jalan atau bersepeda.
Hormatilah pengunjung lain dan jaga kebersihan taman.

Akomodasi terdekat:
Hotel Grand Elty Krakatau (jarak 1,5 km)
Hotel Sentral (jarak 1,7 km)
Hotel Bumi Kedaton (jarak 2,1 km)","Jl. Bukit Jati Raya No.RT.12, Kemiling Permai, Kec. Kemiling, Kota Bandar Lampung, Lampung 35147","78c80a91-ae92-4127-89e6-d56c1c1c470d","Wisata Rekreasi (Buatan)","bandar lampung, lembah bkp, wisata buatan","15000"
"db336a87-b87f-482d-91e2-7402c5514185","Waterpark Abu Nawas","Waterpark Abu Nawas adalah tempat yang sempurna untuk bersenang-senang bersama keluarga. Nikmati kesegaran air, berbagai wahana air, dan fasilitas pendukung lainnya.

Fasilitas:

Kolam renang dewasa
Kolam renang anak
Seluncuran air
Tempat duduk
Warung makan
Toilet

Aktivitas:

Berenang
Bermain air
Bersantai
Piknik

Jam Operasional:

Biasanya buka setiap hari, namun sebaiknya konfirmasi terlebih dahulu.","7G6X+P97, Reno Basuki, Rumbia, Central Lampung Regency, Lampung 34168","78c80a91-ae92-4127-89e6-d56c1c1c470d","Wisata Rekreasi (Buatan)","lampung tengah, rumbia, waterpar abu nawas, wisata buatan","10000"
"75573179-0aea-48dc-93fc-bf3198aeebb7","Kolam Renang Gunung Merah","Kolam Renang Gunung Merah adalah tempat yang sempurna untuk bersenang-senang bersama keluarga. Nikmati kesegaran air, berbagai wahana air, dan fasilitas pendukung lainnya.

Fasilitas:

Kolam renang dewasa
Kolam renang anak
Seluncuran air
Tempat duduk
Warung makan
Toilet

Aktivitas:

Berenang
Bermain air
Bersantai
Piknik

Jam Operasional:

Biasanya buka setiap hari, namun sebaiknya konfirmasi terlebih dahulu.","3695+G9V, East Bandar Jaya, Terbanggi Besar, Central Lampung Regency, Lampung 34163","78c80a91-ae92-4127-89e6-d56c1c1c470d","Wisata Rekreasi (Buatan)","bandarjaya, kolam renang gunung merah, lampung tengah, wisata buatan","15000"
"bc27b212-e34a-4af6-b897-f925d04203e7","Puncak Mas","Puncak Mas adalah tempat wisata di Bandar Lampung yang menawarkan pemandangan kota yang indah dari ketinggian. Tempat ini memiliki gubuk dan dek kayu yang dilengkapi dengan properti artistik untuk selfie, serta dikelilingi oleh pohon-pohon tinggi di bukit.

Fasilitas:
Gubuk dan dek kayu
Properti artistik untuk selfie
Pohon-pohon tinggi
Pemandangan kota yang indah

Aktivitas yang dapat dilakukan:
Selfie
Menikmati pemandangan kota
Bersantai di gubuk atau dek kayu

Jam operasional:
Buka setiap hari, pukul 08.00-23.00 WIB.

Tips:
Datanglah pada pagi atau sore hari untuk mendapatkan pemandangan yang lebih baik.
Bawalah kamera untuk mengabadikan momen indah di Puncak Mas.
Kenakan pakaian yang nyaman dan sepatu yang kokoh.
Jangan membuang sampah sembarangan.

Tambahan:
Puncak Mas juga merupakan tempat yang populer untuk berfoto pre-wedding.
Tempat ini sering dikunjungi oleh wisatawan lokal maupun mancanegara.","H6HH+R98, Jl. PB. Marga, Sukadana Ham, Kec. Tj. Karang Bar., Kota Bandar Lampung, Lampung 35215","78c80a91-ae92-4127-89e6-d56c1c1c470d","Wisata Rekreasi (Buatan)","bandar lampung, puncak mas, wisata buatan","20000"
"6b92ce8d-b4e4-4e92-9d41-756d7f98e4b6","Bukit Sakura Kemiling","Bukit Sakura Kemiling adalah destinasi wisata populer di Bandar Lampung yang menawarkan suasana bak negeri sakura. Dengan hamparan bunga sakura yang cantik dan pemandangan kota yang indah, tempat ini menjadi spot favorit untuk bersantai dan berfoto.

Fasilitas:
Spot foto: Berbagai spot foto menarik dengan latar belakang bunga sakura dan pemandangan kota.
Taman: Area hijau yang luas untuk bersantai dan piknik.
Kantin: Menyediakan berbagai macam makanan dan minuman.
Toilet umum: Tersedia untuk kenyamanan pengunjung.
Area parkir: Cukup luas untuk menampung kendaraan pengunjung.

Aktivitas yang Dapat Dilakukan:
Berfoto: Mengabadikan momen dengan latar belakang bunga sakura yang indah.
Bersantai: Menikmati suasana tenang di taman sambil membaca buku atau mendengarkan musik.
Piknik: Menikmati makanan bersama keluarga atau teman.
Bermain permainan tradisional: Beberapa area menyediakan permainan tradisional seperti layang-layang atau congklak.
Menyaksikan pemandangan kota: Dari puncak bukit, pengunjung dapat menikmati pemandangan kota Bandar Lampung.

Jam Operasional:
Buka setiap hari pukul 08.00—21.00 WIB, namun disarankan untuk datang saat pagi atau sore hari untuk menghindari cuaca yang terlalu panas.

Tips:
Datang saat musim kemarau: Bunga sakura akan lebih banyak mekar dan pemandangan akan lebih indah.
Bawa kamera: Untuk mengabadikan momen-momen indah di Bukit Sakura.
Kenakan pakaian yang nyaman: Karena Anda akan banyak berjalan-jalan.
Jangan buang sampah sembarangan: Jaga kebersihan lingkungan.

Tambahan:
Event: Terkadang ada event-event khusus yang diadakan di Bukit Sakura, seperti festival musik atau pameran seni.","H6WC+GX2, Jl. Melati Raya, Langkapura, Kec. Langkapura, Kota Bandar Lampung, Lampung 35115","78c80a91-ae92-4127-89e6-d56c1c1c470d","Wisata Rekreasi (Buatan)","bandar lampung, bukit sakura kemiling, wisata buatan","15000"
"cb9d702a-ef3c-42f4-9e34-0b3c464c2f99","Embung Way Lahat","Embung Way Lahat adalah sebuah danau buatan yang terletak di Kabupaten Tulang Bawang Barat (Tubaba), Lampung. Embung ini menjadi salah satu destinasi wisata yang populer di daerah tersebut, menawarkan keindahan alam yang menyejukkan dan berbagai aktivitas rekreasi. Embung Way Lahat dikelilingi oleh pepohonan hijau yang rimbun, menciptakan suasana yang tenang dan sejuk. Air danau yang jernih memantulkan langit biru, memberikan pemandangan yang indah. Embung ini juga menjadi habitat bagi berbagai jenis burung dan ikan, menambah keanekaragaman hayati di kawasan tersebut. Selain menikmati keindahan alam, pengunjung juga dapat melakukan berbagai aktivitas menarik di Embung Way Lahat, seperti:

Berjalan-jalan: Menjelajahi area sekitar embung sambil menikmati udara segar dan pemandangan yang indah.
Bersepeda: Menyewa sepeda untuk berkeliling embung dan sekitarnya.
Memancing: Bagi para penggemar memancing, embung ini menawarkan spot memancing yang menarik dengan berbagai jenis ikan air tawar.
Berkemah: Bagi yang ingin merasakan sensasi berkemah di alam bebas, area sekitar embung menyediakan tempat yang cocok untuk mendirikan tenda.
Piknik: Membawa bekal dan menggelar tikar di tepi embung sambil menikmati pemandangan.","J5WF+WRC, Mekar Sari Jaya, Lambu Kibang, West Tulang Bawang Regency, Lampung 34792","78c80a91-ae92-4127-89e6-d56c1c1c470d","Wisata Rekreasi (Buatan)","embung way lahat, tubaba, wisata tubaba","0"
"ccb205f2-eed6-4c23-aa1d-b2d94e542dbb","Pantai Tiska","Pantai Tiska adalah salah satu destinasi wisata pantai yang populer di Bandar Lampung. Dengan pasir putih yang lembut, deburan ombak yang menenangkan, dan pemandangan laut lepas yang indah, pantai ini menawarkan suasana yang santai dan cocok untuk bersantai bersama keluarga atau teman.

Fasilitas:
Area parkir: Luas dan mudah diakses.
Warung makan: Menawarkan berbagai macam makanan dan minuman.
Toilet umum: Tersedia dalam kondisi bersih.
Tempat duduk: Banyak tersedia bangku dan gazebo untuk bersantai.
Area bermain anak: Tersedia ayunan dan perosotan.

Aktivitas yang dapat dilakukan:
Berjemur: Nikmati hangatnya sinar matahari di tepi pantai.
Bermain air: Berenang, berselancar, atau sekadar bermain air di pinggir pantai.
Memancing: Bagi yang menyukai memancing, bisa mencoba memancing di sekitar pantai.
Berjalan-jalan: Nikmati suasana pantai sambil berjalan-jalan santai di sepanjang garis pantai.
Piknik: Bawa bekal dan menggelar tikar untuk piknik bersama keluarga atau teman.
Menikmati sunset: Saksikan keindahan matahari terbenam yang memukau.

Jam operasional:
Buka setiap hari pukul 08.00—22.00 WIB.

Tips:
Bawa sunscreen: Lindungi kulit dari sengatan matahari.
Bawa topi dan kacamata hitam: Untuk melindungi mata dari sinar matahari.
Jaga kebersihan: Buang sampah pada tempatnya.
Hati-hati saat berenang: Perhatikan batas aman untuk berenang.","AH25 No.32, Srengsem, Kec. Panjang, Kota Bandar Lampung, Lampung","8f6ba969-d3ab-4d75-b8b9-dbc4912f92b2","Wisata Alam","bandar lampung, pantai tiska, wisata alam","10000"
"4ef1d09f-839a-4085-973b-4e359232025c","Agro Wisata Kulon Rowo Tubaba","Agro Wisata Kulon Rowo adalah salah satu destinasi wisata menarik di Kabupaten Tulang Bawang Barat (Tubaba), Lampung. Dengan keindahan alamnya yang masih asri dan berbagai aktivitas yang ditawarkan, tempat ini menjadi pilihan tepat bagi Anda yang ingin melepas penat dari hiruk pikuk kota. Salah satu daya tarik utama Agro Wisata Kulon Rowo adalah keindahan alamnya yang masih alami. Pemandangan perbukitan hijau yang mengelilingi danau buatan yang luas menciptakan suasana yang tenang dan menyejukkan. Udara segar dan suara gemericik air menjadi kombinasi yang sempurna untuk bersantai.  Selain menikmati keindahan alam, pengunjung juga dapat melakukan berbagai aktivitas menarik di Agro Wisata Kulon Rowo, seperti:

Berkeliling Danau: Anda dapat menyewa perahu untuk berkeliling danau dan menikmati pemandangan sekitar dari sudut yang berbeda.
Memancing: Bagi para penggemar memancing, danau ini menawarkan spot memancing yang menarik dengan berbagai jenis ikan air tawar.
Berkemah: Bagi yang ingin merasakan sensasi berkemah di alam bebas, area sekitar danau menyediakan tempat yang cocok untuk mendirikan tenda.
Piknik: Membawa bekal dan menggelar tikar di tepi danau sambil menikmati pemandangan adalah salah satu cara yang menyenangkan untuk menghabiskan waktu bersama keluarga atau teman.
Berjalan-jalan: Menjelajahi area sekitar danau sambil menikmati udara segar dan pemandangan alam yang indah.","C34X+QPX, Pulung Kencana, Tulang Bawang Tengah, West Tulang Bawang Regency, Lampung","18ac88c6-7cfa-4a02-bd37-9be79d112fa1","Wisata Agro","agro wisata, kulon rowo, tubaba, wisata tubaba","10000"
"a3cb7418-b8ae-4c05-98d5-a158fa461ee5","Bukit AsLan","Bukit AsLan adalah tempat wisata yang terletak di Jalan Bukit Aslan No.2, Way Gubak, Kec. Sukabumi, Kota Bandar Lampung, Lampung 35244, Indonesia. Bukit ini menawarkan pemandangan kota Bandar Lampung yang indah dari ketinggian. Bukit AsLan juga memiliki beberapa fasilitas seperti tempat parkir, toilet, dan warung makan.

Fasilitas:
Tempat parkir
Toilet
Warung makan

Aktivitas yang dapat dilakukan:
Menikmati pemandangan kota Bandar Lampung
Berfoto
Bersantai

Jam operasional:
Senin: Tutup
Selasa: 14.00–22.00
Rabu: 14.00–22.00
Kamis: 14.00–22.00
Jumat: 14.00–22.00
Sabtu: 14.00–22.00
Minggu: 10.00–22.00

Tips:
Datanglah pada sore hari untuk menikmati pemandangan matahari terbenam.
Bawalah kamera untuk mengabadikan momen indah di Bukit AsLan.
Kenakan pakaian yang nyaman dan sepatu yang kokoh.

Tambahan:
Bukit AsLan juga merupakan tempat yang populer untuk bersepeda dan jogging.
Bukit AsLan sering dikunjungi oleh wisatawan lokal maupun mancanegara.
Bukit AsLan adalah tempat yang cocok untuk menghabiskan waktu bersama keluarga atau teman.","Jl. Bukit Aslan No.2, Way Gubak, Sukabumi, Bandar Lampung City, Lampung 35244","78c80a91-ae92-4127-89e6-d56c1c1c470d","Wisata Rekreasi (Buatan)","bandar lampung, bukit aslan, wisata buatan","25000"
"c8879bd1-cd3c-48a1-8f61-2fb2c8101f1d","Kebun Durian Mulya Jaya","Kebun Durian Mulya Jaya di Kabupaten Tulang Bawang Barat (Tubaba), Lampung, adalah destinasi yang wajib dikunjungi bagi para pecinta durian. Terkenal dengan kualitas duriannya yang super, kebun ini menawarkan pengalaman unik mencicipi durian langsung dari pohon. Durian Segar dari Pohon: Pengunjung bisa langsung memetik durian dari pohonnya sendiri, merasakan sensasi kesegaran buah yang baru dipetik.
Varietas Durian Lokal: Kebun ini memiliki beragam varietas durian lokal dengan rasa yang khas dan unik.
Suasana Pedesaan: Keindahan alam pedesaan dengan hamparan kebun durian yang luas memberikan pengalaman yang berbeda.
Harga Terjangkau: Harga durian di kebun ini relatif terjangkau dibandingkan dengan membeli di pasar.","P4P3+PH5, Unnamed Road, Mulya Jaya, Kec. Gn. Agung, Kab. Tulang Bawang Barat, Lampung 34684","18ac88c6-7cfa-4a02-bd37-9be79d112fa1","Wisata Agro","durian tubaba, kebun durian, tubaba, wisata tubaba","50000"
"ccb6ade6-6dbd-443f-8ffc-38ce7c331392","Puncak Gunung Balau","Puncak Gunung Balau menawarkan panorama kota Bandar Lampung yang memukau dari ketinggian. Dengan udara yang sejuk dan pemandangan matahari terbenam yang indah, tempat ini menjadi favorit bagi warga lokal maupun wisatawan untuk bersantai dan menikmati keindahan alam.

Fasilitas:
Area parkir: Cukup luas untuk menampung kendaraan pengunjung.
Warung makan: Menjual berbagai macam makanan dan minuman ringan.
Spot foto: Beberapa spot menarik untuk berfoto dengan latar belakang pemandangan kota.
Area duduk: Tempat santai sambil menikmati pemandangan.

Aktivitas yang Dapat Dilakukan:
Menikmati pemandangan kota: Mengagumi keindahan Bandar Lampung dari ketinggian.
Berfoto: Mengabadikan momen dengan latar belakang pemandangan kota yang indah, terutama saat matahari terbenam.
Bersantai: Menikmati suasana yang tenang sambil menikmati pemandangan.
Berkumpul bersama teman atau keluarga: Tempat yang cocok untuk menghabiskan waktu bersama orang terkasih.

Jam Operasional:
Biasanya buka 24 jam, namun disarankan untuk datang saat sore hari untuk menikmati pemandangan matahari terbenam.

Tips:
Datang saat cuaca cerah: Untuk mendapatkan pemandangan kota yang terbaik.
Bawa kamera: Agar bisa mengabadikan momen indah di sini.
Kenakan pakaian yang nyaman: Karena Anda akan banyak berjalan-jalan.
Hati-hati saat mengambil foto: Pastikan Anda berada di tempat yang aman.","Way Gubak, Panjang, Bandar Lampung City, Lampung 35451","8f6ba969-d3ab-4d75-b8b9-dbc4912f92b2","Wisata Alam","bandar lampung, puncak gunung balau, wisata alam","15000"
"7648fdb8-0e1a-42ff-88e9-a92e74d83251","Kolam Renang Family Park","Kolam Renang Family Park adalah tempat yang sempurna untuk bersenang-senang bersama keluarga. Nikmati kesegaran air, berbagai wahana air, dan fasilitas pendukung lainnya.

Fasilitas:

Kolam renang dewasa
Kolam renang anak
Seluncuran air
Tempat duduk
Warung makan
Toilet

Aktivitas:

Berenang
Bermain air
Bersantai
Piknik

Jam Operasional:

Biasanya buka setiap hari, namun sebaiknya konfirmasi terlebih dahulu.","V3RF+QFX, Tanjung Jaya, Bangunrejo, Central Lampung Regency, Lampung 34173","78c80a91-ae92-4127-89e6-d56c1c1c470d","Wisata Rekreasi (Buatan)","bangunrejo, kolam renang family park, lampung tengah, wisata buatan","0"
"e6c6f49d-024d-4590-9a09-b037d5056632","Auditoriun Kesenian Tubaba","Auditoriun Kesenian Tubaba merupakan salah satu ikon kebudayaan di Kabupaten Tulang Bawang Barat, Lampung. Gedung pertunjukan ini dirancang dengan arsitektur modern dan dilengkapi dengan fasilitas yang mumpuni, menjadikannya tempat yang ideal untuk berbagai kegiatan seni dan budaya. Auditoriun Kesenian Tubaba memiliki peran yang sangat penting dalam memajukan seni dan budaya di daerah tersebut. Beberapa fungsi utama dari auditorium ini antara lain:
Tempat Pertunjukan: Auditorium ini sering digunakan untuk berbagai pertunjukan seni, seperti teater, musik, tari, dan pameran seni rupa.
Pusat Kegiatan Budaya: Selain pertunjukan, auditorium juga menjadi pusat berbagai kegiatan budaya lainnya, seperti workshop, seminar, dan festival seni.
Ikon Kota: Dengan desain yang menarik dan fasilitas yang lengkap, auditorium ini menjadi salah satu ikon kota dan menjadi daya tarik tersendiri bagi wisatawan.
Untuk mendukung berbagai kegiatan seni dan budaya, Auditoriun Kesenian Tubaba dilengkapi dengan berbagai fasilitas yang lengkap, antara lain:

Panggung Utama: Panggung utama yang luas dan dilengkapi dengan tata suara dan pencahayaan yang canggih.
Ruang Balai Sidang: Ruang serbaguna yang dapat digunakan untuk berbagai acara, seperti seminar, rapat, dan konferensi.
Ruang Pameran: Ruang pameran yang luas untuk memamerkan karya seni rupa.
Ruang Latihan: Ruang latihan untuk para seniman dan kelompok seni.
Foyer: Ruang terbuka yang dapat digunakan untuk berbagai kegiatan, seperti pameran atau gathering.","F38M+QVW, Panaragan Jaya, Tulang Bawang Tengah, West Tulang Bawang Regency, Lampung 34693","bc7c6dcb-d4d3-4158-97ac-e447b2878f3f","Wisata Budaya","auditoriun, budaya tubaba, sanggar seni, wisata tubaba","0"
"e84de416-1fc4-4a8b-8a82-b2031b02ffdc","Pantai Puri Gading","Pantai Puri Gading adalah pantai yang terletak di Jalan Laksamana R.E.Martadinata, Sukamaju, Kecamatan Teluk Betung Bar., Kota Bandar Lampung, Lampung 35231, Indonesia. Pantai ini memiliki pasir putih yang lembut, air laut yang jernih, dan pemandangan yang indah. Pantai Puri Gading juga dilengkapi dengan berbagai fasilitas, seperti tempat parkir, toilet, dan warung makan.

Fasilitas:
Tempat parkir
Toilet
Warung makan

Aktivitas yang dapat dilakukan:
Berenang
Berjemur
Bermain pasir
Menikmati pemandangan

Jam operasional:
Buka setiap hari, 09.00-17.00 WIB.

Tips:
Datanglah pada pagi atau sore hari untuk menghindari terik matahari.
Bawalah kacamata hitam, topi, dan tabir surya.
Jangan membuang sampah sembarangan.

Akomodasi terdekat:
Hotel Puri Gading (jarak 100 meter)
Hotel Sentral (jarak 1,5 km)
Hotel Bumi Kedaton (jarak 2,1 km)","G6HX+MX2, Jl. Laksamana R.E.Martadinata, Sukamaju, Kec. Tlk. Betung Bar., Kota Bandar Lampung, Lampung 35231","8f6ba969-d3ab-4d75-b8b9-dbc4912f92b2","Wisata Alam","bandar lampung, pantai puri gading, wisata alam","25000"
"97f0f793-cb69-491d-ab6a-08fe4295fc3c","Kolam Renang Abang Adek","Kolam Renang Abang Adek adalah tempat yang sempurna untuk bersenang-senang bersama keluarga. Nikmati kesegaran air, berbagai wahana air, dan fasilitas pendukung lainnya.

Fasilitas:

Kolam renang dewasa
Kolam renang anak
Seluncuran air
Tempat duduk
Warung makan
Toilet

Aktivitas:

Berenang
Bermain air
Bersantai
Piknik

Jam Operasional:

Biasanya buka setiap hari, namun sebaiknya konfirmasi terlebih dahulu.","Tempuran, Trimurjo, Central Lampung Regency, Lampung 34125","78c80a91-ae92-4127-89e6-d56c1c1c470d","Wisata Rekreasi (Buatan)","kolam renang abang adek, lampung tengah, trimurjo, wisata buatan","10000"
"02665ab7-06a2-4fae-b046-7f0d50a896ba","Danau Lebak Napan Jaya","Danau Lebak Napan Jaya adalah sebuah destinasi wisata alam yang menarik di Kabupaten Tulang Bawang Barat, Lampung. Danau ini menawarkan keindahan alam yang masih asri dan suasana yang tenang, menjadikannya tempat yang sempurna untuk melepas penat dan menikmati keindahan alam.Salah satu daya tarik utama Danau Lebak Napan Jaya adalah keindahan alamnya yang masih alami. Air danau yang jernih memantulkan langit biru, dikelilingi oleh pepohonan hijau yang rimbun. Suasana yang tenang dan sejuk membuat pengunjung merasa nyaman dan betah berlama-lama di sini.Selain menikmati keindahan alam, pengunjung juga dapat melakukan berbagai aktivitas menarik di sekitar Danau Lebak Napan Jaya, seperti:

Memancing: Bagi para penggemar memancing, danau ini menawarkan spot memancing yang menarik dengan berbagai jenis ikan yang bisa didapatkan.
Berkemah: Bagi yang ingin merasakan sensasi berkemah di alam bebas, area sekitar danau menyediakan tempat yang cocok untuk mendirikan tenda.
Piknik: Membawa bekal dan menggelar tikar di tepi danau sambil menikmati pemandangan adalah salah satu cara yang menyenangkan untuk menghabiskan waktu bersama keluarga atau teman.
Berjalan-jalan: Menjelajahi area sekitar danau sambil menikmati udara segar dan pemandangan alam yang indah.","J265+VWH, Toto Wonodadi, batu putih, West Tulang Bawang Regency, Lampung 34683","8f6ba969-d3ab-4d75-b8b9-dbc4912f92b2","Wisata Alam","danau lebak, napan jaya, tubaba, wisata tubaba","15000"
"e56f798d-d841-49dc-8627-a0289ca07547","Dwi Karya Waterpark","Dwi Karya Waterpark adalah tempat yang sempurna untuk bersenang-senang bersama keluarga. Nikmati kesegaran air, berbagai wahana air, dan fasilitas pendukung lainnya.

Fasilitas:

Kolam renang dewasa
Kolam renang anak
Seluncuran air
Tempat duduk
Warung makan
Toilet

Aktivitas:

Berenang
Bermain air
Bersantai
Piknik

Jam Operasional:

Biasanya buka setiap hari, namun sebaiknya konfirmasi terlebih dahulu.","Kampung VII, Lempuyang Bandar, Kec. Way Pengubuan, Kabupaten Lampung Tengah, Lampung 93114","78c80a91-ae92-4127-89e6-d56c1c1c470d","Wisata Rekreasi (Buatan)","dwi karya waterpark, lampung tengah, way pengubuan, wisata buatan","20000"
"083de88f-afd7-4274-8ded-58ec202c7517","Taman Faiz","Taman Faiz Tubaba adalah sebuah taman yang terletak di Kabupaten Tulang Bawang Barat, Provinsi Lampung. Taman ini menawarkan berbagai fasilitas dan aktivitas untuk pengunjung dari segala usia.

Fasilitas

Beberapa fasilitas yang tersedia di Taman Faiz Tubaba antara lain:

Taman bermain: Taman bermain anak-anak dengan berbagai perlengkapan seperti ayunan, perosotan, dan jungkat-jungkit.
Kolam ikan: Kolam ikan yang bisa dikunjungi pengunjung untuk melihat berbagai jenis ikan.
Tempat duduk: Kursi-kursi dan gazebo yang bisa digunakan untuk beristirahat atau menikmati pemandangan.
Kantin: Kantin yang menjual makanan dan minuman.
Toilet: Toilet umum untuk pengunjung.","Unnamed Road, Karta, Tulang Bawang Udik, West Tulang Bawang Regency, Lampung 34691","78c80a91-ae92-4127-89e6-d56c1c1c470d","Wisata Rekreasi (Buatan)","taman faiz, tubaba, wisata tubaba","5000"
"aba74ade-82ac-4d17-9703-cb4bf55e80c2","Water Park CitraGarden Lampung","Water Park Citra Garden adalah taman air yang terletak di Jl. DR. Setia Budi No.170, Negeri Olok Gading, Kec. Tlk. Betung Bar., Kota Bandar Lampung, Lampung 35233, Indonesia. Taman air ini menawarkan berbagai macam wahana air yang menyenangkan untuk semua usia.

Fasilitas:
Kolam renang dewasa
Kolam renang anak
Seluncur air
Lazy river
Water playground
Restoran
Kafe
Toilet
Loker

Aktivitas yang dapat dilakukan:
Berenang
Bermain seluncur air
Bermain di water playground
Bersantai di lazy river
Makan dan minum di restoran atau kafe

Jam operasional:
Senin: Tutup
Selasa: Tutup
Rabu: Tutup
Kamis: 13.00–18.00
Jumat: 13.00–18.00
Sabtu: 08.00–18.00
Minggu: 08.00–18.00

Tips:
Datanglah lebih awal untuk menghindari antrian panjang.
Bawalah pakaian renang dan handuk.
Gunakan tabir surya untuk melindungi kulit Anda dari sinar matahari.
Tetap waspada dan ikuti petunjuk keselamatan.

Akomodasi terdekat:
Hotel Citra Garden (jarak 1,5 km)
Hotel Sentral (jarak 2,5 km)
Hotel Bumi Kedaton (jarak 3,5 km)","Jl. DR. Setia Budi No.170, Negeri Olok Gading, Kec. Tlk. Betung Bar., Kota Bandar Lampung, Lampung 35233","78c80a91-ae92-4127-89e6-d56c1c1c470d","Wisata Rekreasi (Buatan)","bandar lampung, water park citragarden lampung, wisata buatan","45000"
"14f3b711-6da6-4917-bc15-c03239cd6910","Kolam Renang Lamondo Water Park","Kolam Renang Lamondo Water Park adalah tempat yang sempurna untuk bersenang-senang bersama keluarga. Nikmati kesegaran air, berbagai wahana air, dan fasilitas pendukung lainnya.

Fasilitas:

Kolam renang dewasa
Kolam renang anak
Seluncuran air
Tempat duduk
Warung makan
Toilet

Aktivitas:

Berenang
Bermain air
Bersantai
Piknik

Jam Operasional:

Biasanya buka setiap hari, namun sebaiknya konfirmasi terlebih dahulu.","26Q5+HFQ, Seputih Jaya, Gunung Sugih, Central Lampung Regency, Lampung 34161","78c80a91-ae92-4127-89e6-d56c1c1c470d","Wisata Rekreasi (Buatan)","gunung sugih, kolam renang lamondo water park, lampung tengah, wisata buatan","0"
"1bb7b2e7-4b9f-42c8-bb4f-0c17b3bbbc4f","Nuwo Bonsai Tubaba","Nuwo Bonsai Tubaba adalah sebuah tempat wisata yang terletak di Kabupaten Tulang Bawang Barat, Lampung. Tempat ini terkenal dengan koleksi bonsai-bonsai yang indah dan unik.Nuwo Bonsai Tubaba berdiri pada tahun 2014. Awalnya, tempat ini hanya merupakan kebun pribadi milik seorang penggemar bonsai. Namun, seiring dengan semakin banyaknya koleksi bonsai dan pengunjung yang tertarik, tempat ini kemudian dikembangkan menjadi sebuah destinasi wisata.Nuwo Bonsai Tubaba memiliki koleksi bonsai yang sangat beragam, meliputi berbagai jenis pohon seperti beringin, cemara, dan jambu air. Bonsai-bonsai di sini dibentuk dengan teknik-teknik khusus yang membutuhkan kesabaran dan keterampilan tinggi. Beberapa bonsai di Nuwo Bonsai Tubaba bahkan telah berusia puluhan tahun.Selain koleksi bonsai, Nuwo Bonsai Tubaba juga menawarkan berbagai fasilitas lainnya, seperti:

Taman: Taman yang luas dan hijau di sekitar kebun bonsai.
Kolam ikan: Kolam ikan koi yang menambah keindahan suasana.
Tempat istirahat: Tempat duduk dan gazebo untuk pengunjung yang ingin beristirahat.
Kantin: Kantin yang menyediakan makanan dan minuman.","F38J+JR3, Panaragan Jaya Utama, Tulang Bawang Tengah, West Tulang Bawang Regency, Lampung 34693","18ac88c6-7cfa-4a02-bd37-9be79d112fa1","Wisata Agro","nuwo bonsai, tubaba, wisata agro, wisata tubaba","5000"
"ef196eca-f7a7-4992-b0e8-c8bc3950a2fb","Wisata Bendungan Sumur Putri","Bendungan Sumur Putri adalah destinasi wisata yang menawarkan keindahan alam dan kesegaran air. Terletak di [Lokasi yang tepat], bendungan ini menjadi tempat yang populer untuk bersantai, piknik, dan menikmati pemandangan alam yang asri. Selain itu, terdapat juga sumber air panas yang dipercaya memiliki khasiat bagi kesehatan.

Fasilitas:
Area rekreasi: Tersedia area yang luas untuk bersantai, piknik, dan bermain.
Kolam pemandian air panas: Kolam dengan air panas alami yang dipercaya memiliki khasiat kesehatan.
Warung makan: Menawarkan berbagai macam makanan dan minuman.
Toilet umum: Tersedia fasilitas toilet yang bersih.
Area parkir: Tersedia tempat parkir yang cukup luas.

Aktivitas yang Dapat Dilakukan:
Berendam di air panas: Merelaksasikan tubuh dengan berendam di kolam air panas.
Piknik: Menikmati suasana alam yang tenang sambil membawa bekal makanan.
Berjalan-jalan: Mengelilingi area bendungan dan menikmati pemandangan.
Memancing: Bagi yang menyukai kegiatan memancing, terdapat area khusus untuk memancing.
Berfoto: Mengabadikan momen indah di sekitar bendungan.

Jam Operasional:
Buka setiap hari pukul 06.00—20.00 WIB, namun disarankan untuk datang pada pagi atau sore hari untuk menghindari cuaca yang terlalu panas.

Tips:
Bawa perlengkapan piknik: Jika ingin piknik, siapkan tikar, makanan, dan minuman.
Gunakan pakaian renang: Jika ingin berendam di kolam air panas.
Jaga kebersihan: Buang sampah pada tempatnya dan jangan merusak fasilitas yang ada.","H66W+J96, Sumur Putri, Teluk Betung Utara, Bandar Lampung , Lampung 35229","78c80a91-ae92-4127-89e6-d56c1c1c470d","Wisata Rekreasi (Buatan)","bandar lampung, wisata bendungan sumur putri, wisata buatan","0"
"5dbc468e-d20a-44a2-a1c1-bf82d03422ef","Taman Pengabdian Tiyuh Mulya Jaya","Taman Pengabdian Tiyuh Mulya Jaya Tubaba merupakan salah satu contoh nyata dari partisipasi masyarakat dalam mewujudkan lingkungan yang lebih baik. Terletak di Kabupaten Tulang Bawang Barat, Lampung, taman ini tidak hanya menjadi ruang terbuka hijau yang indah, tetapi juga simbol semangat gotong royong dan kepedulian terhadap lingkungan. Pembangunan Taman Pengabdian ini terinspirasi dari visi Bupati Tubaba untuk menciptakan lingkungan yang asri dan ramah bagi masyarakat. Taman ini dibangun dengan konsep ekologi, yang berarti memperhatikan keseimbangan antara lingkungan alam dan kebutuhan manusia. Tujuan utama pembangunan taman ini adalah:

Meningkatkan kualitas hidup masyarakat: Menyediakan ruang terbuka hijau yang dapat digunakan untuk bersantai, berolahraga, dan berinteraksi sosial.
Mendorong partisipasi masyarakat: Membangun rasa memiliki dan tanggung jawab masyarakat terhadap lingkungan sekitar.
Melestarikan lingkungan: Menjaga kelestarian alam dan keanekaragaman hayati.
Fasilitas dan Aktivitas
Taman Pengabdian Tiyuh Mulya Jaya dilengkapi dengan berbagai fasilitas yang dapat dinikmati oleh masyarakat, seperti:

Jalur jogging:
Area bermain anak:
Tempat duduk:
Kolam ikan:
Taman bunga:
Selain itu, taman ini juga sering dijadikan tempat untuk mengadakan berbagai kegiatan masyarakat, seperti:

Senam pagi:
Perlombaan:
Pameran:","P4R3+2P4, Unnamed Road, Mulya Jaya, Kec. Gn. Agung, Kab. Tulang Bawang Barat, Lampung 34684","78c80a91-ae92-4127-89e6-d56c1c1c470d","Wisata Rekreasi (Buatan)","mulya jaya, taman pengabdian, tubaba, wisata tubaba","0"
"4520b1e1-6113-47c0-84ae-acae4317f9d9","Uluan Nughik Tubaba","Uluan Nughik adalah sebuah destinasi wisata budaya yang terletak di Kabupaten Tulang Bawang Barat, Lampung. Nama ""Uluan Nughik"" sendiri memiliki makna yang dalam, yaitu ""atas kehidupan"" atau ""awal kehidupan"". Nama ini dipilih karena kawasan ini diharapkan menjadi awal dari kehidupan yang lebih baik bagi masyarakat Tubaba
Konsep ""Kota Kehidupan"": Uluan Nughik terinspirasi dari konsep ""Kota Kehidupan"" yang pernah ada di masa lalu. Konsep ini menekankan pada kehidupan yang selaras dengan alam dan menjunjung tinggi nilai-nilai budaya.
Luas dan Asri: Kawasan ini memiliki luas sekitar 1.800 hektare dan didominasi oleh ruang terbuka hijau, taman-taman, dan berbagai fasilitas umum. Suasananya yang asri dan sejuk membuatnya menjadi tempat yang ideal untuk bersantai dan melepas penat.
Paduan Budaya dan Modern: Uluan Nughik berhasil memadukan unsur budaya tradisional dengan sentuhan modern. Hal ini terlihat dari arsitektur bangunannya yang unik dan menarik.
Fasilitas Lengkap: Kawasan ini dilengkapi dengan berbagai fasilitas, seperti taman bermain, area piknik, pusat kuliner, dan berbagai wahana lainnya.
Gratis: Salah satu keunggulan Uluan Nughik adalah pengunjung tidak perlu membayar tiket masuk.","F38P+W4C, Unnamed Road, Panaragan Jaya, Tulang Bawang Tengah, West Tulang Bawang Regency, Lampung 34693","bc7c6dcb-d4d3-4158-97ac-e447b2878f3f","Wisata Budaya","tubaba, uluan nughik, wisata tubaba","0"
"78332bc9-bcd5-45bf-87f8-2f97ba77b337","Situs Megalitikum Batuberak","Situs Megalitikum Batuberak adalah sebuah kompleks megalitikum yang terletak di Lampung Barat. Situs ini merupakan peninggalan peradaban kuno yang menyimpan misteri dan pesona tersendiri. Dengan ratusan batu besar yang tersusun dalam berbagai formasi, situs ini menawarkan pengalaman unik bagi pengunjung untuk menjelajahi sejarah dan budaya masa lalu.

Fasilitas:
Jalur trekking: Jalur yang telah ditata untuk memudahkan pengunjung menjelajahi area situs.
Papan informasi: Papan yang berisi penjelasan mengenai sejarah dan fungsi situs.
Area parkir: Tersedia area parkir untuk kendaraan pengunjung.
Toilet umum: Tersedia fasilitas toilet untuk kenyamanan pengunjung.

Aktivitas yang Dapat Dilakukan:
Menjelajahi situs: Berjalan-jalan menyusuri jalur trekking dan mengamati berbagai formasi batu.
Belajar sejarah: Membaca papan informasi dan mempelajari sejarah situs megalitikum.
Berfoto: Mengabadikan momen di antara batu-batu megalitikum yang unik.
Riset dan studi: Bagi peneliti dan mahasiswa, situs ini dapat dijadikan objek penelitian.

Jam Operasional:
Buka setiap hari: Situs ini umumnya terbuka untuk umum setiap hari, namun disarankan untuk menghubungi pengelola setempat untuk informasi terbaru.

Tips:
Pakai alas kaki yang nyaman: Karena Anda akan banyak berjalan.
Bawa air minum: Terutama jika Anda berkunjung pada siang hari yang terik.
Hormati situs: Jangan merusak atau mengukir batu-batu megalitikum.
Gunakan jasa pemandu lokal: Jika ingin penjelasan yang lebih mendalam tentang situs.","WGVH+P7P, jl.lebuay kec.kebun tebu, Purawiwitan, Wonosobo, Kabupaten Lampung Barat, Lampung 34871","bc7c6dcb-d4d3-4158-97ac-e447b2878f3f","Wisata Budaya","lampung barat, situs megalitikum batuberak, wisata budaya","0"
"f7b68bfa-3776-49f4-ba99-47e5b56b3122","Kolam Renang Mutiara Desa Bumi Restu","Kolam Renang Mutiara Desa Bumi Restu adalah tempat yang sempurna untuk bersenang-senang bersama keluarga. Nikmati kesegaran air, berbagai wahana air, dan fasilitas pendukung lainnya.

Fasilitas:

Kolam renang dewasa
Kolam renang anak
Seluncuran air
Tempat duduk
Warung makan
Toilet

Aktivitas:

Berenang
Bermain air
Bersantai
Piknik

Jam Operasional:

Biasanya buka setiap hari, namun sebaiknya konfirmasi terlebih dahulu.","Bumi Restu, Abung Surakarta, North Lampung Regency, Lampung","78c80a91-ae92-4127-89e6-d56c1c1c470d","Wisata Rekreasi (Buatan)","abung surakarta, kolam renang mutiara desa bumi restu, lampung utara, wisata buatan","10000"
"02f5a6c2-5ceb-4d57-a7de-943ccbfc3aed","Taman Kura-Kura Tubaba","Taman Kura-Kura Tubaba adalah sebuah taman wisata yang terletak di Kabupaten Tulang Bawang Barat, Provinsi Lampung, Indonesia. Taman ini merupakan salah satu destinasi wisata yang populer di daerah tersebut, terutama bagi keluarga dan anak-anak.

Taman ini memiliki berbagai fasilitas, seperti:

Kolam kura-kura: Taman ini memiliki kolam-kolam besar yang dihuni oleh berbagai jenis kura-kura, baik kura-kura darat maupun air. Pengunjung dapat melihat dan berinteraksi dengan hewan-hewan ini dari dekat.
Taman bermain: Taman ini juga dilengkapi dengan berbagai fasilitas bermain untuk anak-anak, seperti ayunan, perosotan, dan jungkat-jungkit.
Area piknik: Taman ini memiliki area piknik yang nyaman untuk pengunjung yang ingin menikmati makanan dan minuman bersama keluarga atau teman-teman.
Restoran: Taman ini juga memiliki beberapa restoran yang menyajikan berbagai jenis makanan dan minuman.
Taman Kura-Kura Tubaba merupakan tempat yang cocok untuk menghabiskan waktu bersama keluarga atau teman-teman. Taman ini menawarkan suasana yang tenang dan nyaman, serta berbagai aktivitas yang dapat dinikmati oleh semua usia.","C4P6+MFR, Tirta Kencana, agrobisnis, West Tulang Bawang Regency, Lampung 34693","78c80a91-ae92-4127-89e6-d56c1c1c470d","Wisata Rekreasi (Buatan)","anak, hewan, taman kura kura, tubaba, wisata tubaba","5000"
"e7ada17f-2ebc-4273-83c5-3b62e8a62257","Taman Wisata Pemandian Ratu Darah Putih","Taman Wisata Pemandian Ratu Darah Putih adalah destinasi wisata alam yang menawarkan kesegaran air dari tujuh mata air alami. Terletak di Desa Maringgai, Lampung Timur, tempat ini juga memiliki nilai sejarah yang kuat, terkait dengan keberadaan Makam Ratu Darah Putih. Nikmati suasana tenang dan alami sambil berendam di air yang segar. Pemandian Ratu Darah Putih memiliki air yang jernih dan bersih, mengalir ke sungai yang bermuara di pantai timur Lampung Timur. Karena kejernihan airnya, tempat mandi ini digunakan sebagai tempat mandi oleh warga setempat dan juga sebagai sumber air PDAM.

Fasilitas:
Area pemandian dengan tujuh mata air
Tempat bilas
Tempat berganti pakaian
Area parkir

Aktivitas yang dapat dilakukan:
Berendam di air pemandian
Bersantai di sekitar pemandian
Berkunjung ke Makam Ratu Darah Putih
Piknik","JQXW+4Q6, Maringgai, Labuhan Maringgai, East Lampung Regency, Lampung 34198","8f6ba969-d3ab-4d75-b8b9-dbc4912f92b2","Wisata Alam","lampung timur, pemandian ratu darah putih, wisata alam, wisata pemandian","0"
"f793bc89-5f0e-4626-a23f-2d748185f33a","Waterboom Satria Fortuna","Waterboom Satria Fortuna adalah tempat yang sempurna untuk bersenang-senang bersama keluarga. Nikmati kesegaran air, berbagai wahana air, dan fasilitas pendukung lainnya.

Fasilitas: 

Kolam renang dewasa, kolam renang anak, seluncuran air, tempat duduk, warung makan, toilet

Aktivitas: 

Berenang, bermain air, bersantai, piknik

Jam operasional: 

Biasanya buka setiap hari, namun sebaiknya konfirmasi terlebih dahulu.","Unnamed Road, Tj. Waras, Kec. Bukit Kemuning, Kabupaten Lampung Utara, Lampung 34556","78c80a91-ae92-4127-89e6-d56c1c1c470d","Wisata Rekreasi (Buatan)","bukit kemuning, lampung utara, waterboom satria fortuna, wisata buatan","15000"
"4531e41a-7810-4850-9d92-0463e9fc44dd","Pantai Keruju","Pantai Keruju adalah salah satu destinasi wisata pantai yang menarik di Lampung Timur. Terletak di Muara Gading MAS, Labuhan Maringgai, pantai ini menawarkan suasana yang lebih tenang dibandingkan dengan Pantai Kerang Mas yang berdekatan.

Ciri khas Pantai Keruju:
Pasir: Berpasir putih dengan butiran agak besar dan sedikit bercampur pecahan kulit kerang.
Air: Tidak terlalu jernih, namun ombaknya tenang sehingga aman untuk bermain air.
Suasana: Lebih sepi dan tenang dibandingkan pantai-pantai di sekitarnya.

Aktivitas:
Bermain air
Bersantai di tepi pantai","Muara Gading MAS, Labuhan Maringgai, East Lampung Regency, Lampung","8f6ba969-d3ab-4d75-b8b9-dbc4912f92b2","Wisata Alam","lampung timur, pantai, pantai keruju, wisata alam, wisata pantai","10000"
"0da7ef35-cd72-4930-900b-0d96e616c3b0","Air Terjun Semantung","Air Terjun Semantung adalah surga tersembunyi di Lampung Barat. Tersembunyi di tengah hutan lebat, air terjun ini menawarkan keindahan alam yang masih sangat alami dengan airnya yang jernih dan segar. Suara gemericik air dan pemandangan hijau di sekitarnya akan membuat Anda merasa tenang dan jauh dari hiruk pikuk kota.

Fasilitas:
Area parkir: Tersedia area parkir untuk kendaraan roda dua.
Jalur trekking: Jalur setapak yang menantang menuju air terjun.
Tempat bersantai: Area di sekitar air terjun yang bisa digunakan untuk bersantai dan piknik.
Aktivitas yang Dapat Dilakukan:

Trekking: Menjelajahi hutan dan menikmati keindahan alam sepanjang perjalanan menuju air terjun.
Berenang: Berenang di kolam alami di bawah air terjun (jika memungkinkan, tergantung pada kedalaman dan arus air).
Piknik: Menikmati suasana alam yang sejuk sambil membawa bekal.
Fotografi: Mengabadikan keindahan alam Air Terjun Semantung.

Jam Operasional:
Terbuka 24 jam: Namun, disarankan untuk mengunjungi pada pagi atau sore hari untuk menghindari cuaca ekstrem.

Tips:
Siapkan fisik: Perjalanan menuju air terjun cukup menantang, pastikan Anda dalam kondisi fisik yang fit.
Bawa perbekalan: Siapkan makanan dan minuman secukupnya.
Jaga kebersihan: Buang sampah pada tempatnya dan jangan merusak lingkungan sekitar.
Hati-hati saat berenang: Perhatikan kedalaman air dan arus sebelum berenang.","Basungan, Pagar Dewa, Lampung Barat, Lampung 34879","8f6ba969-d3ab-4d75-b8b9-dbc4912f92b2","Wisata Alam","air terjun semantung, lampung barat, wisata alam","0"
"7aa494c3-da41-458b-8e72-7d639b41cfd8","Pantai Cemara Indah","Pantai Cemara Indah adalah destinasi wisata pantai yang populer di Lampung Timur. Terkenal dengan pasir putihnya, air laut yang jernih, dan pohon cemara yang rindang, pantai ini menawarkan suasana yang tenang dan menyegarkan. Pengunjung dapat menikmati berbagai aktivitas seperti berenang, berselancar, dan menikmati keindahan alam. Fasilitas yang tersedia cukup lengkap, termasuk area parkir dan tempat makan. Pantai ini juga memiliki hutan bakau yang menjadi habitat bagi beragam flora dan fauna.","Bandar Negeri, Labuhan Maringgai, East Lampung Regency, Lampung","8f6ba969-d3ab-4d75-b8b9-dbc4912f92b2","Wisata Alam","lampung timur, pantai, pantai cemara indah, wisata alam, wisata pantai","10000"
"3c262e1e-8512-45a0-a009-ef572674e9e3","Taman Bambu Tiyuh Gunung Sari","Taman Bambu Tiyuh Gunung Sari merupakan salah satu destinasi wisata menarik di Kabupaten Tulang Bawang Barat, Lampung. Dengan keindahan alamnya yang begitu khas, taman ini menawarkan pengalaman yang berbeda bagi para pengunjung.Taman ini didominasi oleh tanaman bambu yang tumbuh subur dan tertata rapi. Keindahan hijau dari ribuan batang bambu menciptakan suasana yang asri dan menenangkan. Selain itu, terdapat berbagai macam jenis bambu yang bisa Anda temui di sini, menambah kekayaan flora di taman ini.Berjalan-jalan santai: Nikmati udara segar sambil berjalan menyusuri jalan setapak yang teduh di antara rimbunnya bambu.
Berfoto: Banyak spot menarik yang bisa Anda jadikan latar belakang foto, seperti jembatan bambu, gazebo, atau area perkebunan bambu.
Piknik: Bawa bekal dan menggelar tikar di bawah pohon bambu untuk menikmati suasana yang tenang bersama keluarga atau teman.
Belajar tentang bambu: Bagi Anda yang tertarik, ada area khusus yang menyajikan informasi tentang berbagai jenis bambu dan manfaatnya.","J5R4+J63, Jl. Rajawali, Tiyuh, Gunung Sari, Lambu Kibang, West Tulang Bawang Regency, Lampung 34792","78c80a91-ae92-4127-89e6-d56c1c1c470d","Wisata Rekreasi (Buatan)","gunung sari, taman tiyuh, tubaba, wisata tubaba","0"
"48fce27f-75df-4e9e-84f3-31b62638b328","Air Terjun Curup Padae","Air Terjun Curup Padae adalah salah satu destinasi wisata alam yang populer di Lampung Barat. Tersembunyi di tengah hutan yang rimbun, air terjun ini menawarkan keindahan alam yang masih asri dengan air yang jernih dan segar. Suara gemericik air serta pemandangan sekitar yang hijau akan membuat Anda merasa tenang dan rileks.

Fasilitas:
Area parkir: Tersedia area parkir yang cukup luas untuk menampung kendaraan pengunjung.
Jalur trekking: Jalur setapak yang sudah tertata dengan baik untuk menuju air terjun.
Warung makan: Menjual berbagai macam makanan dan minuman ringan.
Toilet umum: Tersedia fasilitas toilet untuk pengunjung.
Spot foto: Beberapa spot menarik untuk berfoto dengan latar belakang air terjun.

Aktivitas yang Dapat Dilakukan:
Berendam: Menikmati kesegaran air terjun di kolam alami.
Bermain air: Bermain air di sekitar air terjun.
Trekking: Menjelajahi keindahan alam sekitar air terjun.
Berkemah: Bagi yang ingin menginap, terdapat area untuk berkemah.
Fotografi: Mengabadikan keindahan alam Air Terjun Curup Padae.

Jam Operasional:
Buka setiap hari: 24 jam

Tips:
Bawa perlengkapan mandi: Jika ingin berendam.
Kenakan alas kaki yang nyaman: Karena akan banyak berjalan.
Jaga kebersihan: Buang sampah pada tempatnya.
Waspada terhadap hewan liar: Meskipun jarang, sebaiknya tetap waspada.","Jl. Lintas Liwa, Mutar Alam, Kec. Way Tenong, Kabupaten Lampung Barat, Lampung 34884","8f6ba969-d3ab-4d75-b8b9-dbc4912f92b2","Wisata Alam","air terjun curup padae, lampung barat, wisata alam","0"
"c526bf6b-cecb-4ae7-bda7-de6ed08286c1","Kolam Renang Sri Lestari","Kolam Renang Sri Lestari adalah tempat yang sempurna untuk bersenang-senang bersama keluarga. Nikmati kesegaran air, berbagai wahana air, dan fasilitas pendukung lainnya.

Fasilitas: 

Kolam renang, seluncuran air, tempat duduk, warung makan, toilet

Aktivitas: 

Berenang, bermain air, bersantai, piknik

Jam operasional: 

Biasanya buka setiap hari, namun sebaiknya konfirmasi terlebih dahulu.","5V5X+4CW, Gapura City, Kotabumi, North Lampung Regency, Lampung 34514","78c80a91-ae92-4127-89e6-d56c1c1c470d","Wisata Rekreasi (Buatan)","kolam renang sri lestari, kotabumi, lampung utara, wisata buatan","15000"
"0b889eb5-c3b5-49fd-8781-4aec8c9c8836","Wisata Taman Anggur Tubaba","Wisata Taman Anggur Tubaba adalah destinasi wisata yang menarik di Kabupaten Tulang Bawang Barat, Lampung. Taman ini menawarkan pengalaman unik bagi pengunjung untuk menikmati keindahan kebun anggur yang luas dan hasil panennya yang segar. Selain itu, terdapat berbagai fasilitas dan aktivitas yang dapat dinikmati oleh seluruh anggota keluarga. Kebun Anggur yang Luas: Pengunjung dapat berjalan-jalan di antara barisan pohon anggur yang hijau dan rindang. Pemandangan ini sangat menyejukkan mata dan memberikan suasana yang tenang.
Petik Buah Anggur Sendiri: Salah satu daya tarik utama adalah kesempatan bagi pengunjung untuk memetik buah anggur langsung dari pohonnya. Pengalaman ini tentu sangat menyenangkan, terutama bagi anak-anak.
Berbagai Jenis Anggur: Taman Anggur Tubaba biasanya memiliki berbagai jenis anggur dengan rasa yang berbeda-beda. Pengunjung dapat mencicipi dan membandingkan rasa dari masing-masing varietas.
Produk Olahan Anggur: Selain buah segar, pengunjung juga dapat membeli berbagai produk olahan anggur seperti selai, sirup, dan wine.
Fasilitas Pendukung: Taman ini biasanya dilengkapi dengan fasilitas pendukung seperti gazebo, tempat duduk, toilet, dan warung makan. Beberapa tempat bahkan menyediakan area bermain anak-anak.","desa, Penumangan Baru, rk 06 rt 05, Penumangan Baru, Kec. Tulang Bawang Tengah, Kab. Tulang Bawang Barat, Lampung 34693","18ac88c6-7cfa-4a02-bd37-9be79d112fa1","Wisata Agro","kebun anggur tubaba, tubaba, wisata tubaba","50000"
"c4dad1e7-9f5d-412e-ad4e-21c633eec46b","Taman Wisata Puncak Jaya Manggala","Puncak Jaya Manggala adalah destinasi wisata alam yang menawarkan keindahan alam pegunungan Lampung Barat. Dengan udara sejuk dan pemandangan yang menakjubkan, tempat ini cocok bagi Anda yang ingin melepas penat dari hiruk pikuk kota. Nikmati suasana alam yang masih asri dan berbagai aktivitas menarik yang dapat dilakukan di sini.

Fasilitas:
Area parkir: Luas dan memadai untuk menampung kendaraan pengunjung.
Gazebo: Tempat bersantai sambil menikmati pemandangan.
Warung makan: Menyediakan berbagai pilihan makanan dan minuman.
Toilet umum: Tersedia dalam kondisi bersih.
Jalur trekking: Untuk para pecinta alam yang ingin menjelajahi keindahan alam sekitar.
Spot foto: Berbagai spot menarik untuk mengabadikan momen liburan Anda.

Aktivitas yang Dapat Dilakukan:
Berkemah: Nikmati suasana malam di alam bebas dengan berkemah.
Trekking: Jelajahi hutan pinus dan nikmati udara segar.
Berfoto: Mengabadikan keindahan alam dengan latar belakang pegunungan.
Piknik: Bersantai bersama keluarga atau teman sambil menikmati bekal.
Camping ground: Bagi yang ingin menginap lebih lama, tersedia area camping ground.

Jam Operasional:
Buka setiap hari: 24 jam (disarankan untuk datang pada pagi atau sore hari untuk menikmati suasana yang lebih sejuk)

Tips:
Bawa jaket: Suhu di puncak bisa cukup dingin, terutama saat malam hari.
Siapkan perbekalan: Jika berencana berkemah atau piknik, siapkan perbekalan yang cukup.
Jaga kebersihan: Buang sampah pada tempatnya dan jangan merusak lingkungan sekitar.","Bakhu, Belalau, Lampung Barat, Lampung 34872","78c80a91-ae92-4127-89e6-d56c1c1c470d","Wisata Rekreasi (Buatan)","lampung barat, taman wisata puncak jaya manggala, wisata buatan","0"
"04042825-e807-4ca5-9691-531860c3d7ec","Pantai Mutiara Baru","Pantai Mutiara Baru adalah surga tersembunyi di Lampung Timur. Dengan pasir putih yang lembut, air laut yang jernih, dan hutan bakau yang asri, pantai ini menawarkan keindahan alam yang tak tertandingi. Nikmati berbagai aktivitas seru seperti berenang, bersepeda listrik, atau bermain di istana balon. Sebagai pantai terpanjang di Lampung Timur, Pantai Mutiara Baru adalah destinasi yang sempurna untuk liburan bersama keluarga.","Jln Condong Jalan Lintas Sumatra No.Desa, Karya Makmur, Kec. Labuhan Maringgai, Kabupaten Lampung Timur, Lampung 34198","8f6ba969-d3ab-4d75-b8b9-dbc4912f92b2","Wisata Alam","lampung timur, pantai, pantai mutiara baru, wisata alam, wisata pantai","10000"
"7b8d4c0a-5553-4fe1-9078-aae0015c9721","Tubaba Bike Park","Tubaba Bike Park adalah taman bersepeda yang terletak di Kabupaten Tulang Bawang Barat, Provinsi Lampung, Indonesia. Taman ini menawarkan jalur sepeda yang menyenangkan dengan pemandangan indah dan berbagai fasilitas untuk para goweser. Jalur sepeda: Taman ini memiliki jalur sepeda yang dirancang khusus untuk goweser dari berbagai tingkat keahlian. Jalur tersebut melewati area hijau yang asri dan menawarkan pengalaman bersepeda yang nyaman.
Spot-spot selfie: Tubaba Bike Park dilengkapi dengan berbagai spot-spot selfie yang unik dan menarik. Anda dapat berfoto dengan sepeda-sepeda yang dimodifikasi, patung-patung binatang dari ban bekas, dan berbagai kreasi seni lainnya.
Udara segar: Taman ini dikelilingi oleh perkebunan karet dan sawah, sehingga udara di sini sangat segar dan bersih.
Kuliner: Di sekitar taman terdapat berbagai warung makan yang menawarkan makanan dan minuman khas daerah.
Akses mudah: Tubaba Bike Park mudah dijangkau dengan kendaraan pribadi maupun umum.","F33W+697, Jl. Raya Panaragan Jaya - Pulung Kencana, Tirta Kencana, Kec. Tulang Bawang Tengah, Kab. Tulang Bawang Barat, Lampung 34693","78c80a91-ae92-4127-89e6-d56c1c1c470d","Wisata Rekreasi (Buatan)","bike park, tubaba, wisata tubaba","0"
"d8154c65-ad1e-4bd7-a7da-ebb58b96e5c0","Taman Sahabat","Taman Sahabat Kotabumi adalah tempat yang sempurna untuk bersantai dan menghabiskan waktu bersama keluarga. Nikmati kulineran dengan berbagai mainan anak-anak.

Fasilitas:

Area parkir
Tempat duduk
Tempat bermain anak
Warung makan

Aktivitas:

Bermain
Bersantai
Kulineran","5VGM+38M, Jl. Jend. Sudirman, Cempedak, Kec. Kotabumi, Kabupaten Lampung Utara, Lampung 34516","78c80a91-ae92-4127-89e6-d56c1c1c470d","Wisata Rekreasi (Buatan)","kotabumi, lampung utara, taman sahabat, wisata buatan","0"
"fe849f95-8bed-4b11-be43-b386bfd543df","Bukit Kabut Bawang Bakung","Bukit Kabut Bawang Bakung adalah destinasi wisata alam yang menawarkan pemandangan menakjubkan berupa hamparan kabut yang menyelimuti bukit-bukit hijau. Lokasinya yang berada di ketinggian membuat pengunjung dapat menikmati sunrise dan sunset yang memukau.

Fasilitas:
Area parkir: Luas dan mudah diakses.
Jalur trekking: Tersedia beberapa jalur dengan tingkat kesulitan yang berbeda.
Spot foto: Banyak spot menarik untuk mengabadikan momen.
Warung makan: Menjual makanan dan minuman ringan.
Toilet umum: Tersedia dalam kondisi bersih.
Area camping: Bagi yang ingin menginap semalam.
Cottage: Tersedia beberapa cottage untuk disewa.

Aktivitas yang Dapat Dilakukan:
Trekking: Menjelajahi keindahan alam sekitar.
Camping: Menikmati suasana malam di tengah alam.
Berfoto: Mengabadikan momen dengan latar belakang pemandangan yang indah.
Menikmati sunrise dan sunset: Menyaksikan keindahan alam saat matahari terbit dan terbenam.
Piknik: Bersantai sambil menikmati pemandangan alam.

Jam Operasional:
Buka 24 jam: Pengunjung bebas datang kapan saja.

Tips:
Datang saat cuaca cerah: Untuk mendapatkan pemandangan yang lebih jelas.
Bawa perlengkapan yang lengkap: Termasuk jaket hangat, sepatu trekking, dan perbekalan.
Jaga kebersihan: Buang sampah pada tempatnya.
Ikuti petunjuk: Ikuti petunjuk yang ada di area wisata.","X44Q+P6V, Negeri Ratu, Batu Brak, Lampung Barat, Lampung 34881","8f6ba969-d3ab-4d75-b8b9-dbc4912f92b2","Wisata Alam","bukit kabut bawang bakung, lampung barat, wisata alam","60000"
"52d4485b-ad05-4ea5-b308-3b3699e6d621","Taman Wisata Keluarga Danau Bambu","Taman Wisata Keluarga Danau Bambu adalah taman wisata keluarga yang terletak di Rejo Mulyo, Kecamatan Pasir Sakti, Kabupaten Lampung Timur, Lampung. Taman ini memiliki berbagai macam wahana air, seperti seluncuran air, kolam renang, dan kolam arus. Taman ini juga memiliki area bermain anak-anak, area piknik, dan warung makan.","34387, Rejo Mulyo, Kec. Pasir Sakti, Kabupaten Lampung Timur, Lampung 34387","8f6ba969-d3ab-4d75-b8b9-dbc4912f92b2","Wisata Alam","danau, danau bambu, lampung, wisata alam, wisata danau","0"
"035fab19-6b0d-4478-8baa-8692f37d6c29","Waterboom Way Mulyo (Upin Ipin)","Waterboom Way Mulyo (Upin Ipin) adalah taman air yang terletak di Mulyo Sari, Kecamatan Pasir Sakti, Kabupaten Lampung Timur, Lampung. Taman air ini memiliki berbagai macam wahana air yang seru dan menyenangkan, seperti seluncuran air, kolam renang, dan kolam arus. Taman air ini juga memiliki area bermain anak-anak dan area piknik.

Fasilitas:
Seluncuran air
Kolam renang
Kolam arus
Area bermain anak-anak
Area piknik
Warung makan
Toilet

Aktivitas yang dapat dilakukan:
Bermain air
Berenang
Bermain di area bermain anak-anak
Piknik
Makan di warung makan","FQ8J+MPH, Jl. Ps. Semarang Baru, Mulyo Sari, Kec. Pasir Sakti, Kabupaten Lampung Timur, Lampung 34387","78c80a91-ae92-4127-89e6-d56c1c1c470d","Wisata Rekreasi (Buatan)","lampug timur, waterboom, waterboom way mulyo, wisata rekreasi","10000"
"6663b8d1-501d-42ec-a29b-4cb58c16ecad","Air Terjun Pagasan","Air Terjun Pagasan adalah surga tersembunyi bagi pecinta alam. Nikmati keindahan air terjun bertingkat dengan pemandangan alam yang masih asri. 

Fasilitas: 

Area parkir, jalur trekking, spot foto

Aktivitas: 

Trekking, berenang, piknik, berfoto, menikmati alam

Jam operasional: 

Biasanya buka 24 jam, namun sebaiknya cek kondisi cuaca sebelum berkunjung.","PRV5+5P6, Jl. W, Madaraya, Kec. Pagelaran Utara, Kabupaten Pringsewu, Lampung 35376","8f6ba969-d3ab-4d75-b8b9-dbc4912f92b2","Wisata Alam","air terjun pagasan, pringsewu, wisata alam","0"
"0b2b650d-697d-4f7d-a055-79a04a93f888","Eco Taman Sari","Eco Taman Sari adalah surga bagi pecinta alam dan edukasi. Nikmati keindahan taman yang asri, beragam tanaman, dan udara segar. Tempat yang cocok untuk belajar tentang alam dan bersantai bersama keluarga.

Fasilitas:

Taman terbuka
Kebun tanaman
Area piknik
Kolam ikan
Gazebo
Toilet

Aktivitas:

Piknik
Berfoto
Belajar tentang tanaman
Memberi makan ikan

Jam Operasional:

Biasanya buka setiap hari.","Kioman, Kampung Padang Rejo, Kec. Pagelaran, Kabupaten Pringsewu, Lampung 35376","78c80a91-ae92-4127-89e6-d56c1c1c470d","Wisata Rekreasi (Buatan)","eco taman sari, pringsewu, wisata buatan","5000"
"1624d616-57b2-459e-ab06-9aaf5df9bf8f","Wisata Danau Asam","Danau Asam adalah permata tersembunyi di Lampung Barat. Terkenal dengan airnya yang berwarna biru kehijauan dan memiliki kandungan asam, danau ini menawarkan pemandangan alam yang menakjubkan. Keunikan dan keindahannya menjadikannya destinasi wisata yang menarik untuk dikunjungi.

Fasilitas:
Area parkir: Cukup luas untuk menampung kendaraan pengunjung.
Jalur trekking ringan: Untuk mengelilingi danau.
Spot foto: Banyak spot menarik untuk mengabadikan momen bersama keindahan danau.
Warung makan: Menawarkan berbagai macam makanan dan minuman.
Toilet umum: Tersedia untuk kenyamanan pengunjung.

Aktivitas yang Dapat Dilakukan:
Menikmati pemandangan: Mengagumi keindahan danau dengan warna air yang unik.
Berfoto: Mengabadikan momen dengan latar belakang danau yang cantik.
Trekking ringan: Mengelilingi danau sambil menikmati alam.
Piknik: Bersantai di tepi danau sambil menikmati bekal.
Menjelajahi sekitar: Mengetahui lebih jauh tentang ekosistem danau dan sekitarnya.

Jam Operasional:
Buka setiap hari: 24 jam

Tips:
Bawa kamera: Untuk mengabadikan momen indah di sini.
Kenakan pakaian yang nyaman: Karena Anda akan banyak berjalan-jalan.
Lindungi diri dari sinar matahari: Bawa topi, kacamata hitam, dan sunscreen.
Jangan membuang sampah sembarangan: Jaga kebersihan danau.","Q76H+9HX, Suka Marga, Suoh, Lampung Barat, Lampung 34872","8f6ba969-d3ab-4d75-b8b9-dbc4912f92b2","Wisata Alam","lampung barat, wisata alam, wisata danau asam","40000"
"91788c7c-b2af-4560-904b-d565a5021487","Pantai Melasti","Pantai Melasti adalah sebuah surga tersembunyi di Pesisir Barat Lampung yang menawarkan keindahan alam yang memukau. Dengan pasir putih lembut, air laut yang jernih, dan pemandangan tebing karang yang menjulang, pantai ini menjadi destinasi favorit bagi para wisatawan yang mencari ketenangan dan keindahan alam.

Fasilitas:
Area parkir: Cukup luas untuk menampung kendaraan pengunjung.
Warung makan: Menjual berbagai macam makanan dan minuman.
Toilet umum: Tersedia untuk kenyamanan pengunjung.
Spot foto: Banyak spot menarik untuk berfoto dengan latar belakang pantai yang indah.
Gazebo: Tempat bersantai sambil menikmati pemandangan pantai.

Aktivitas yang dapat dilakukan:
Berjemur: Menikmati sinar matahari sambil bersantai di tepi pantai.
Berenang: Berenang di air laut yang jernih dan segar.
Snorkeling: Menjelajahi keindahan bawah laut dengan snorkeling.
Surfing: Bagi yang menyukai tantangan, bisa mencoba surfing.
Memancing: Menikmati sensasi memancing di laut.
Camping: Bagi yang ingin merasakan sensasi menginap di tepi pantai.
Fotografi: Mengabadikan momen indah dengan latar belakang pantai yang eksotis.

Jam operasional:
Buka setiap hari: 24 jam

Tips:
Bawa perlengkapan pantai: Seperti handuk, sunscreen, topi, dan kacamata hitam.
Jaga kebersihan: Buang sampah pada tempatnya dan jangan merusak ekosistem pantai.
Hati-hati saat berenang: Perhatikan ombak dan arus laut.
Datang saat cuaca cerah: Untuk menikmati keindahan pantai secara maksimal.","Jl. Bengkunat - Krui, Marang, Kec. Pesisir Sel., Kabupaten Lampung Barat, Lampung 34875","8f6ba969-d3ab-4d75-b8b9-dbc4912f92b2","Wisata Alam","lampung barat, pantai melasti, wisata alam","0"
"9de8c471-acbc-4027-bfca-ebd829cfac4a","Air Terjun Kepayang","Air Terjun Kepayang adalah destinasi wisata alam yang menawarkan keindahan air terjun dengan ketinggian yang cukup menawan. Terletak di kawasan hutan lindung Tanggamus, Lampung, air terjun ini menjadi primadona bagi para pecinta alam dan wisatawan yang ingin menikmati kesegaran alam. Suara gemericik air dan pemandangan hijau di sekitarnya menciptakan suasana yang tenang dan menyejukkan.

Aktivitas yang dapat dilakukan:
Trekking atau hiking
Berenang (jika memungkinkan dan aman)
Piknik
Camping (jika tersedia area camping)
Fotografi","RFGC+MFC, Hutan, Tanggamus Regency, Lampung 35679","8f6ba969-d3ab-4d75-b8b9-dbc4912f92b2","Wisata Alam","air terjun, air terjun kepayang, tanggamus, wisata alam","0"
"1de3ccf7-05b5-4a2b-97a6-dc2e34b875ae","Pantai Tanjung Setia","Pantai Tanjung Setia adalah surga bagi para peselancar dan pecinta keindahan alam. Terletak di Pesisir Barat, Lampung, pantai ini terkenal dengan ombaknya yang besar dan konsisten, menjadikannya destinasi favorit para surfer dari berbagai penjuru dunia. Selain ombak yang menantang, Pantai Tanjung Setia juga menawarkan pemandangan alam yang indah dengan pasir putih yang lembut dan garis pantai yang panjang.

Fasilitas:
Penginapan: Tersedia berbagai pilihan penginapan, mulai dari homestay sederhana hingga resort yang lebih mewah.
Warung makan: Menawarkan berbagai hidangan laut segar.
Penyewaan papan selancar: Bagi Anda yang ingin mencoba surfing.
Toilet umum: Tersedia di beberapa titik sepanjang pantai.
Area parkir: Cukup luas untuk menampung kendaraan pengunjung.

Aktivitas yang Dapat Dilakukan:
Surfing: Menikmati ombak yang menantang.
Berjemur: Bersantai di bawah sinar matahari sambil menikmati pemandangan laut.
Berjalan-jalan di sepanjang pantai: Menikmati suasana pantai yang tenang.
Menikmati sunset: Pemandangan matahari terbenam di Pantai Tanjung Setia sangat indah.
Mencicipi kuliner laut: Menikmati berbagai hidangan laut segar di warung-warung makan sekitar pantai.

Jam Operasional:
24 jam: Pantai Tanjung Setia terbuka untuk umum selama 24 jam.

Tips:
Musim terbaik: Musim kemarau (Mei-September) adalah waktu terbaik untuk mengunjungi Pantai Tanjung Setia, karena ombak cenderung lebih besar dan stabil.
Persiapan: Bawalah perlengkapan pantai seperti sunscreen, topi, dan pakaian ganti.
Safety first: Selalu utamakan keselamatan saat beraktivitas di pantai, terutama saat berselancar.","Jl. Bengkunat - Krui, Tj. Setia, Kec. Pesisir Sel., Kabupaten Pesisir Barat, Lampung 34875","8f6ba969-d3ab-4d75-b8b9-dbc4912f92b2","Wisata Alam","pantai tanjung setia, pesisir barat, wisata alam","20000"
"8b5f114f-18a4-4b75-9c00-4b45bf19b179","Air Terjun Asmara","Air Terjun Asmara adalah air terjun yang terletak di Datarajan, Kecamatan Ulubelu, Kabupaten Tanggamus, Lampung. Air terjun ini memiliki ketinggian sekitar 30 meter dan memiliki air yang jernih dan segar. Air Terjun Asmara juga dikelilingi oleh hutan yang hijau dan asri.","MJ9J+53J, Datarajan, Ulubelu, Tanggamus Regency, Lampung 35387","8f6ba969-d3ab-4d75-b8b9-dbc4912f92b2","Wisata Alam","air terjun, air terjun asmara, tanggamus, wisata alam","0"
"f04f0409-ac4a-4989-81fa-1190d66775a1","Taman Sabin Wonodadi","Taman Sabin Wonodadi adalah taman hijau di tengah kota. Nikmati keindahan alam, udara segar, dan beragam tanaman. Tempat yang cocok untuk belajar tentang alam dan bersantai bersama keluarga.

Fasilitas:

Taman terbuka
Area bermain anak
Spot Foto
Gazebo
Area Parkir

Aktivitas:

Piknik
Bermain
Berfoto

Jam Operasional:

Biasanya buka setiap hari, 24 jam.","Wonodadi, Gading Rejo, Pringsewu Regency, Lampung 35366","78c80a91-ae92-4127-89e6-d56c1c1c470d","Wisata Rekreasi (Buatan)","pringsewu, taman sabin wonodadi, wisata buatan","10000"
"9b66af3e-d2d8-4664-a569-0a0e6c9f4ce4","Pantai Cemara Henni Halom Pekon Pagar Dalam","Pantai Cemara Henni Halom adalah sebuah pantai yang terletak di Pekon Pagar Dalam, Pesisir Barat, Lampung. Pantai ini menawarkan keindahan alam yang masih asri dengan hamparan pasir putih yang lembut, deburan ombak yang menenangkan, dan deretan pohon cemara yang rindang. Tempat ini cocok bagi Anda yang ingin menikmati suasana pantai yang tenang dan jauh dari keramaian.

Fasilitas:
Area parkir: Cukup luas untuk menampung kendaraan pengunjung.
Warung makan: Menjual berbagai macam makanan dan minuman ringan.
Toilet umum: Tersedia untuk kenyamanan pengunjung.
Spot foto: Beberapa spot menarik untuk berfoto dengan latar belakang pantai.
Area camping: Bagi Anda yang ingin berkemah.

Aktivitas yang Dapat Dilakukan:
Berjemur: Menikmati sinar matahari sambil berjemur di tepi pantai.
Berenang: Berenang di air laut yang jernih.
Bermain pasir: Membangun istana pasir bersama keluarga atau teman.
Memancing: Bagi Anda yang menyukai aktivitas memancing.
Berkemah: Menikmati suasana malam di tepi pantai sambil berkemah.
Berselancar: Bagi peselancar, pantai ini cukup dikenal dengan ombaknya yang menantang.

Jam Operasional:
Buka 24 jam: Anda dapat mengunjungi pantai ini kapan saja.

Tips:
Bawa perlengkapan piknik: Jika ingin berlama-lama di pantai.
Gunakan sunscreen: Untuk melindungi kulit dari sengatan matahari.
Jaga kebersihan: Buang sampah pada tempatnya.
Hati-hati saat berenang: Perhatikan kondisi ombak dan arus laut.","P245+R8, Pagar Dalam, South Pesisir, Kabupaten Pesisir Barat, Lampung 34875","8f6ba969-d3ab-4d75-b8b9-dbc4912f92b2","Wisata Alam","pantai cemara henni halom pekon pagar dalam, pesisir barat, wisata alam","0"
"e94d4c0b-a3d0-46a5-8171-09c47c7be9e9","Bukit Blitarejo","Bukit Blitarejo adalah surga bagi pecinta alam. Nikmati keindahan panorama alam yang menakjubkan, udara segar, dan suasana yang tenang. Tempat yang sempurna untuk bersantai dan melakukan berbagai aktivitas outdoor.

Fasilitas: 

Area parkir, jalur trekking, spot foto

Aktivitas: 

Trekking, camping, piknik, berfoto, menikmati pemandangan

Jam operasional: 

Biasanya buka 24 jam, namun sebaiknya cek kondisi cuaca sebelum berkunjung.","JX7P+3P5, Blitarejo, Gading Rejo, Pringsewu Regency, Lampung 35372","78c80a91-ae92-4127-89e6-d56c1c1c470d","Wisata Rekreasi (Buatan)","bukit blitarejo, pringsewu, wisata buatan","5000"
"5a27ce43-8c02-4b0a-aa05-a10a2a585439","Pantai Mandiri","Pantai Mandiri adalah surga bagi para peselancar dan pecinta pantai. Terletak di Pesisir Barat, Lampung, pantai ini terkenal dengan ombaknya yang besar dan konsisten, menjadikannya destinasi favorit bagi para peselancar baik lokal maupun mancanegara. Selain itu, keindahan alamnya yang masih alami dengan pasir putih lembut dan air laut yang jernih juga menjadi daya tarik tersendiri.

Fasilitas:
Area parkir: Luas dan mudah diakses.
Warung makan: Menawarkan berbagai hidangan laut segar.
Toilet umum: Tersedia dalam kondisi bersih.
Penginapan: Tersedia beberapa penginapan di sekitar pantai.
Spot surfing: Banyak spot surfing dengan ombak yang menantang.

Aktivitas yang Dapat Dilakukan:
Surfing: Menikmati sensasi berselancar di ombak yang besar.
Berjemur: Bersantai di tepi pantai sambil menikmati sinar matahari.
Berenang: Berenang di laut yang jernih (harus berhati-hati karena ombak besar).
Memancing: Menangkap ikan di sekitar pantai.
Camping: Menikmati suasana malam di tepi pantai.
Fotografi: Mengabadikan keindahan pantai dan aktivitas surfing.

Jam Operasional:
24 Jam: Pantai Mandiri terbuka untuk umum sepanjang waktu.

Tips:
Bawa perlengkapan surfing: Jika Anda ingin berselancar, pastikan membawa papan selancar dan perlengkapan lainnya.
Gunakan sunscreen: Lindungi kulit Anda dari sengatan matahari.
Hati-hati dengan ombak: Selalu waspada terhadap ombak besar, terutama bagi pemula.
Jaga kebersihan: Buang sampah pada tempatnya untuk menjaga keindahan pantai.","Jl. Wisata Mandiri, Sejati, Kec. Krui Sel., Kabupaten Pesisir Barat, Lampung 34874","8f6ba969-d3ab-4d75-b8b9-dbc4912f92b2","Wisata Alam","pantai mandiri, pesisir barat, wisata alam","15000"
"6c4e44d0-20dd-4a0c-9b45-fc9238c2f39e","Agro Wisata Kebon Jeruk Abang Farel","Agro Wisata Kebun Jeruk Abang Farel adalah surga bagi pecinta jeruk. Nikmati sensasi memetik jeruk langsung dari pohon dan rasakan kesegaran buahnya yang khas.

Fasilitas:

Kebun jeruk, area piknik, area parkir

Aktivitas: 

Memetik jeruk, berfoto, piknik, belajar tentang budidaya jeruk

Jam operasional: 

Biasanya buka setiap hari, namun sebaiknya konfirmasi terlebih dahulu.","M4GC+5M8, Jl. Tanjungrejo, Tj. Rejo, Kec. Negeri Katon, Kabupaten Pesawaran, Lampung 35353","18ac88c6-7cfa-4a02-bd37-9be79d112fa1","Wisata Agro","agro wisata kebon jeruk abang farel, pringsewu, wisata agro","10000"
"cc6afd5e-012d-4ec3-b54f-73b48e81040c","Bendungan Waybiha","Bendungan Waybiha adalah sebuah bendungan yang terletak di Kabupaten Pesisir Barat, Lampung. Selain berfungsi sebagai sumber air untuk irigasi dan pembangkit listrik, bendungan ini juga menjadi destinasi wisata yang menarik dengan keindahan alamnya yang masih asri. Keindahan alam sekitar bendungan, terutama sungai Way Biha, menjadi daya tarik utama bagi para pengunjung.

Fasilitas:
Area parkir: Tersedia area parkir yang cukup luas untuk menampung kendaraan pengunjung.
Warung makan: Terdapat beberapa warung makan yang menyediakan makanan dan minuman khas daerah.
Toilet umum: Fasilitas toilet umumnya tersedia di sekitar area parkir.
Jalur trekking: Beberapa jalur trekking tersedia untuk menjelajahi area sekitar bendungan.
Spot foto: Terdapat beberapa spot foto menarik dengan latar belakang pemandangan bendungan dan alam sekitar.

Aktivitas yang Dapat Dilakukan:
Berkemah: Bagi yang ingin menikmati suasana malam di sekitar bendungan.
Piknik: Bersantai sambil menikmati pemandangan alam yang indah.
Mancing: Menikmati sensasi memancing di sungai Way Biha.
Trekking: Menjelajahi alam sekitar bendungan melalui jalur trekking yang tersedia.
River tubing: Menjelajahi sungai Way Biha dengan ban pelampung.
Fotografi: Mengabadikan keindahan alam bendungan dan sekitarnya.

Jam Operasional:
Buka setiap hari: 24 jam.

Tips:
Bawa perbekalan: Jika ingin berkemah atau piknik, sebaiknya membawa perbekalan yang cukup.
Kenakan pakaian yang nyaman: Karena Anda akan banyak beraktivitas di luar ruangan.
Jaga kebersihan: Buang sampah pada tempatnya dan jangan merusak lingkungan sekitar.
Hati-hati saat berenang atau river tubing: Pastikan kondisi air aman dan selalu waspada.","Paku Negara, Ulok Manik, Kec. Pesisir Sel., Kabupaten Pesisir Barat, Lampung 34875","2b3c4b69-79f0-448e-9e8e-f305e5b05d28","Wisata Petualangan","bendungan waybiha, pesisir barat, wisata petualangan","100000"
"5fcfd86e-477b-48f2-a3a9-92b0fa166a4c","Bukit Selalau","Bukit Selalau adalah destinasi wisata alam yang menawarkan pemandangan pantai dan laut lepas yang memukau. Terletak di Pesisir Barat, Lampung, bukit ini menjadi salah satu spot favorit untuk menikmati keindahan matahari terbenam. Selain itu, terdapat juga benteng peninggalan sejarah Belanda yang menambah daya tarik tempat ini.

Fasilitas:
Area parkir: Cukup luas untuk menampung kendaraan pengunjung.
Spot foto: Beberapa spot menarik untuk berfoto dengan latar belakang pemandangan pantai dan laut.
Warung makan: Tersedia warung makan yang menjual makanan dan minuman ringan.
Toilet umum: Tersedia fasilitas toilet untuk pengunjung.
Benteng peninggalan Belanda: Bekas benteng yang memiliki nilai sejarah.

Aktivitas yang Dapat Dilakukan:
Menikmati pemandangan: Mengagumi keindahan pantai, laut lepas, dan matahari terbenam.
Berfoto: Mengabadikan momen dengan latar belakang pemandangan yang indah.
Berkemah: Bagi yang ingin menikmati suasana malam di pantai.
Jelajah sejarah: Menjelajahi bekas benteng peninggalan Belanda.
Piknik: Bersantai sambil menikmati bekal makan siang.

Jam Operasional:
Buka 24 jam: Pengunjung bebas datang kapan saja, terutama saat sore hari untuk menikmati pemandangan matahari terbenam.

Tips:
Datang saat cuaca cerah: Untuk mendapatkan pemandangan yang terbaik.
Bawa kamera: Agar bisa mengabadikan momen indah di sini.
Kenakan pakaian yang nyaman: Karena Anda akan banyak berjalan-jalan.
Jangan buang sampah sembarangan: Jaga kebersihan lingkungan sekitar.","RW8J+HPR, Pasar Krui, Pesisir Tengah, Kabupaten Pesisir Barat, Lampung 34874","78c80a91-ae92-4127-89e6-d56c1c1c470d","Wisata Rekreasi (Buatan)","bukit selalau, pesisir barat, wisata buatan","5000"
"342f39d9-5795-4291-bcc1-933c4ac06d7b","Agrowisata Mulyorejo Farm","Agrowisata Mulyorejo Farm adalah tempat yang sempurna untuk merasakan pengalaman memetik buah segar langsung dari kebun. Selain itu, Anda juga bisa belajar tentang proses budidaya buah-buahan.

Fasilitas: 

Kebun buah, dan tempat parkir

Aktivitas: 

Memetik buah, belajar tentang pertanian, piknik, berfoto, menikmati suasana pedesaan

Jam operasional: 

Biasanya buka setiap hari, namun sebaiknya konfirmasi terlebih dahulu.","PWW3+C5R, Nusa Wungu, Banyumas, Pringsewu Regency, Lampung 35373","18ac88c6-7cfa-4a02-bd37-9be79d112fa1","Wisata Agro","agrowisata mulyorejo farm, pringsewu, wisata agro","0"
"da8fa2cf-3663-4922-855c-52c230d73de7","Pantai Batu Tihang","Pantai Batu Tihang adalah destinasi wisata pantai yang terkenal dengan keindahan batu karangnya yang unik dan menjulang tinggi. Terletak di Pesisir Barat, Lampung, pantai ini menawarkan pemandangan alam yang menakjubkan dan suasana yang tenang.

Fasilitas:
Area parkir: Cukup luas untuk menampung kendaraan pengunjung.
Warung makan: Menjual berbagai macam makanan dan minuman.
Toilet umum: Tersedia untuk kenyamanan pengunjung.
Spot foto: Banyak spot menarik untuk berfoto dengan latar belakang batu karang.
Jalur trekking: Bagi yang ingin menjelajahi lebih jauh area sekitar pantai.

Aktivitas yang Dapat Dilakukan:
Berjemur: Menikmati sinar matahari di tepi pantai.
Berenang: Berenang di air laut yang jernih (perhatikan kondisi ombak).
Snorkeling: Melihat keindahan bawah laut dengan berbagai jenis ikan dan terumbu karang.
Diving: Bagi penyelam berpengalaman, bisa menjelajahi keindahan bawah laut yang lebih dalam.
Fotografi: Mengabadikan momen indah dengan latar belakang batu karang yang unik.
Trekking: Menjelajahi jalur trekking untuk melihat pemandangan yang lebih luas.

Jam Operasional:
Buka setiap hari: 24 jam

Tips:
Bawa perlengkapan pantai: Seperti handuk, sunscreen, topi, dan kacamata hitam.
Hati-hati dengan ombak: Selalu perhatikan peringatan dan jangan berenang terlalu jauh dari pantai.
Jaga kebersihan: Buang sampah pada tempatnya dan jangan merusak lingkungan sekitar.","WRX8+J38, Karang City, Pesisir Utara, Kabupaten Pesisir Barat, Lampung","8f6ba969-d3ab-4d75-b8b9-dbc4912f92b2","Wisata Alam","pantai batu tihang, pesisir barat, wisata alam","5000"
"fa1caaed-f086-4198-a5c6-c16c63656749","Pantai Balam Kerbang Dalam","Pantai Balam Kerbang Dalam adalah sebuah pantai yang terletak di Kabupaten Pesisir Barat, Lampung. Pantai ini menawarkan keindahan alam yang masih asri dengan pasir putih lembut dan ombak yang tenang. Cocok bagi Anda yang ingin menikmati suasana pantai yang tenang dan jauh dari keramaian.

Fasilitas:
Area parkir: Tersedia area parkir yang cukup luas.
Warung makan: Menjual berbagai macam makanan dan minuman ringan.
Toilet umum: Tersedia fasilitas toilet untuk pengunjung.
Spot foto: Beberapa spot menarik untuk berfoto dengan latar belakang pantai.

Aktivitas yang Dapat Dilakukan:
Berjemur: Menikmati sinar matahari di tepi pantai.
Berenang: Bermain air di laut yang tenang.
Memancing: Menikmati sensasi memancing di laut.
Berkemah: Bagi yang ingin menginap lebih lama, bisa mendirikan tenda di area yang telah disediakan.
Piknik: Menikmati bekal makan siang bersama keluarga atau teman.
Berjalan-jalan menyusuri pantai: Menikmati keindahan pantai sambil menghirup udara segar.

Jam Operasional:
Buka 24 jam: Pantai ini terbuka untuk umum setiap saat.

Tips:
Bawa perlengkapan pribadi: Seperti handuk, sunscreen, topi, dan kacamata hitam.
Jaga kebersihan: Buang sampah pada tempatnya.
Hati-hati saat berenang: Perhatikan kondisi ombak dan arus laut.","XQ9J+CP9 Kerbang Dalam Kec. Pesisir Utara Kabupaten Pesisir Barat, Lampung, Indonesia","8f6ba969-d3ab-4d75-b8b9-dbc4912f92b2","Wisata Alam","pantai balam kerbang dalam, pesisir barat, wisata alam","0"
"a3c7495d-0f52-4911-b601-0cb92f635f05","Gunung Pesagi","Gunung Pesagi adalah gunung tertinggi di Lampung dengan pemandangan alam yang menakjubkan. Pendakian ke puncaknya menawarkan pengalaman yang menantang dan memuaskan bagi para pendaki. Selain keindahan alamnya, Gunung Pesagi juga memiliki nilai sejarah dan budaya yang menarik untuk dipelajari.

Fasilitas:
Jalur pendakian: Tersedia beberapa jalur pendakian dengan tingkat kesulitan yang berbeda.
Pos pendakian: Beberapa pos pendakian menyediakan tempat istirahat dan sumber air.
Area perkemahan: Terdapat area perkemahan yang sudah disediakan.
Toilet umum: Tersedia di beberapa titik sepanjang jalur pendakian.

Aktivitas yang dapat dilakukan:
Pendakian: Mencapai puncak gunung untuk menikmati pemandangan yang spektakuler.
Camping: Bermalam di alam bebas sambil menikmati keindahan alam pegunungan.
Trekking: Menjelajahi hutan dan menikmati keindahan alam sekitar.
Fotografi: Mengabadikan momen-momen indah selama pendakian.

Jam operasional:
Tidak ada jam operasional tetap: Pendakian dapat dilakukan kapan saja, namun disarankan untuk melakukan persiapan yang matang sebelum melakukan pendakian, terutama terkait cuaca.

Tips:
Persiapan: Persiapkan fisik dan mental yang kuat, serta perlengkapan pendakian yang lengkap.
Izin: Sebaiknya meminta izin kepada pihak terkait sebelum melakukan pendakian.
Pemandu lokal: Sebaiknya menggunakan jasa pemandu lokal yang berpengalaman, terutama bagi pendaki pemula.
Cuaca: Selalu pantau kondisi cuaca sebelum melakukan pendakian.","345X+G7F, Hutan, Belalau, West Lampung Regency, Lampung 34811","2b3c4b69-79f0-448e-9e8e-f305e5b05d28","Wisata Petualangan","gunung pesagi, lampung barat, wisata petualangan","0"
"5ce7524c-7964-4f6c-b11b-efd4b12b94b7","Bukit Embun Sedampah Indah","Bukit Embun Sedampah Indah adalah destinasi wisata alam yang menawarkan pemandangan menakjubkan berupa lautan awan di pagi hari. Terletak di ketinggian yang cukup signifikan, bukit ini menyajikan panorama alam yang memukau dan udara yang sejuk.

Fasilitas:
Spot foto: Berbagai spot foto menarik dengan latar belakang lautan awan.
Area berkemah: Bagi yang ingin menikmati suasana malam di tengah alam.
Warung makan: Menyediakan makanan dan minuman ringan.
Toilet umum: Tersedia fasilitas toilet untuk pengunjung.
Area parkir: Cukup luas untuk menampung kendaraan pengunjung.

Aktivitas yang Dapat Dilakukan:
Menikmati pemandangan: Mengagumi keindahan lautan awan dari ketinggian.
Berfoto: Mengabadikan momen dengan latar belakang alam yang indah.
Berkemah: Menghabiskan malam di tengah alam yang sejuk.
Trekking ringan: Menjelajahi sekitar bukit untuk menemukan spot-spot menarik lainnya.
Piknik: Bersantai sambil menikmati bekal makanan bersama keluarga atau teman.

Jam Operasional:
Biasanya buka 24 jam, namun waktu terbaik untuk mengunjungi adalah saat pagi hari untuk menyaksikan sunrise dan lautan awan.

Tips:
Datang saat cuaca cerah: Untuk mendapatkan pemandangan yang lebih jelas.
Bawa jaket: Suhu di puncak bukit bisa cukup dingin.
Siapkan kamera: Untuk mengabadikan momen indah di sini.
Jaga kebersihan: Buang sampah pada tempatnya.","Jln tenabang No.222, Sedampah Indah, Kec. Balik Bukit, Kabupaten Lampung Barat, Lampung 34874","8f6ba969-d3ab-4d75-b8b9-dbc4912f92b2","Wisata Alam","bukit embun sedampah indah, lampung barat, wisata alam","50000"
"03070dae-5e12-42c0-b214-395c0899396a","Pulau Pisang","Pulau Pisang adalah sebuah pulau kecil yang terletak di Kabupaten Pesisir Barat, Lampung. Pulau ini menawarkan keindahan alam yang masih alami dengan pantai pasir putih yang lembut, air laut yang jernih, dan terumbu karang yang kaya. Pulau Pisang menjadi destinasi favorit bagi para wisatawan yang mencari ketenangan dan keindahan alam bawah laut.

Fasilitas:
Pondok wisata: Tempat menginap sederhana dengan pemandangan laut.
Warung makan: Menyediakan makanan dan minuman ringan.
Perahu nelayan: Bisa disewa untuk berkeliling pulau atau snorkeling.
Toilet umum: Tersedia di beberapa titik di pulau.

Aktivitas yang Dapat Dilakukan:
Snorkeling: Menjelajahi keindahan bawah laut dengan terumbu karang yang berwarna-warni dan berbagai jenis ikan.
Diving: Bagi penyelam berpengalaman, Pulau Pisang menawarkan spot diving yang menarik.
Berjemur: Bersantai di pantai sambil menikmati sinar matahari.
Memancing: Menikmati sensasi memancing di laut lepas.
Berkemah: Bagi yang ingin merasakan sensasi menginap di alam bebas.

Jam Operasional:
Tidak ada jam operasional tetap: Pulau Pisang dapat dikunjungi kapan saja, namun sebaiknya hindari musim hujan.

Tips:
Bawa perlengkapan snorkeling sendiri: Jika Anda ingin snorkeling, sebaiknya bawa perlengkapan sendiri untuk mendapatkan pengalaman yang lebih maksimal.
Siapkan tabir surya dan topi: Lindungi diri Anda dari sengatan matahari.
Jaga kebersihan: Buang sampah pada tempatnya dan jangan merusak ekosistem laut.","pisang island, Sukamarga, Pulau Pisang, Kabupaten Pesisir Barat, Lampung","8f6ba969-d3ab-4d75-b8b9-dbc4912f92b2","Wisata Alam","pesisir barat, pulau pisang, wisata alam","50000"
"d258e668-0d07-4302-9101-b14f85220672","Pantai Tembakak","Pantai Tembakak adalah sebuah pantai yang terletak di Pesisir Barat, Lampung. Pantai ini terkenal dengan keindahan alamnya yang masih alami, terutama batu karangnya yang unik dan menjulang tinggi. Ombak yang cukup besar juga menjadi daya tarik tersendiri bagi para peselancar.

Fasilitas:
Area parkir: Cukup luas untuk menampung kendaraan pengunjung.
Warung makan: Menjual berbagai macam makanan dan minuman.
Toilet umum: Tersedia untuk kenyamanan pengunjung.
Spot foto: Banyak spot menarik untuk berfoto dengan latar belakang pantai dan batu karang.

Aktivitas yang Dapat Dilakukan:
Berselancar: Pantai Tembakak memiliki ombak yang cukup besar sehingga cocok untuk berselancar.
Snorkeling: Menikmati keindahan bawah laut dengan snorkeling.
Berjemur: Bersantai di tepi pantai sambil menikmati sinar matahari.
Memancing: Menikmati sensasi memancing di laut.
Fotografi: Mengabadikan keindahan pantai dan batu karang.
Camping: Bagi yang ingin menikmati suasana pantai lebih lama, bisa melakukan camping.

Jam Operasional:
Buka 24 jam: Pengunjung bebas datang kapan saja.

Tips:
Bawa perlengkapan berenang: Jika ingin berenang atau snorkeling.
Gunakan alas kaki yang nyaman: Karena akan berjalan di atas pasir dan batu.
Lindungi diri dari sinar matahari: Gunakan sunscreen dan topi.
Jaga kebersihan: Buang sampah pada tempatnya.","VVW7+8J3, W Trans Sumatera Hwy, Way Sindi Utara, Karya Penggawa, Kabupaten Pesisir Barat, Lampung","8f6ba969-d3ab-4d75-b8b9-dbc4912f92b2","Wisata Alam","pantai tembakak, pesisir barat, wisata alam","0"
"f0407471-8992-42f8-a5d8-8af68398c86f","Taman Kota Tubaba","Taman Kota Tulang Bawang Barat merupakan salah satu destinasi favorit bagi warga setempat maupun pengunjung untuk bersantai dan menikmati suasana hijau. Terletak di pusat kota, taman ini menawarkan berbagai fasilitas dan keindahan alam yang menyegarkan.Taman ini didominasi oleh pepohonan rindang dan rerumputan hijau yang luas, memberikan suasana yang sejuk dan nyaman.Dilengkapi dengan berbagai fasilitas seperti jalur jogging, area bermain anak, tempat duduk, dan gazebo yang tersebar di seluruh area taman.Terdapat beberapa sudut yang instagramable dengan latar belakang tanaman hias, patung, atau air mancur.Lokasi taman yang strategis di pusat kota memudahkan pengunjung untuk mengaksesnya.Seringkali menjadi tempat berlangsungnya berbagai acara seperti pameran, pertunjukan seni, atau festival.","F3MQ+8RM, Panaragan Jaya, Tulang Bawang Tengah, West Tulang Bawang Regency, Lampung 34693","78c80a91-ae92-4127-89e6-d56c1c1c470d","Wisata Rekreasi (Buatan)","taman kota, tubaba, wisata tubaba","0"
"d020805f-ac91-4299-8ebf-e398710049c0","Waterboom Panoramaland Tulang Bawang","Waterboom Panorama Resort adalah salah satu destinasi wisata air yang populer di Kabupaten Tulang Bawang Barat, Lampung. Terletak di dalam kompleks Panorama Resort, taman air ini menawarkan berbagai wahana seru yang cocok untuk semua usia.Nikmati berbagai macam seluncuran air dengan ketinggian dan tingkat kesulitan yang berbeda, kolam arus yang menenangkan, serta kolam anak yang aman untuk si kecil.Selain wahana air, Panorama Resort juga menyediakan fasilitas pendukung seperti kamar ganti, toilet, tempat makan, dan area parkir yang luas.Dikelilingi oleh pemandangan alam yang hijau dan segar, membuat suasana bermain air semakin menyenangkan.Taman air ini dirancang dengan konsep keluarga, sehingga sangat cocok untuk menghabiskan waktu bersama orang-orang terkasih.Selain waterboom, Panorama Resort juga menawarkan fasilitas lain seperti kolam pancing, taman buah, dan area pertemuan.","Warga Makmur Jaya, Banjar Agung, Tulang Bawang Regency, Lampung 34684","78c80a91-ae92-4127-89e6-d56c1c1c470d","Wisata Rekreasi (Buatan)","panorama resort, panoramaland, tulang bawang, wisata tuba","35000"
"21bc6c84-ed04-4ef2-8ee6-12902b19426a","Waterboom Darma Tirta Sumber Jaya","Waterboom Darma Tirta di Sumber Jaya, Tubaba, adalah taman air yang menawarkan berbagai wahana menarik untuk keluarga. Dikenal dengan kolam renang yang luas, seluncuran air yang menantang, dan area bermain anak, tempat ini menjadi tujuan populer untuk bersantai dan berwisata. Dikelilingi oleh pemandangan alami yang menyejukkan, Waterboom Darma Tirta juga dilengkapi dengan fasilitas pendukung seperti kafe dan area istirahat. Suasana yang ceria dan fasilitas yang memadai menjadikannya tempat yang ideal untuk menghabiskan waktu bersama keluarga dan teman. Jika kamu butuh informasi lebih spesifik, silakan tanya!","2R4C+GR6, Sumber Jaya, Belitang II, East Ogan Komering Ulu Regency, South Sumatra 32383","78c80a91-ae92-4127-89e6-d56c1c1c470d","Wisata Rekreasi (Buatan)","darma tirta, sumber jaya tubaba, tubaba, waterboom, wisata tubaba","25000"
"6fdfeda3-3d3b-4bad-8f73-3630169e58ae","Wahana Banyu Biru","Wahana Banyu Biru di Tubaba adalah taman air yang menawarkan berbagai atraksi dan fasilitas menarik. Pengunjung dapat menikmati berbagai kolam renang, seluncuran, dan area bermain untuk anak-anak. Suasana yang menyegarkan dan fasilitas yang nyaman menjadikannya tempat ideal untuk bersantai bersama keluarga dan teman. Selain itu, wahana ini seringkali dikelilingi oleh pemandangan alam yang indah, memberikan pengalaman rekreasi yang menyenangkan. Jika ada detail lain yang kamu butuhkan, silakan beri tahu!","936G+JH6, Daya Murni, Tumi Jajar, West Tulang Bawang Regency, Lampung 34691","78c80a91-ae92-4127-89e6-d56c1c1c470d","Wisata Rekreasi (Buatan)","tubaba, waterboom, wisata banyu biru, wisata tubaba","25000"
"fb6fc8ab-8142-43a3-ac5c-39f2a0044409","Waterpark Kali Miring Tubaba","Waterpark Kali Miring merupakan salah satu destinasi wisata air yang populer di Kabupaten Tulang Bawang Barat, Lampung. Taman air ini menawarkan pengalaman liburan yang menyenangkan bagi seluruh keluarga, dengan memadukan keindahan alam sekitar dan berbagai wahana air yang seru.Terletak di kawasan yang mudah dijangkau, sehingga memudahkan pengunjung untuk datang.Menyediakan beragam wahana air yang cocok untuk semua usia, mulai dari kolam anak-anak, kolam arus, hingga seluncuran air yang menantang.Dikelilingi oleh pemandangan alam yang asri, sehingga pengunjung dapat menikmati kesegaran alam sambil bermain air.Dilengkapi dengan berbagai fasilitas pendukung seperti kamar ganti, toilet, tempat makan, dan area parkir yang luas.","94FG+CCJ, Murni Jaya, Tumi Jajar, West Tulang Bawang Regency, Lampung 34693","78c80a91-ae92-4127-89e6-d56c1c1c470d","Wisata Rekreasi (Buatan)","tubaba, tulang bawang barat, waterpark kalimiring, wisata tubaba","20000"
"fe594032-0399-4645-b25f-97db90b84562","Jaring Seribu Tubaba","Jaring Seribu Tubaba adalah destinasi wisata sistem jaringan sosial dan ekonomi yang menghubungkan masyarakat di Kabupaten Tulang Bawang, Lampung. Ini mencakup berbagai aktivitas pertanian, perdagangan, dan budaya, yang bertujuan untuk meningkatkan kesejahteraan dan memperkuat solidaritas antarwarga. Dengan menggali potensi lokal, jaring ini berusaha menciptakan sinergi antara individu dan kelompok untuk mencapai kemajuan bersama.","C33P+GCR, Jl. Kartini, Marga Kencana, Kec. Tulang Bawang Udik, Kab. Tulang Bawang Barat, Lampung 34691","2b3c4b69-79f0-448e-9e8e-f305e5b05d28","Wisata Petualangan","jaring seribu, jaring tubaba, tubaba, wisata tubaba","25000"
"9628d84b-d76d-493c-8675-e3149f165d21","Taman Umbul Kapuk","Taman Umbul Kapuk merupakan salah satu destinasi wisata yang cukup populer di Kabupaten Tulang Bawang Barat, Lampung. Taman ini menawarkan suasana yang asri dan menyegarkan, menjadikannya tempat yang cocok untuk bersantai dan melepas penat.Taman ini didominasi oleh pepohonan rindang dan area hijau yang luas. Suasananya yang tenang dan asri sangat cocok untuk bersantai atau piknik.Salah satu daya tarik utama Taman Umbul Kapuk adalah kolam renangnya yang cukup luas. Pengunjung dapat menikmati kesegaran air sambil bersantai di pinggir kolam.Tersedia area bermain anak yang dilengkapi dengan berbagai macam permainan, sehingga anak-anak dapat bermain dengan gembira.Taman ini memiliki banyak spot foto yang menarik, seperti jembatan kayu, gazebo, atau sudut-sudut taman yang indah.Biaya masuk ke Taman Umbul Kapuk relatif terjangkau, sehingga cocok untuk semua kalangan.","Daya Murni, Tumi Jajar, West Tulang Bawang Regency, Lampung 34691","78c80a91-ae92-4127-89e6-d56c1c1c470d","Wisata Rekreasi (Buatan)","taman umbul kapuk, tubaba, wisata tubaba","10000"
"38d70383-0fb4-45cf-ad7e-da90385072af","Las Sengok Tubaba","Las Sengok adalah destinasi wisata unik di Kabupaten Tulang Bawang Barat, Lampung, yang menyajikan perpaduan menarik antara sejarah, budaya, dan keindahan alam. Nama ""Las Sengok"" sendiri memiliki arti yang dalam, yaitu ""hutan angker"" dalam bahasa setempat.Dahulu kala, Las Sengok dianggap sebagai hutan larangan yang dianggap angker oleh masyarakat setempat. Konsep ini bertujuan untuk menjaga kelestarian alam, merawat sumber mata air, dan menghormati flora fauna yang ada. Namun, seiring berjalannya waktu, Las Sengok kini telah diubah menjadi sebuah kawasan wisata yang menggabungkan nilai-nilai sejarah dan budaya dengan konsep pelestarian alam.Las Sengok memiliki situs megalitikum yang unik, berupa batu-batu besar yang dipercaya memiliki nilai sejarah dan spiritual yang tinggi. Batu-batu ini menjadi saksi bisu peradaban manusia di masa lalu.Selain situs megalitikum, Las Sengok juga menawarkan keindahan alam yang menakjubkan. Anda dapat menikmati pemandangan sungai, hutan, dan perbukitan yang masih asri.Las Sengok merupakan bagian dari Kota Budaya Ulluan Nughik, sebuah konsep yang menggabungkan seni, budaya, dan ekologi. Di sini, Anda dapat menemukan berbagai karya seni yang terinspirasi dari alam dan budaya setempat.Berbagai aktivitas wisata menarik dapat dilakukan di Las Sengok, seperti trekking, camping, dan menikmati alam.","C2X7+6G2, Karta, Tulang Bawang Udik, West Tulang Bawang Regency, Lampung 34691","bc7c6dcb-d4d3-4158-97ac-e447b2878f3f","Wisata Budaya","las sengok, tubaba, wisata tubaba","5000"
"8b961cf4-b82d-4624-b986-0faf815f2447","Kolam Renang Way Lunik","Kolam Renang Way Lunik adalah tempat yang sempurna untuk bersantai dan menyegarkan diri bersama keluarga. Nikmati kesegaran air kolam sambil bersenang-senang dengan berbagai fasilitas yang tersedia.

Fasilitas: 

Kolam renang dewasa, kolam renang anak, area bermain, warung makan, tempat parkir

Aktivitas: 

Berenang, bermain air, bersantai di pinggir kolam, bermain di area bermain, piknik","Jl. KH. Gholib Raya No.rt/rw. 01/01, Rejosari, Kec. Pringsewu, Kabupaten Pringsewu, Lampung 35373","78c80a91-ae92-4127-89e6-d56c1c1c470d","Wisata Rekreasi (Buatan)","kolam renang way lunik, pringsewu, wisata buatan","15000"
"6d36c2bd-4574-457f-9e02-ed158908351f","Tugu Rato Nago Besanding","Tugu Rato Nago Besanding adalah salah satu ikon yang paling mencolok di Kabupaten Tulang Bawang Barat, Lampung. Tugu ini merupakan representasi unik dari perpaduan antara sejarah, budaya, dan seni arsitektur Lampung. Nama ""Rato Nago Besanding"" sendiri memiliki makna yang mendalam, yaitu ""Ratu Naga Bersanding"".Merujuk pada status sosial yang tinggi dalam masyarakat Lampung.Simbol kekuatan, kekayaan, dan kebijaksanaan dalam budaya Tionghoa yang telah lama melekat dalam masyarakat Lampung.Artinya berdampingan atau bersanding, melambangkan kesatuan dan keseimbangan.Secara keseluruhan, tugu ini menggambarkan keharmonisan antara kekuatan spiritual dan duniawi, serta kesatuan antara berbagai unsur budaya yang ada di Lampung.Desain tugu ini sangat menarik perhatian. Dua patung naga besar yang saling berhadapan seolah sedang menarik kereta singgasana menjadi pusat perhatian. Detail ornamen pada tugu ini sangat kaya, mencerminkan kekayaan budaya Lampung.","F36P+4R8, Panaragan Jaya, Tulang Bawang Tengah, West Tulang Bawang Regency, Lampung 34693","bc7c6dcb-d4d3-4158-97ac-e447b2878f3f","Wisata Budaya","ratu naga besanding, tubaba, tugu tubaba, wisata tubaba","0"
"c1a15fe1-05c8-4405-b243-b5eb0b4bc3d1","Sungai Badak Mesuji","Pesona Sungai Mesuji satu ini tentu berbeda dengan pesona Sungai lainnya di mesuji. Meski lokasinya yang masih satu provinsi namun panorama yang dihadirkan sangat jauh berbeda di Sungai Mesuji. disini kalian dapat berkeliling menyusur sungai sambil naik kapal. Airnya yang tenang juga bisa dijadikan lokasi memancing yang sempurna di Sungai Mesuji. Datanglah pada saat matahari terbit karena suasananya akan sangat jauh berbeda di Sungai Mesuji. Air yang dingin dan sinar yang hangat akan membuat Anda berdecak kagum tentang keindahan Sungai Mesuji.","VRG5+23J, Pulau Sumatera, Bumi Dipasena Abadi, Kec. Rawajitu Tim., Kab. Tulang Bawang, Lampung","2a86c2ba-96e7-4220-b6da-5a9687402195","Wisata Bahari","mesuji, sungai mesuji, wisata mesuji","5000"
"d7721231-3a81-48f6-b8aa-877ff402646b","Kolam Renang Tirta Intan Kencana","Kolam Renang Tirta Intan Kencana adalah tempat yang sempurna untuk bersantai dan menyegarkan diri bersama keluarga. Nikmati kesegaran air kolam sambil bersenang-senang dengan berbagai fasilitas yang tersedia.

Fasilitas: 

Kolam renang dewasa, kolam renang anak, area bermain, warung makan, tempat parkir

Aktivitas: 

Berenang, bermain air, bersantai di pinggir kolam, bermain di area bermain, piknik

Jam operasional: 

Biasanya buka setiap hari, namun sebaiknya konfirmasi terlebih dahulu.","5WF8+97V, Rejosari, Kotabumi, North Lampung Regency, Lampung 34516","78c80a91-ae92-4127-89e6-d56c1c1c470d","Wisata Rekreasi (Buatan)","kolam renang tirta indah kencana, lampung utara, wisata buatan","10000"
"2b40444c-b444-4e7f-aa86-e116ea5c7a20","Masjid Agung Al Muhajirin","Masjid Agung Simpang Pematang merupakan salah satu masjid terbesar dan termegah di Kabupaten Mesuji, Lampung. Masjid ini menjadi pusat kegiatan keagamaan dan menjadi ikon bagi masyarakat setempat.

Keunikan dan Fitur:

Arsitektur yang Megah: Masjid Agung Simpang Pematang didesain dengan arsitektur yang khas, menggabungkan unsur modern dan tradisional. Kubah besar, menara tinggi, dan ornamen-ornamen Islam yang indah menghiasi bangunan ini.
Ruang yang Luas: Masjid ini memiliki ruang utama yang sangat luas, mampu menampung ribuan jamaah. Halaman masjid juga cukup luas, sehingga nyaman digunakan untuk berbagai kegiatan keagamaan.
Fasilitas Lengkap: Selain ruang sholat, Masjid Agung Simpang Pematang juga dilengkapi dengan berbagai fasilitas pendukung seperti tempat wudhu, toilet, ruang pertemuan, dan perpustakaan.
Lokasi Strategis: Masjid ini terletak di lokasi yang strategis, sehingga mudah diakses oleh masyarakat dari berbagai penjuru Kabupaten Mesuji.","X6JW+8HQ, Simpang Pematang, Mesuji Regency, Lampung 34698","b9610dfe-3fdf-498e-a987-b466cb39fe9f","Wisata Religi","al muhajirin, masjid agung, mesuji, wisata mesuji","0"
"ae87c9a6-9aa5-4375-b750-02432b6de603","Qarira Garden","Qarira Garden adalah sebuah taman rekreasi air yang terletak di Desa Bumi Harapan, Kecamatan Way Serdang, Kabupaten Mesuji, Lampung. Taman ini merupakan hasil dari inovasi Desa Bumi Harapan yang bertujuan untuk mengembangkan potensi wisata lokal dan meningkatkan pendapatan masyarakat. Taman dan Kolam Bermain Anak: Qarira Garden dilengkapi dengan taman yang rindang dan kolam bermain anak yang aman dan menyenangkan. Ini menjadikannya tempat yang ideal untuk keluarga menghabiskan waktu bersama.
Pemandangan Menyejukkan: Taman ini menawarkan pemandangan yang asri dan menyejukkan, jauh dari hiruk pikuk perkotaan.
Potensi Wisata Lokal: Qarira Garden menjadi salah satu destinasi wisata baru di Mesuji yang menarik minat pengunjung baik dari daerah sekitar maupun luar daerah.
Pengembangan Desa: Pembangunan Qarira Garden merupakan upaya untuk meningkatkan perekonomian desa dan menciptakan lapangan kerja baru bagi masyarakat setempat.
Sejarah Singkat

Ide pembangunan Qarira Garden berawal dari kebiasaan anak-anak desa yang sering bermain di sungai dan kebun karena tidak adanya tempat bermain yang memadai. Melihat potensi tersebut, masyarakat desa bersama pemerintah desa kemudian berinisiatif untuk mengembangkan lahan kosong menjadi sebuah taman wisata air.

Arti Nama Qarira Garden

Nama ""Qarira"" sendiri memiliki arti ""taman yang memiliki pemandangan menyejukkan"". Nama ini sangat sesuai dengan konsep taman yang ingin dibangun, yaitu taman yang asri dan nyaman untuk dikunjungi.","Q4VH+C2M, Bumi Harapan, Way Serdang, Mesuji Regency, Lampung 34684","78c80a91-ae92-4127-89e6-d56c1c1c470d","Wisata Rekreasi (Buatan)","mesuji, qarira garden, wisata mesuji","5000"
"321d54a7-2ac5-4b79-8a2d-d2ae587bf99b","Air Terjun Cengkaan","Air Terjun Cengkaan adalah salah satu destinasi wisata alam yang patut dikunjungi di Kabupaten Way Kanan, Lampung. Tersembunyi di tengah keindahan alam yang masih asri, air terjun ini menawarkan pesona alam yang memukau dengan kesejukan airnya yang jernih dan pemandangan sekitar yang hijau.

Keindahan Alam yang Memikat
Air Terjun Menawan: Air terjun ini memiliki ketinggian yang cukup signifikan, menciptakan pemandangan air yang jatuh dari ketinggian yang sangat indah. Suara gemericik air dan semburan kabut air akan membuat Anda merasa tenang dan segar.
Kehijauan Alam: Air Terjun Cengkaan dikelilingi oleh pepohonan hijau yang rimbun, menciptakan suasana yang sejuk dan asri. Anda bisa menikmati keindahan alam sambil menghirup udara segar.
Kolam Alami: Di bawah air terjun, terdapat kolam alami yang terbentuk dari aliran air. Anda bisa berenang atau sekadar merendam kaki di kolam ini untuk merasakan kesegaran airnya.","2F85+W6G, Way Petay, Sumber Jaya, West Lampung Regency, Lampung 34871","8f6ba969-d3ab-4d75-b8b9-dbc4912f92b2","Wisata Alam","air terjun, cengkaan, curug, way kanan, wisata way kanan","25000"
"5210ff02-beae-436e-a430-05e4aedd69f2","Puncak Bandar Agung","Puncak Bandar Agung adalah salah satu destinasi wisata alam yang semakin populer di Kabupaten Way Kanan, Lampung. Terletak di Kampung Bandar Agung, Kecamatan Banjit, tempat ini menawarkan keindahan alam yang menakjubkan dengan panorama yang luas dan udara yang sejuk. Pemandangan 360 Derajat: Dari puncak, pengunjung dapat menikmati pemandangan alam yang sangat luas. Perbukitan hijau, sawah-sawah yang terhampar luas, dan langit yang cerah menjadi pemandangan yang memanjakan mata.
Udara Sejuk: Suhu udara di puncak Bandar Agung cenderung lebih sejuk dibandingkan dengan daerah lainnya, sehingga sangat cocok untuk bersantai dan melepas penat.
Spot Fotografi Instagramable: Dengan latar belakang alam yang indah, Puncak Bandar Agung menjadi spot favorit bagi para pecinta fotografi untuk mengabadikan momen-momen berharga.
Aktivitas yang Menarik
Hiking: Bagi yang menyukai tantangan, pengunjung dapat melakukan hiking untuk mencapai puncak.
Berkemah: Bagi yang ingin menikmati suasana malam yang tenang, berkemah di sekitar puncak bisa menjadi pilihan yang menarik.
Piknik: Anda bisa membawa bekal dan menikmati piknik bersama keluarga atau teman-teman di atas puncak.
Tips Berkunjung ke Puncak Bandar Agung
Persiapkan Fisik: Jika ingin melakukan hiking, pastikan kondisi fisik Anda dalam keadaan baik.
Bawa Perlengkapan yang Cukup: Siapkan perlengkapan seperti topi, jaket, air minum, makanan ringan, dan kamera.
Jaga Kebersihan: Selalu buang sampah pada tempatnya untuk menjaga keindahan alam.","4FXF+6JW, Rantau Temiang, Banjit, Way Kanan Regency, Lampung 34766","2b3c4b69-79f0-448e-9e8e-f305e5b05d28","Wisata Petualangan","puncak bandar agung, way kanan, wisata way kanan","50000"
"e0c7d16e-dbf6-4af9-9524-84c0b0427770","Tebing Selumbu","Tebing Selumbu adalah salah satu destinasi wisata alam yang populer di Way Kanan, Lampung. Terletak di Desa Selumbu, Kecamatan Baradatu, tebing ini menawarkan pemandangan yang menakjubkan dengan ketinggian mencapai sekitar 100 meter. Pemandangan Panoramik: Dari puncak tebing, pengunjung dapat menikmati pemandangan yang luas dan indah. Anda dapat melihat perbukitan, sawah, dan bahkan aliran sungai yang mengalir di bawah.
Hutan Pinus: Tebing Selumbu dikelilingi oleh hutan pinus yang memberikan suasana sejuk dan nyaman.
Spot Fotografi: Dengan latar belakang yang begitu indah, tebing ini menjadi tempat yang populer bagi para pecinta fotografi.","CGG7+MW, Negeri Baru, Blambangan Umpu, Way Kanan Regency, Lampung","8f6ba969-d3ab-4d75-b8b9-dbc4912f92b2","Wisata Alam","tebing selumbu, way kanan, wisata way kanan","50000"
"15a800d5-db90-459f-9277-69eb6ef0d603","Wisata Berkuda dan Peternakan","Way Kanan, dengan keindahan alamnya yang masih asri, tidak hanya menawarkan wisata air terjun atau kebun durian. Bagi Anda yang menyukai aktivitas outdoor dan ingin lebih dekat dengan alam, wisata berkuda dan peternakan bisa menjadi pilihan menarik. Alam yang Menyegarkan: Berkendara menyusuri jalan setapak di tengah kebun atau hutan pinus akan memberikan pengalaman yang menyegarkan dan menenangkan pikiran.
Interaksi dengan Hewan: Anda bisa berinteraksi langsung dengan kuda-kuda yang terawat baik, bahkan mungkin mencoba memandikan atau memberi makan mereka. Selain itu, Anda juga bisa belajar tentang berbagai jenis ternak yang dipelihara di peternakan setempat.
Budaya Lokal: Wisata ini juga menjadi kesempatan untuk mengenal lebih dekat budaya dan kehidupan masyarakat Way Kanan, terutama yang berkaitan dengan peternakan.
Aktivitas yang Menyenangkan: Baik anak-anak maupun dewasa akan menyukai aktivitas berkuda dan bermain di peternakan.","GF98+2MQ, Gunung Sangkaran, Blambangan Umpu, Way Kanan Regency, Lampung 34764","2b3c4b69-79f0-448e-9e8e-f305e5b05d28","Wisata Petualangan","berkuda, way kanan, wisata way kanan","200000"
"4f05b36f-ca59-419a-80f1-59835b141008","Kebun Durian Way Kanan","Way Kanan, khususnya daerah Bukit Gemuruh, terkenal sebagai salah satu sentra penghasil durian di Lampung. Kebun durian di sini menawarkan pengalaman yang unik bagi para pecinta durian. Berikut beberapa hal yang bisa kamu temukan di kebun durian Way Kanan:
Keanekaragaman Varietas: Kamu akan menemukan berbagai jenis durian dengan rasa dan aroma yang khas. Mulai dari durian montong, durian musang king, hingga durian lokal dengan cita rasa yang autentik.
Panen Langsung dari Pohon: Pengalaman memetik durian langsung dari pohon tentu menjadi daya tarik tersendiri. Kamu bisa menikmati durian yang benar-benar segar dan manis.
Suasana Pedesaan yang Asri: Kebun durian biasanya terletak di daerah pedesaan dengan udara yang sejuk dan pemandangan alam yang indah.
Harga Terjangkau: Harga durian di kebun biasanya lebih terjangkau dibandingkan di pasar.
Wisata Kuliner: Selain menikmati durian, kamu juga bisa mencicipi berbagai makanan khas Lampung lainnya.","9CVM+7R, Panca Negeri, Blambangan Umpu, Way Kanan Regency, Lampung","18ac88c6-7cfa-4a02-bd37-9be79d112fa1","Wisata Agro","kebun durian, way kanan, wisata agro, wisata way kanan","50000"
"c16c0473-00a0-466a-be34-79395d07b07c","Taman Tirta Asri","Taman tirta asri merupakan wisata yang terletak di pekon sriwungu kecamatan banyumas kabupaten pringsewu lampung. Desa wisata ini memiliki potensi alam dan buatan yang menarik. Suasana khas pedesaan, udara yang sejuk dan kondisi yang jauh dari bisingnya lalu lalang kendaraan akan memberikan kesan nyaman, asri dan tenang bagi pengunjung. 

Fasilitas:

Areal Parkir
Balai Pertemuan
Kamar Mandi Umum
Kuliner
Musholla
Outbound
Selfie Area
Spot Foto
Wifi Area
Kolam Renang

Aktivitas:
Berenang, berfoto, karaoke, memancing, dll","Sriwungu, Banyumas, Pringsewu Regency, Lampung 35674","78c80a91-ae92-4127-89e6-d56c1c1c470d","Wisata Rekreasi (Buatan)","pringsewu, taman tirta asri, wisata buatan","10000"
"679b3ffe-761a-48e3-a6ef-d8762240c0b0","Mata Air Simpang Kanan","Mata Air Simpang Kanan adalah sumber air alami yang terletak di Desa Simpang Kanan, Kecamatan Ulu Belu, Kabupaten Tanggamus, Lampung. Airnya yang jernih dan segar sangat cocok untuk berenang dan berendam sambil menikmati pemandangan yang masih asri

Fasilitas:
Area parkir
Tempat istirahat
Toilet

Aktivitas:
Berenang
Piknik","JP67+3GW, Simpang Kanan, Sumberejo, Tanggamus Regency, Lampung 35374","8f6ba969-d3ab-4d75-b8b9-dbc4912f92b2","Wisata Alam","lampung, mata air, mata air simpang kanan, tanggamus, wisata mata air","0"
"37220de0-ce12-456b-8aef-956e17f5003d","Taman Kuda","Taman Kuda, destinasi wisata edukasi yang menarik di Pringsewu. Selain bisa berinteraksi dengan kuda, pengunjung juga bisa bermain air dengan berenang di kolam yang tersedia.

Fasilitas: 

Kandang kuda, area berkuda, area edukasi, kolam renang, warung makan, toilet

Aktivitas: 
Berkuda, memberi makan kuda, belajar tentang kuda, berenang, piknik, berfoto","Jl. Stadion Mini, Kediri, Kec. Gading Rejo, Kabupaten Pringsewu, Lampung 35372","78c80a91-ae92-4127-89e6-d56c1c1c470d","Wisata Rekreasi (Buatan)","pringsewu, taman kuda, wisata buatan","10000"
"563465d7-c12e-48c1-bc94-69abae86465c","Wisata Danau Hijau Ulu Belu","Wisata Danau Hijau Ulu Belu adalah tempat wisata yang terletak di Kecamatan Ulu Belu, Kabupaten Tanggamus, Lampung. Danau ini memiliki luas sekitar 10 hektar dan dikelilingi oleh pepohonan yang hijau. Air danau ini sangat jernih dan berwarna hijau, sehingga dinamakan Danau Hijau.

Wisata Danau Hijau Ulu Belu menawarkan berbagai macam kegiatan, seperti berenang, memancing, berkemah, dan bersepeda gunung. Danau ini juga merupakan tempat yang populer untuk berfoto selfie dan bersepeda gunung.","Pagaralam Ulubelu, Ulubelu, Tanggamus Regency, Lampung 35387","8f6ba969-d3ab-4d75-b8b9-dbc4912f92b2","Wisata Alam","danau, danau ulu belu, tanggamus, wisata alam, wisata danau","5000"
"a8a731e4-837b-4c92-9a7f-483de06589e8","PRINCHSTO","Princhsto merupakan salah satu destinasi wisata di Pringsewu dengan daya tarik utama berkuda dan memanah, wisata ini sudah berdiri pada 2017 lalu. 

Fasilitas :
• Resto
• Area parkir
• Lapangan berkuda berukuran 30 x 65 meter (standar nasional)
• Kuda yang tersedia antara lain; Sandle Pony Indonesia, Kuda Impor, G3, INDO, THB, THB Malaysia, dan KPI.
• Studio foto Klangenan Art
• Toilet, Musola.
• Free WIFI

Paket Princhsto:
• Feeding horse Rp 5.000 per ikat wortel
• Joyride Rp 20.000 per putaran
• Joyride Grup (kunjungan) Rp 17.000
• Private Lesson Rp 200.000 per 45 menit
• Riding School Rp 1.000.000 per 6x visit (45menit per visit) 

Wahana:
1) Mini Train untuk naik pengunjung harus membeli tiket terlebih dahulu Rp 15.000,- per orang setelah beli tiket pengunjung bisa naik Mini Train berkeliling area Princhsto. 
2) Kereta Kuda untuk desain kereta kuda seperti yang ada di Eropa. Tiket Kereta Kuda Rp 15.000,- per orang, pengunjung akan berkeliling area Princhsto dengan Kereta Kuda. 
3) Kuda Poni pengunjung dapat menunggangi Kuda Poni dengan membayar tiket Rp 15.000,- per orang. Pengunjung akan berkeliling bersama dengan Kuda Poni yang mempunyai sensasi tersendiri. 
4) Taman Domba pengunjung bisa memberi makanan dan bermain bersama Domba yang lucu. Untuk tiket masuk di Taman Domba pengunjung dikenakan biaya Rp 10.000,- per orang. 
5) Taman Kelinci pengunjung bisa memberi makanan dan bermain bersama Kelinci. Untuk tiket masuk di Taman Kelinci Rp 10.000,- per orang.","South Pringsewu, Pringsewu, Pringsewu Regency, Lampung 35373","78c80a91-ae92-4127-89e6-d56c1c1c470d","Wisata Rekreasi (Buatan)","princhsto, pringsewu, wisata buatan","10000"
"9840ab61-c702-4df0-bcf3-220da33258cd","Bukit Nyampiw","Bukit Nyampiw adalah tempat wisata yang terletak di Talang Jawa, Kecamatan Pulau Panggung, Kabupaten Tanggamus, Lampung. Bukit ini menawarkan pemandangan yang indah dan menakjubkan, terutama saat matahari terbit dan terbenam. Bukit Nyampiw juga merupakan tempat yang populer untuk berfoto selfie dan bersepeda gunung.","JJRX+7W, Talang Jawa, Pulau Panggung, Tanggamus Regency, Lampung 35387","8f6ba969-d3ab-4d75-b8b9-dbc4912f92b2","Wisata Alam","bukit, bukit nyampiw, tanggamus, wisata alam, wisata bukit","0"
"6dff8423-d6b5-46ee-89d7-28ca12703191","Gembuhaq (Kawah Belerang) Pagar Alam","Gembuhaq (Kawah Belerang) Pagar Alam adalah destinasi wisata alam pemandangan kawah belerang yang aktif dan dikelilingi perbukitan hijau yang unik dan menawan di Tanggamus, Lampung.

Fasilitas:
Area parkir: Luas dan memadai untuk menampung kendaraan pengunjung.
Pemandian air panas: Kolam-kolam air panas alami dengan suhu yang bervariasi.
Warung makan: Menyediakan berbagai macam makanan dan minuman ringan.
Toilet umum: Tersedia toilet untuk kenyamanan pengunjung.
Tempat bilas: Fasilitas untuk membilas tubuh setelah berendam.
Jalur trekking: Bagi yang ingin menjelajah lebih jauh, tersedia jalur trekking dengan pemandangan yang menakjubkan.

Aktivitas yang dapat dilakukan:
Berendam di air panas: Merelaksasi tubuh dan merasakan khasiat air belerang.
Trekking: Menjelajahi keindahan alam sekitar dan menikmati pemandangan kawah dari ketinggian.
Berfoto: Mengabadikan momen indah dengan latar belakang kawah belerang yang eksotis.
Piknik: Bersantai di sekitar kawasan sambil menikmati bekal makanan.","MH9F+945, Pagaralam Ulubelu, Ulubelu, Tanggamus Regency, Lampung 35387","8f6ba969-d3ab-4d75-b8b9-dbc4912f92b2","Wisata Alam","gembuhaq pagar alam, tanggamus, wisata alam, wisata kawah belerang","0"
"d2cae632-bd18-45af-9595-62f072681ad3","Curup Turbin Sedayu","Curup Turbin Sedayu adalah destinasi wisata alam yang unik dan menawan. Tersembunyi di kawasan Tanggamus, Lampung, air terjun ini menawarkan pesona alam yang berbeda dari air terjun pada umumnya. Suara gemuruh air yang jatuh dari ketinggian, dipadu dengan keindahan alam sekitar, menciptakan suasana yang menyegarkan dan menenangkan. Nama ""Turbin"" diambil dari suara gemuruh air yang mirip dengan suara turbin.

Fasilitas:
Area parkir: Luas dan memadai untuk menampung kendaraan pengunjung.
Jalur trekking: Menyediakan jalur trekking yang menantang namun aman untuk mencapai air terjun.
Tempat bersantai: Beberapa spot yang nyaman untuk bersantai dan menikmati pemandangan.
Spot foto: Beberapa spot foto yang menarik untuk mengabadikan momen liburan Anda.","FCPW+R7, Way Kerap, Semaka, Tanggamus Regency, Lampung","8f6ba969-d3ab-4d75-b8b9-dbc4912f92b2","Wisata Alam","curug, curug turbin sedayu, tanggamus, wisata alam, wisata curug","0"
"1e6781dd-d9e0-4673-ab6a-dbfcbbdd16bb","Pantai Labuhan Jukung","Pantai Labuhan Jukung adalah surga bagi para pecinta surfing dan keindahan alam. Terletak di Kabupaten Lampung Barat, pantai ini menawarkan ombak yang konsisten dan pemandangan yang menakjubkan. Dengan pasir putih yang lembut, air laut yang jernih, dan suasana yang tenang, Pantai Labuhan Jukung menjadi salah satu destinasi wisata pantai favorit di Lampung.

Fasilitas:
Area parkir: Luas dan mudah diakses.
Warung makan: Menyediakan berbagai macam makanan dan minuman.
Toilet umum: Tersedia dalam kondisi bersih.
Tempat penginapan: Beberapa penginapan dan homestay tersedia di sekitar pantai.
Spot surfing: Banyak spot surfing yang cocok untuk berbagai level peselancar.

Aktivitas yang Dapat Dilakukan:
Surfing: Menikmati ombak yang konsisten dan menantang.
Berjemur: Bersantai di tepi pantai sambil menikmati sinar matahari.
Berenang: Berenang di air laut yang jernih.
Memancing: Mencoba keberuntungan menangkap ikan di laut.
Menjelajah pantai: Menemukan spot-spot menarik di sekitar pantai.
Camping: Menikmati suasana malam di tepi pantai dengan berkemah.

Jam Operasional:
24 jam: Pantai Labuhan Jukung terbuka untuk umum selama 24 jam.

Tips:
Bawa perlengkapan surfing: Jika Anda ingin berselancar, pastikan membawa papan selancar dan perlengkapan lainnya.
Lindungi diri dari sinar matahari: Gunakan sunscreen, topi, dan kacamata hitam.
Jaga kebersihan: Buang sampah pada tempatnya dan jangan merusak ekosistem pantai.","Kampung Jawa, Pesisir Tengah, Lampung Barat, Lampung 34874","8f6ba969-d3ab-4d75-b8b9-dbc4912f92b2","Wisata Alam","lampung barat, pantai labuhan jukung, wisata alam","10000"
"83912dbc-9b58-4963-817c-2ffe9476e42b","Galaxy Waterboom Way Kanan","Galaxy Waterboom Way Kanan merupakan salah satu destinasi wisata air yang populer di Kabupaten Way Kanan, Lampung. Taman air ini menawarkan beragam wahana permainan air yang seru dan menyenangkan, menjadikannya tempat yang sempurna untuk menghabiskan waktu bersama keluarga dan teman-teman.Mulai dari seluncuran air yang menantang, kolam renang anak-anak, hingga kolam arus yang santai, semua ada di sini.
Selain wahana air, Galaxy Waterboom juga dilengkapi dengan fasilitas pendukung seperti kamar ganti, toilet, tempat makan, dan area parkir yang luas.Taman air ini dirancang dengan konsep yang asri dan nyaman, sehingga pengunjung dapat bersantai sambil menikmati keindahan alam sekitar.","Jl. Raya Lintas Utama Sumatera, Gn. Baru, Kec. Gn. Labuhan, Kabupaten Way Kanan, Lampung 34768","78c80a91-ae92-4127-89e6-d56c1c1c470d","Wisata Rekreasi (Buatan)","waterboom galaxy, way kanan, wisata way kanan","25000"
"51e4f8a2-aa90-45b0-90f2-bf3ba57ce635","Curug Kura mas","Curug Kura Mas adalah air terjun yang terletak di Desa Talang Beringin, Kecamatan Pulau Panggung, Kabupaten Tanggamus, Lampung. Air terjun ini memiliki ketinggian sekitar 20 meter dan airnya yang jernih dan segar.

Fasilitas:
Area parkir
Toilet
Tempat duduk santai

Aktivitas yang dapat dilakukan:
Berenang
Bermain air
Hiking
Berkemah","FCVW+392, Sedayu, Kec. Semaka, Kabupaten Tanggamus, Lampung 35386","8f6ba969-d3ab-4d75-b8b9-dbc4912f92b2","Wisata Alam","curug, curug kura mas, tanggamus, wisata alam","0"
"50e59e71-9d9e-4a1a-942b-ffe6f2a5881d","Taman Santai Purwa Agung","Taman Santai Purwa Agung di Way Kanan, Lampung, adalah destinasi rekreasi yang menawarkan suasana nyaman dan asri untuk bersantai. Taman ini dikelilingi oleh pepohonan hijau, menciptakan lingkungan yang sejuk dan menyegarkan.

Taman ini dilengkapi dengan berbagai fasilitas, seperti area duduk, jalur pejalan kaki, dan tempat bermain anak. Pengunjung dapat menikmati kegiatan seperti piknik, berjalan-jalan, atau sekadar bersantai sambil menikmati pemandangan.

Taman Santai Purwa Agung juga sering dijadikan tempat berkumpul bagi keluarga dan komunitas, menjadikannya lokasi yang ideal untuk acara santai atau perayaan kecil. Dengan atmosfer yang damai dan nyaman, taman ini menjadi pilihan yang sempurna untuk melepas penat dan menikmati waktu bersama orang-orang terkasih.","Purwa Agung, Negara Batin, Way Kanan Regency, Lampung","78c80a91-ae92-4127-89e6-d56c1c1c470d","Wisata Rekreasi (Buatan)","purwa agung, taman santai, way kanan, wisata way kanan","0"
"4cefb9cb-4de0-4e3e-9958-b8a30c2b6bb7","Lumbok Danau Ranau","Lumbok Danau Ranau adalah sebuah kawasan wisata yang terletak di Kabupaten Lampung Barat, Provinsi Lampung. Terkenal dengan keindahan alamnya yang menakjubkan, danau vulkanik terbesar di Asia Tenggara ini menawarkan pengalaman liburan yang tak terlupakan. Pemandangan alam yang hijau, air danau yang jernih, serta udara yang segar menjadi daya tarik utama bagi para wisatawan.

Fasilitas:
Penginapan: Tersedia berbagai pilihan penginapan, mulai dari homestay sederhana hingga resort mewah dengan pemandangan danau.
Perahu wisata: Menyediakan layanan keliling danau untuk menikmati keindahan pemandangan.
Rumah makan: Menawarkan beragam kuliner khas Lampung, seperti ikan bakar dan pepes.
Spot foto: Terdapat beberapa spot foto menarik dengan latar belakang danau dan pegunungan.
Fasilitas olahraga air: Seperti perahu dayung, kano, dan jetski (tergantung pada penyedia layanan).

Aktivitas yang dapat dilakukan:
Berkeliling danau: Menikmati keindahan danau dengan perahu wisata.
Mancing: Mencoba keberuntungan menangkap ikan di danau yang kaya akan biota laut.
Berkemah: Menginap di tepi danau untuk merasakan sensasi berkemah.
Trekking: Menjelajahi alam sekitar danau dan menikmati pemandangan yang indah.
Mencicipi kuliner lokal: Menikmati beragam kuliner khas Lampung.
Berfoto: Mengabadikan momen indah dengan latar belakang danau yang menakjubkan.

Jam Operasional:
Tidak ada jam operasional tetap: Kawasan wisata Danau Ranau terbuka untuk umum sepanjang waktu. Namun, beberapa fasilitas seperti penyewaan perahu atau rumah makan mungkin memiliki jam operasional tertentu.

Tips:
Musim terbaik: Kunjungi saat musim kemarau untuk mendapatkan cuaca yang cerah dan pemandangan yang lebih jelas.
Persiapan: Bawalah perlengkapan yang lengkap, seperti sunscreen, topi, dan pakaian ganti.
Sampah: Buanglah sampah pada tempatnya untuk menjaga kebersihan lingkungan.","3W79+7QF, Lombok Seminung,, Lombok, Kec. Lumbok Seminung, Kabupaten Lampung Barat, Lampung","8f6ba969-d3ab-4d75-b8b9-dbc4912f92b2","Wisata Alam","lampung barat, lumbok danau ranau, wisata alam","0"
"e719c771-be70-4479-b66e-92b9a8561919","Taman Bunga Wong Santai","Taman Bunga Wong Santai adalah sebuah destinasi wisata yang menawarkan keindahan alam berupa taman bunga yang sangat menarik. Terletak di wilayah Way Kanan, Lampung, taman ini menjadi salah satu pilihan tepat bagi Anda yang ingin menikmati keindahan bunga-bunga yang bermekaran.Taman ini menyajikan berbagai jenis bunga dengan warna-warni yang mencolok, mulai dari bunga-bunga tropis hingga bunga-bunga hias.Dengan latar belakang bunga-bunga yang indah, Taman Bunga Wong Santai menjadi tempat yang sangat cocok untuk berfoto.Jauh dari hiruk pikuk kota, taman ini menawarkan suasana yang tenang dan nyaman untuk bersantai.Tersedia area bermain anak yang aman dan menyenangkan, sehingga cocok untuk dikunjungi bersama keluarga.","JH52+X5M, Segara Midar, Blambangan Umpu, Way Kanan Regency, Lampung 34673","78c80a91-ae92-4127-89e6-d56c1c1c470d","Wisata Rekreasi (Buatan)","taman bunga, way kanan, wisata way kanan, wong santai","0"
"90d7388c-6b34-4279-b9c4-b542bb66088f","Air Terjun Sirnagalih","Air Terjun Sirnagalih adalah air terjun yang terletak di Desa Beringin Jaya, Kecamatan Ulu Belu, Kabupaten Tanggamus, Lampung. Air terjun ini memiliki ketinggian sekitar 20 meter dan airnya yang jernih dan segar.


Fasilitas:
Area parkir
Toilet
Tempat duduk santai

Aktivitas yang dapat dilakukan:
Berenang
Bermain air
Hiking
Berkemah","RF4W+GJ3, beringin jaya, Ulubelu, Tanggamus Regency, Lampung 35387","8f6ba969-d3ab-4d75-b8b9-dbc4912f92b2","Wisata Alam","air terjun, air terjun sirnagalih, curup, tanggamus, wisata alam","0"
"533b93ff-020a-46fe-8605-3c0be1f5285a","Wisata Padas Gundul","Padas Gundul adalah sebuah kawasan hutan yang terletak di Kabupaten Way Kanan, Lampung. Daerah ini dikenal dengan keindahan alamnya yang masih sangat alami dan belum banyak terjamah oleh tangan manusia. Padas Gundul menawarkan pengalaman petualangan yang seru bagi para pencinta alam.Padas Gundul merupakan bagian dari hutan hujan tropis yang kaya akan keanekaragaman hayati.Nama ""Padas Gundul"" sendiri merujuk pada kondisi tanah yang gundul akibat erosi atau penebangan liar di masa lalu. Namun, alam perlahan-lahan memulihkan dirinya dan kini kawasan ini kembali hijau.Terdapat beberapa sungai dan air terjun yang masih alami di kawasan ini, menjadi daya tarik tersendiri bagi para pengunjung.Padas Gundul menjadi habitat bagi berbagai jenis flora dan fauna, seperti burung, serangga, dan berbagai jenis tumbuhan.","Punjul Agung, Buay Bahuga, Way Kanan Regency, Lampung 34767","8f6ba969-d3ab-4d75-b8b9-dbc4912f92b2","Wisata Alam","curug, padas gundul, way kanan, wisata way kanan","5000"
"5e232e88-f5fb-4d62-b409-937d941a8ac9","Lanscape Tanjung Raja Giham","Tanjung Raja Giham adalah sebuah desa yang terletak di Kecamatan Blambangan Umpu, Kabupaten Way Kanan, Provinsi Lampung. Desa ini merupakan salah satu dari banyak desa yang ada di wilayah Way Kanan dan memiliki keunikan serta daya tarik tersendiri.Tanjung Raja Giham menawarkan suasana pedesaan yang tenang dan asri, jauh dari hiruk pikuk perkotaan.Sebagian besar penduduk desa bermatapencaharian sebagai petani. Hasil pertanian utama di desa ini adalah karet, jagung, padi, pisang, kopi, dan lainnya.Masyarakat Tanjung Raja Giham masih menjunjung tinggi nilai-nilai kearifan lokal dan adat istiadat.Desa ini memiliki potensi wisata alam yang menarik, meskipun belum banyak dikembangkan secara maksimal.","HCXH+3VR, Jl. Raya Lintas Utama Sumatera, Way Tuba, Kec. Way Tuba, Kabupaten Way Kanan, Lampung 34767","bc7c6dcb-d4d3-4158-97ac-e447b2878f3f","Wisata Budaya","monumen, tanjung raja giham, way kanan, wisata way kanan","0"
"ca1d8570-c60e-49b6-920b-0348f4cd2af1","Danau Way Tuba","Danau Way Tuba di Way Kanan, Lampung, adalah sebuah danau yang memukau dengan keindahan alam yang masih asri. Dikelilingi oleh hutan dan pegunungan, danau ini menawarkan suasana tenang dan segar, cocok untuk relaksasi dan bersantai.

Air danau yang jernih dan tenang memberikan kesempatan bagi pengunjung untuk melakukan aktivitas seperti memancing, berperahu, atau sekadar menikmati pemandangan sambil berkeliling di sekitarnya. Terdapat pula area untuk piknik, membuatnya ideal bagi keluarga dan teman-teman yang ingin menikmati waktu berkualitas bersama.

Keberadaan flora dan fauna yang beragam di sekitar danau menambah daya tariknya, menjadikannya tempat yang bagus untuk fotografi dan pengamatan alam. Danau Way Tuba menjadi salah satu destinasi menarik bagi para pecinta alam dan wisatawan yang ingin merasakan keindahan alam Indonesia.","JC48+679, Way Tuba, Way Kanan Regency, Lampung 34767","8f6ba969-d3ab-4d75-b8b9-dbc4912f92b2","Wisata Alam","danau waykanan, way kanan, way tuba, wisata way kanan","0"
"484408d9-28e1-4a4e-afc8-489eba45e728","Alun-Alun Kampung Pisang Baru","Alun-alun Kampung Pisang Baru adalah salah satu ruang publik yang paling populer di Kabupaten Way Kanan, Lampung. Sebagai pusat kegiatan masyarakat, alun-alun ini menawarkan berbagai fasilitas dan keindahan yang membuatnya menjadi tempat yang tepat untuk bersantai, berolahraga, atau sekadar berkumpul bersama keluarga dan teman.Alun-alun ini menjadi pusat berbagai kegiatan masyarakat, mulai dari acara pemerintahan, festival budaya, hingga kegiatan olahraga.Didesain dengan konsep ruang terbuka hijau yang luas, alun-alun ini menawarkan suasana yang segar dan asri.Dilengkapi dengan berbagai fasilitas seperti jogging track, area bermain anak, tempat duduk, dan lampu penerangan yang cukup.Alun-alun ini menjadi salah satu landmark kota Way Kanan yang ikonik.","Jl. Pisang Baru Utara I, Pisang Baru, Kec. Bumi Agung, Kabupaten Way Kanan, Lampung 34673","78c80a91-ae92-4127-89e6-d56c1c1c470d","Wisata Rekreasi (Buatan)","alun alun, kampung pisang baru, way kanan, wisata way kanan","0"
"58133e0c-1a05-4782-9d67-9f39ef080eac","Pulau Pahawang","Pulau Pahawang adalah surga tersembunyi di Lampung dengan keindahan alam bawah laut yang menakjubkan. Pulau ini menawarkan pengalaman liburan yang lengkap, mulai dari bersantai di pantai pasir putih, snorkeling, diving, hingga menjelajahi pulau-pulau kecil di sekitarnya.

Fasilitas:
Penginapan: Berbagai pilihan penginapan mulai dari homestay, resort, hingga glamping.
Restoran: Menyediakan berbagai hidangan seafood segar dan makanan khas Lampung.
Sewa perahu: Untuk mengunjungi pulau-pulau kecil di sekitar Pahawang.
Peralatan snorkeling dan diving: Disewakan bagi yang ingin menjelajahi keindahan bawah laut.
Toilet umum: Tersedia di beberapa titik di pulau.

Aktivitas yang Dapat Dilakukan:
Snorkeling dan diving: Menyaksikan keindahan terumbu karang dan beragam biota laut.
Berjemur dan bermain pasir: Bersantai di pantai sambil menikmati sinar matahari.
Island hopping: Menjelajahi pulau-pulau kecil di sekitar Pahawang.
Camping: Bermalam di pantai sambil menikmati suasana alam yang tenang.
Kayak dan stand up paddleboard: Menjelajahi perairan sekitar pulau.
Melihat lumba-lumba: Dengan sedikit keberuntungan, Anda bisa melihat lumba-lumba berenang di sekitar pulau.

Jam Operasional:
Tidak ada jam operasional tetap: Pulau Pahawang terbuka untuk umum sepanjang waktu. Namun, sebaiknya hindari mengunjungi pulau saat musim hujan karena ombak bisa cukup besar.

Tips:
Musim terbaik: Kunjungi saat musim kemarau (April-September) untuk mendapatkan cuaca yang cerah dan laut yang tenang.
Persiapan: Bawa perlengkapan snorkeling atau diving sendiri jika ingin mendapatkan pengalaman yang lebih maksimal.
Sampah: Bawa kembali sampah Anda dan buang pada tempat yang telah disediakan.
Konservasi: Jaga kelestarian alam dengan tidak merusak terumbu karang dan biota laut.","Jalan Pematang Awi, Durian, Padang Cermin, Durian, Kec. Padang Cermin, Kabupaten Pesawaran, Lampung 35451","8f6ba969-d3ab-4d75-b8b9-dbc4912f92b2","Wisata Alam","pesawaran, pulau pahawang, wisata alam","400000"
"e9b5c6f5-f676-47e3-a407-ae770b545593","Teluk Hantu","Teluk Hantu adalah destinasi wisata pantai yang menawarkan keindahan alam yang masih asri dan eksotis. Dengan pasir putih yang lembut, air laut yang jernih, serta tebing-tebing karang yang menjulang, Teluk Hantu menjadi surga bagi para pecinta pantai. Nama ""Teluk Hantu"" sendiri berasal dari mitos lokal yang menambah daya tarik tersendiri bagi tempat ini.

Fasilitas:
Pantai: Area pantai yang luas dengan pasir putih lembut.
Pulau kecil: Pulau-pulau kecil di sekitar Teluk Hantu yang bisa dikunjungi.
Spot snorkeling: Terumbu karang yang indah dan beragam biota laut.
Tempat camping: Area perkemahan yang cocok untuk menikmati suasana malam di pantai.
Warung makan: Menawarkan berbagai hidangan seafood segar.
Toilet umum: Tersedia fasilitas toilet untuk pengunjung.

Aktivitas yang Dapat Dilakukan:
Berjemur: Menikmati sinar matahari di tepi pantai.
Berenang: Berenang di air laut yang jernih.
Snorkeling: Menjelajahi keindahan bawah laut.
Diving: Bagi penyelam berpengalaman, Teluk Hantu menawarkan spot diving yang menarik.
Camping: Menginap di tepi pantai sembari menikmati suasana malam yang tenang.
Memancing: Menikmati sensasi memancing di laut.
Berkeliling pulau: Menyewa perahu untuk mengunjungi pulau-pulau kecil di sekitar Teluk Hantu.

Jam Operasional:
Buka 24 jam: Anda bisa mengunjungi Teluk Hantu kapan saja sesuai keinginan Anda.

Tips:
Bawa perlengkapan snorkeling: Jika ingin snorkeling, pastikan membawa perlengkapan yang lengkap.
Lindungi diri dari sinar matahari: Gunakan sunscreen, topi, dan kacamata hitam.
Jaga kebersihan: Buang sampah pada tempatnya dan jangan merusak ekosistem laut.
Waspada terhadap ombak: Selalu perhatikan kondisi ombak sebelum berenang atau melakukan aktivitas air lainnya.","66G7+5H4, Unnamed Road, Pagar Jaya, Kec. Punduh Pidada, Kabupaten Pesawaran, Lampung 35379","8f6ba969-d3ab-4d75-b8b9-dbc4912f92b2","Wisata Alam","pesawaran, teluk hantu, wisata alam","45000"
"3fa317e5-0c17-4b10-b843-ad2ce35ebcdb","Air Terjun Lembah Pelangi","Air Terjun Lembah Pelangi adalah destinasi wisata alam yang menawarkan keindahan alam yang menakjubkan. Terletak di Tanggamus, Lampung, air terjun ini terkenal dengan airnya yang jernih dan segar serta panorama sekitarnya yang hijau dan asri. Keunikan namanya berasal dari efek pelangi yang sering muncul di sekitar air terjun saat sinar matahari mengenai tetesan air.

Fasilitas:
Area parkir: Luas dan memadai untuk menampung kendaraan pengunjung.
Jalur trekking: Menyediakan jalur trekking yang menantang namun aman untuk mencapai air terjun.
Warung makan: Tersedia warung makan yang menyediakan berbagai macam makanan dan minuman.
Toilet: Fasilitas toilet yang bersih dan terawat.
Tempat bersantai: Beberapa spot yang nyaman untuk bersantai dan menikmati pemandangan.

Aktivitas yang dapat dilakukan:
Berenang: Menikmati kesegaran air terjun di kolam alami.
Hiking: Menjelajahi keindahan alam sekitar melalui jalur trekking.
Piknik: Bersantai dan menikmati bekal makanan bersama keluarga atau teman.
Fotografi: Mengabadikan momen indah di sekitar air terjun.
Camping: Bagi yang ingin bermalam, tersedia area camping dengan pemandangan yang menakjubkan.","MG8W+M97, Sukamaju, Ulubelu, Tanggamus Regency, Lampung 35686","8f6ba969-d3ab-4d75-b8b9-dbc4912f92b2","Wisata Alam","air terjun, air terjun lembah pelangi, curup, tanggamus, wisata alam","0"
"f5fd2365-36ff-4e58-94b6-647654125e21","Air terjun batususun bakoman","Air Terjun Batususun Bakoman adalah air terjun yang terletak di Desa Bakoman, Kecamatan Ulu Belu, Kabupaten Tanggamus, Lampung. Air terjun ini memiliki ketinggian sekitar 30 meter dan airnya yang jernih dan segar.

Fasilitas:
Area parkir
Toilet
Tempat duduk santai

Aktivitas yang dapat dilakukan:
Berenang
Bermain air
Hiking
Berkemah","PJ4W+P6G, Hutan, Tanggamus Regency, Lampung 35387","8f6ba969-d3ab-4d75-b8b9-dbc4912f92b2","Wisata Alam","air terjun, air terjun batususun bakoman, curup, tanggamus, wisata alam","0"
"2a7420b3-66c6-4b2e-8a77-903117382acd","Pulau Tanjung Pupus","Pulau Tanjung Putus adalah destinasi wisata bahari yang menawarkan keindahan alam yang memukau. Terletak di Kabupaten Pesawaran, Lampung, pulau ini menyuguhkan pantai pasir putih yang bersih, air laut yang jernih, dan terumbu karang yang indah. Suasana yang tenang dan damai membuat pulau ini menjadi tempat yang sempurna untuk bersantai dan menikmati keindahan alam.

Fasilitas:
Pantai: Pantai pasir putih yang luas dengan air laut yang jernih, cocok untuk berenang, snorkeling, dan diving.
Pura-pura pantai: Tempat bersantai sambil menikmati pemandangan laut.
Warung makan: Menyediakan berbagai macam makanan dan minuman.
Penginapan: Tersedia beberapa penginapan sederhana untuk pengunjung yang ingin menginap.
Perahu penyewaan: Untuk menuju ke pulau dan menjelajahi sekitar.

Aktivitas yang Dapat Dilakukan:
Snorkeling dan diving: Menjelajahi keindahan bawah laut dengan terumbu karang yang berwarna-warni dan berbagai jenis ikan.
Berjemur dan bermain pasir: Menikmati suasana pantai yang santai.
Berkemah: Bagi yang ingin merasakan sensasi berkemah di tepi pantai.
Memancing: Menikmati hobi memancing dengan pemandangan laut yang indah.
Fotografi: Mengabadikan momen indah di pulau ini.

Jam Operasional:
Tidak ada jam operasional tetap: Pulau Tanjung Putus dapat dikunjungi kapan saja, namun waktu terbaik adalah saat cuaca cerah.

Tips:
Bawa perlengkapan snorkeling atau diving: Jika ingin menikmati keindahan bawah laut.
Gunakan sunscreen: Untuk melindungi kulit dari sinar matahari.
Jaga kebersihan: Buang sampah pada tempatnya dan jangan merusak lingkungan.
Waspada terhadap ombak: Selalu perhatikan kondisi cuaca dan ombak sebelum berenang atau snorkeling.","7694+VWP, Sukarame, Punduh Pidada, Kabupaten Pesawaran, Lampung","8f6ba969-d3ab-4d75-b8b9-dbc4912f92b2","Wisata Alam","pesawaran, pulau tanjung putus, wisata alam","0"
"13505b1d-2445-4acc-b515-9a06cf8586e0","Zowtaa Garden","Zowtaa Garden merupakan salah satu destinasi wisata yang semakin populer di Kabupaten Way Kanan, Lampung. Taman ini menawarkan suasana yang asri dan menyegarkan, menjadikannya tempat yang sempurna untuk bersantai dan melepas penat.Zowtaa Garden mengusung konsep desain taman minimalis modern dengan sentuhan alam yang kental. Penggabungan antara elemen modern dan alam menciptakan suasana yang unik dan menarik.Taman ini dilengkapi dengan berbagai spot foto yang menarik, seperti ayunan gantung, dinding-dinding berwarna cerah, dan berbagai ornamen unik lainnya.Tersedia area bersantai yang nyaman, seperti gazebo atau kursi santai, yang dapat digunakan untuk menikmati suasana taman yang tenang.Biasanya, Zowtaa Garden juga menyediakan berbagai pilihan kuliner yang lezat, mulai dari makanan ringan hingga makanan berat.","Karya 3, Serupa Indah, Kec. Pakuan Ratu, Kabupaten Way Kanan, Lampung 34762","78c80a91-ae92-4127-89e6-d56c1c1c470d","Wisata Rekreasi (Buatan)","taman, way kanan, wisata way kanan, zowtaagarden","25000"
"7ef48f9d-6489-45cb-bb92-46672f77213e","Air Terjun Makkunyana","Air Terjun Makkunyana adalah air terjun yang terletak di Desa Talang Beringin, Kecamatan Pulau Panggung, Kabupaten Tanggamus, Lampung. Air terjun ini memiliki ketinggian sekitar 20 meter dan airnya yang jernih dan segar.

Fasilitas:
Area parkir
Toilet
Tempat duduk santai

Aktivitas yang dapat dilakukan:
Berenang
Bermain air
Hiking
Berkemah","HJ6R+PGV, Teratas, Kota Agung, Tanggamus Regency, Lampung 35384","8f6ba969-d3ab-4d75-b8b9-dbc4912f92b2","Wisata Alam","air terjun, air terjun makkunyana, curup, tanggamus, wisata alam","0"
"6f12d7cb-cd83-4f5e-bbd3-daf4a8210064","Wisata Bebek Air","Wisata Bebek Air di Way Kanan, Lampung, adalah destinasi menarik yang menggabungkan keindahan alam dan rekreasi. Tempat ini terkenal dengan wahana perahu bebek yang dapat dinikmati di danau yang tenang, dikelilingi oleh pemandangan hijau yang menawan.

Pengunjung dapat menyewa perahu bebek dan berkeliling di atas air, sambil menikmati suasana sejuk dan suara alam. Selain itu, area sekitar dilengkapi dengan fasilitas untuk bersantai, seperti tempat duduk dan area piknik. 

Wisata Bebek Air juga cocok untuk keluarga, menawarkan aktivitas yang menyenangkan bagi anak-anak dan dewasa. Dengan pemandangan yang indah dan suasana yang damai, tempat ini menjadi pilihan tepat untuk berlibur dan menikmati waktu berkualitas bersama orang tercinta.","Pisang Baru, Bumi Agung, Way Kanan Regency, Lampung 34673","78c80a91-ae92-4127-89e6-d56c1c1c470d","Wisata Rekreasi (Buatan)","way kanan, wisata bebek air, wisata way kanan","20000"
"fb4a883f-36da-4f1a-95f0-0bcc01125b9c","Muncak Pass","Muncak Pass adalah destinasi wisata alam yang menawarkan pemandangan indah perbukitan dan kota Bandar Lampung dari ketinggian. Terletak di Kabupaten Pesawaran, tempat ini menjadi favorit para pecinta alam dan fotografi untuk menikmati suasana sejuk dan momen matahari terbit atau terbenam yang memukau.

Fasilitas:
Area parkir: Luas dan memadai untuk menampung kendaraan pengunjung.
Warung makan: Menyediakan berbagai macam makanan dan minuman ringan.
Spot foto: Banyak spot menarik dengan latar belakang pemandangan yang indah.
Toilet umum: Tersedia fasilitas toilet untuk kenyamanan pengunjung.
Area berkemah: (Jika ada) Tersedia area khusus bagi pengunjung yang ingin berkemah.

Aktivitas yang Dapat Dilakukan:
Menikmati pemandangan: Mengagumi keindahan alam perbukitan dan kota dari ketinggian.
Berfoto: Mengabadikan momen dengan latar belakang pemandangan yang menakjubkan.
Berkemah: (Jika tersedia area berkemah) Menikmati suasana malam di alam terbuka.
Piknik: Bersantai bersama keluarga atau teman sambil menikmati bekal makanan.
Off-road: (Jika memungkinkan) Menjelajahi medan yang menantang dengan kendaraan off-road.

Jam Operasional:
Biasanya buka 24 jam, namun disarankan untuk datang saat pagi atau sore hari untuk menikmati pemandangan yang lebih jelas.

Tips:
Datang saat cuaca cerah: Untuk mendapatkan pemandangan yang terbaik.
Bawa kamera: Agar bisa mengabadikan momen indah di sini.
Kenakan pakaian yang nyaman: Karena Anda akan banyak berada di luar ruangan.
Hati-hati saat mengambil foto: Pastikan Anda berada di tempat yang aman.
Bawa perlengkapan berkemah: (Jika ingin berkemah) Seperti tenda, sleeping bag, dan perlengkapan masak.","G63G+WM2 Desa Munca, Hanura, Kec. Padang Cermin, Kabupaten Pesawaran, Lampung 35453","78c80a91-ae92-4127-89e6-d56c1c1c470d","Wisata Rekreasi (Buatan)","muncak pass, pesawaran, wisata buatan","10000"
"134382c1-98c4-4bb8-8128-07812909a753","Wisata Kalimanjung","Wisata Kali Manjung di Way Kanan, Lampung, adalah destinasi alam yang menawarkan pesona sungai yang indah dan suasana yang tenang. Dikenal dengan keindahan pemandangannya, Kali Manjung dikelilingi oleh hutan tropis yang rimbun, memberikan nuansa sejuk dan alami. Sungai ini menjadi tempat yang ideal untuk berbagai aktivitas, seperti berendam, memancing, atau hanya bersantai sambil menikmati suara aliran air. Area sekitar juga cocok untuk trekking, dengan jalur-jalur yang membawa pengunjung lebih dekat ke keindahan alam sekitarnya.Kali Manjung merupakan pilihan sempurna bagi mereka yang ingin melarikan diri dari rutinitas sehari-hari dan menikmati keindahan serta ketenangan alam. Dengan suasana yang masih asri, tempat ini sangat cocok untuk berkumpul bersama keluarga atau teman.","H2CW+CFP, Pagar Iman, Negeri Besar, Way Kanan Regency, Lampung 34683","8f6ba969-d3ab-4d75-b8b9-dbc4912f92b2","Wisata Alam","bersama keluarga, kalimanjung, way kanan, wisata way kanan","0"
"1fb486bf-1f8e-4e9d-90da-9df25931b6a7","Taman Kehati Galih Batin Teba","Taman Kehati Galih Batin adalah taman kehati yang terletak di Teba, Kecamatan Kota Agung Barat, Kabupaten Tanggamus, Lampung. Taman ini memiliki luas sekitar 10 hektar dan merupakan rumah bagi berbagai macam tumbuhan dan hewan. Taman ini juga memiliki beberapa fasilitas, seperti area piknik, tempat bermain anak, dan jalur hiking.

Fasilitas:
Area piknik
Tempat bermain anak
Jalur hiking

Aktivitas yang dapat dilakukan:
Berjalan-jalan di taman
Bermain di area piknik
Bermain di tempat bermain anak
Hiking","Teba, Kota Agung Barat, Tanggamus Regency, Lampung 35384","8f6ba969-d3ab-4d75-b8b9-dbc4912f92b2","Wisata Alam","taman kehati galih, tanggamus, wisata alam","0"
"138fb089-e146-40c2-82e4-8176c6b85583","Curup Anggal","Curug Anggal, terletak di Way Kanan, Lampung, adalah air terjun yang menawan dan masih terjaga keasriannya. Dengan ketinggian sekitar 25 meter, curug ini menawarkan pemandangan yang memukau dengan aliran air yang jernih dan deras.Dikelilingi oleh hutan tropis yang rimbun, Curug Anggal memberikan suasana sejuk dan tenang. Di bawah air terjun terdapat kolam alami yang ideal untuk berenang dan menikmati kesegaran air. Suara gemuruh air terjun dan keindahan alam sekitarnya menciptakan pengalaman yang menenangkan bagi pengunjung.Akses menuju Curug Anggal melibatkan trekking melalui jalur yang menarik, menjadikannya destinasi yang sempurna bagi para pecinta alam dan petualangan. Tempat ini sangat cocok untuk bersantai, berfoto, dan menikmati keindahan alam yang autentik.","5HG3+FM2, Suka Negeri, Gunung Labuhan, Way Kanan Regency, Lampung 34766","8f6ba969-d3ab-4d75-b8b9-dbc4912f92b2","Wisata Alam","air terjun, curup anggal, way kanan, wisata way kanan","5000"
"7ebe4518-5a14-4944-af4f-911dcabbd410","Pintu Langit 2","Pintu Langit 2 adalah destinasi wisata alam yang menawarkan pemandangan Teluk Lampung yang memukau. Dengan konsep kekinian dan spot foto yang Instagramable, tempat ini menjadi favorit bagi para pengunjung yang ingin menikmati keindahan alam sambil berburu foto.

Fasilitas:
Spot foto: Berbagai spot foto unik dengan latar belakang pemandangan laut yang indah.
Kubah kaca: Spot foto ikonik yang memungkinkan pengunjung menikmati pemandangan 360 derajat.
Warung makan: Menyediakan berbagai pilihan makanan dan minuman.
Toilet umum: Tersedia fasilitas toilet yang cukup bersih.
Area parkir: Tersedia area parkir yang cukup luas.

Aktivitas yang Dapat Dilakukan:
Berfoto: Mengabadikan momen dengan latar belakang pemandangan yang indah.
Bersantai: Menikmati suasana tenang sambil memandang laut.
Mencicipi kuliner: Mencoba berbagai makanan dan minuman yang tersedia.
Bermain ayunan: Ada beberapa ayunan yang bisa digunakan untuk bersantai sambil menikmati pemandangan.

Jam Operasional:
Buka setiap hari pukul 08.00—20.00 WIB, namun disarankan untuk datang saat pagi atau sore hari untuk mendapatkan pencahayaan yang bagus saat berfoto.

Tips:
Datang saat cuaca cerah: Untuk mendapatkan pemandangan yang lebih jelas.
Bawa kamera: Agar bisa mengabadikan momen indah di sini.
Kenakan pakaian yang nyaman: Karena Anda akan banyak berjalan-jalan.
Hati-hati saat berfoto: Pastikan Anda berada di tempat yang aman.","G6JR+FRM Emeralg residence, Sukamaju, Kec. Tlk. Betung Bar., Kota Bandar Lampung, Lampung","78c80a91-ae92-4127-89e6-d56c1c1c470d","Wisata Rekreasi (Buatan)","bandar lampung, pintu langit2, wisata buatan","0"
"6814dbb6-c0d7-49ab-82e4-087352386a01","Curup Rahayu","Curug Rahayu, yang terletak di Way Kanan, Lampung, adalah air terjun yang menakjubkan dengan ketinggian sekitar 30 meter. Dikenal karena keindahan alamnya yang asri, curug ini dikelilingi oleh hutan tropis yang lebat, menciptakan suasana yang sejuk dan damai.Air terjun ini mengalir dengan deras, menciptakan kolam alami di bawahnya yang jernih, cocok untuk berenang dan bersantai. Suara gemuruh air yang jatuh berpadu dengan keindahan pemandangan sekitar, memberikan pengalaman yang menenangkan bagi pengunjung. Akses menuju Curug Rahayu melibatkan trekking, yang menjadi bagian dari petualangan seru menuju destinasi ini. Dengan suasana yang relatif terpencil, Curug Rahayu adalah tempat yang ideal untuk melarikan diri dari keramaian dan menikmati keindahan alam yang masih alami.","99FH+H57, Madang Jaya, Rebang Tangkas, Way Kanan Regency, Lampung 34767","8f6ba969-d3ab-4d75-b8b9-dbc4912f92b2","Wisata Alam","air terjun, curup rahayu, way kanan, wisata way kanan","10000"
"7cb035ee-f8e0-46f5-9b89-7edcb1e75578","Wisata Villa Gardenia Lampung","Wisata Villa Gardenia Lampung adalah tempat wisata yang menawarkan berbagai fasilitas dan kegiatan yang menarik untuk pengunjung. Tempat ini terletak di Jalan Laksamana R.E.Martadinata, Sukajaya Lempasing, Teluk Pandan, Kabupaten Pesawaran, Lampung 33411, Indonesia.

Fasilitas:
Kolam renang
Taman bermain
Restoran
Penginapan

Aktivitas yang dapat dilakukan:
Berenang
Bermain di taman bermain
Menikmati hidangan di restoran
Menginap di penginapan

Jam operasional:
Buka setiap hari, 24 jam.

Tips:
Datanglah pada pagi atau sore hari untuk menghindari keramaian.
Bawalah pakaian renang dan handuk jika ingin berenang.
Jangan lupa untuk membawa uang tunai atau kartu kredit untuk membayar makanan dan minuman.
Akomodasi terdekat:

Hotel Grand Elty Krakatau (jarak 1,5 km)
Hotel Sentral (jarak 1,7 km)
Hotel Bumi Kedaton (jarak 2,1 km)","Jl. Laksamana R.E.Martadinata, Sukajaya Lempasing, Teluk Pandan, Kabupaten Pesawaran, Lampung 33411","78c80a91-ae92-4127-89e6-d56c1c1c470d","Wisata Rekreasi (Buatan)","pesawaran, wisata buatan, wisata villa gardenia lampung","10000"
"637ceb1c-d375-4b35-999a-fe6dbd8acced","Taman Karet Embung Umpu Kencana","Taman Karet Embung Umpu merupakan salah satu destinasi wisata yang menarik di Kabupaten Way Kanan, Lampung. Taman ini menawarkan suasana yang sejuk dan asri, menjadi tempat yang tepat untuk melepas penat setelah aktivitas sehari-hari.Taman ini menyajikan kombinasi unik antara keindahan alam dan suasana perkotaan. Pohon-pohon karet yang menjulang tinggi memberikan kesan sejuk dan teduh.Keberadaan embung atau danau buatan menambah keindahan taman ini. Anda dapat menikmati pemandangan air yang tenang dan suara gemericik air.Taman ini dilengkapi dengan berbagai fasilitas bermain untuk anak-anak, seperti ayunan, perosotan, dan jungkitan.Bagi Anda yang menyukai olahraga, terdapat jalur jogging yang mengelilingi taman.","GF2G+55F, Umpu Kencana, Blambangan Umpu, Way Kanan Regency, Lampung 34764","78c80a91-ae92-4127-89e6-d56c1c1c470d","Wisata Rekreasi (Buatan)","embung umpu kencana, taman karet, way kanan, wisata way kanan","15000"
"75df9198-e49f-4a52-9091-26e2425cd530","Patung Mayjen Ryacudu Way Kanan","Patung Mayjen (Purn) Mussanif Ryacudu merupakan salah satu ikon yang paling dikenal di Kabupaten Way Kanan, Lampung. Patung megah ini didirikan sebagai bentuk penghormatan kepada seorang pahlawan nasional yang juga merupakan putra daerah Way Kanan.Patung ini didirikan untuk mengenang jasa-jasa Mayjen Ryacudu dalam perjuangan kemerdekaan dan pembangunan bangsa. Beliau dikenal sebagai sosok yang sangat berpengaruh dalam sejarah militer Indonesia. Patung ini juga menjadi simbol semangat juang dan patriotisme bagi masyarakat Way Kanan.Patung Mayjen Ryacudu didesain dengan sangat megah dan kokoh, menggambarkan sosok pemimpin yang kuat dan berwibawa.Patung ini terletak di lokasi yang strategis, mudah diakses oleh masyarakat, dan menjadi salah satu landmark utama di Way Kanan.Patung ini dikelilingi oleh taman yang indah dan asri, sehingga menjadi tempat yang nyaman untuk bersantai dan menikmati pemandangan.Patung ini tidak hanya menjadi objek wisata, tetapi juga menjadi tempat edukasi bagi masyarakat, terutama generasi muda, untuk mengenal sejarah perjuangan bangsa.Patung ini menjadi landmark kota yang sangat ikonik, sering dijadikan sebagai latar belakang foto oleh pengunjung.Patung ini menjadi simbol kebanggaan bagi masyarakat Way Kanan, menunjukkan bahwa mereka memiliki seorang pahlawan nasional yang berasal dari daerah mereka.","FGH4+M7F, Karang Umpu, Blambangan Umpu, Way Kanan Regency, Lampung 34764","bc7c6dcb-d4d3-4158-97ac-e447b2878f3f","Wisata Budaya","monumen, patung mayjen, way kanan, wisata way kanan","0"
"f04f5e13-1026-447e-aa61-00a0746a91a3","Lembah OWA","Lembah Owa Way Kanan adalah salah satu destinasi wisata alam yang menawarkan pengalaman unik dan tak terlupakan. Terletak di Kabupaten Way Kanan, Lampung, tempat ini terkenal dengan keindahan alamnya yang masih asri dan keanekaragaman hayati yang tinggi.Sesuai dengan namanya, Lembah Owa merupakan habitat alami bagi primata langka yaitu owa. Anda berkesempatan untuk melihat langsung satwa endemik Sumatera ini di habitat aslinya.Selain owa, lembah ini juga menjadi rumah bagi berbagai jenis flora dan fauna lainnya, seperti burung-burung yang indah, serangga unik, dan tumbuhan langka.Tersedia berbagai jalur trekking dengan tingkat kesulitan yang berbeda-beda, sehingga cocok bagi pemula maupun pendaki berpengalaman.Lembah Owa juga memiliki beberapa air terjun yang menyegarkan, menjadi tempat yang tepat untuk bersantai dan menikmati keindahan alam.Pemandangan pegunungan yang hijau dan udara segar akan membuat Anda merasa tenang dan jauh dari hiruk pikuk kota.","FFPG+RR6, Unnamed Road, Umpu Kencana, Kec. Blambangan Umpu, Kabupaten Way Kanan, Lampung 34764","78c80a91-ae92-4127-89e6-d56c1c1c470d","Wisata Rekreasi (Buatan)","lembah owa, way kanan, wisata way kanan","0"
"2dd06e5f-20f4-4a91-81a5-29ad6ab801c4","Air Terjun Asahan","Air Terjun Asahan adalah air terjun yang terletak di Desa Tratas, Kecamatan Kota Agung, Kabupaten Tanggamus, Lampung. Air terjun ini memiliki ketinggian sekitar 20 meter dan airnya yang jernih dan segar.

Fasilitas:
Area parkir
Toilet
Tempat duduk santai


Aktivitas yang dapat dilakukan:
Berenang
Bermain air
Hiking
Berkemah","HJ7P+35Q, Desa Tratas, Kota Agung, Teratas, Kec. Kota Agung, Kabupaten Tanggamus, Lampung 80111","8f6ba969-d3ab-4d75-b8b9-dbc4912f92b2","Wisata Alam","air terjun, air terjun asahan, curup, tanggamus, wisata alam","0"
"36621275-1b95-40e9-a9b8-69eed435c709","Tirtayasa Summit","Tirtayasa Summit adalah destinasi wisata alam yang menawarkan pemandangan panorama yang menakjubkan dari ketinggian. Terletak di Kabupaten Pesawaran, Lampung, tempat ini menyuguhkan pemandangan laut, gunung, dan perbukitan yang hijau sejauh mata memandang. Udara sejuk dan suasana yang tenang menjadikannya tempat yang sempurna untuk melepas penat dan menikmati keindahan alam.

Fasilitas:
Spot foto: Berbagai spot foto menarik dengan latar belakang pemandangan yang indah.
Area parkir: Cukup luas untuk menampung kendaraan pengunjung.
Warung makan: Menjual berbagai macam makanan dan minuman.
Toilet umum: Tersedia untuk kenyamanan pengunjung.
Area bermain anak: (Jika ada)

Aktivitas yang Dapat Dilakukan:
Menikmati pemandangan: Mengagumi keindahan alam dari ketinggian.
Berfoto: Mengabadikan momen dengan latar belakang pemandangan yang indah.
Bersantai: Menikmati suasana yang tenang sambil menikmati pemandangan.
Camping: (Jika diperbolehkan)
Bersepeda: (Jika ada jalur sepeda)

Jam Operasional:
Buka setiap hari pukul 07.00—22.00 WIB, namun disarankan untuk datang saat pagi atau sore hari untuk menikmati suasana yang lebih sejuk dan pemandangan yang lebih jelas.

Tips:
Datang saat cuaca cerah: Untuk mendapatkan pemandangan yang terbaik.
Bawa kamera: Agar bisa mengabadikan momen indah di sini.
Kenakan pakaian yang nyaman: Karena Anda akan banyak berjalan-jalan.
Hati-hati saat mengambil foto: Pastikan Anda berada di tempat yang aman.","G66V+PJR, Gunung Muncak, Sukajaya Lempasing, Padang Cermin, Sukajaya Lempasing, Kec. Padang Cermin, Kabupaten Pesawaran, Lampung 35236","78c80a91-ae92-4127-89e6-d56c1c1c470d","Wisata Rekreasi (Buatan)","pesawaran, tirtayasa summit, wisata buatan","10000"
"d1c8356b-1568-44bc-87d2-8f3e3196f5d5","Taman Bukit Kembar","Taman Bukit Kembar merupakan salah satu destinasi wisata alam yang patut dikunjungi di Kabupaten Way Kanan, Lampung. Terletak di tengah keindahan alam yang masih asri, taman ini menawarkan pengalaman yang berbeda bagi para pengunjungnya.Taman ini menyuguhkan panorama alam yang sangat indah, dengan perbukitan hijau yang menjulang, udara segar, dan suara kicauan burung yang menenangkan.Bagi Anda yang menyukai tantangan, terdapat berbagai jalur trekking dan pendakian dengan tingkat kesulitan yang berbeda-beda. Dari jalur yang mudah hingga yang menantang, semuanya bisa Anda nikmati di sini.Banyak spot foto menarik yang bisa Anda temukan di Taman Bukit Kembar, mulai dari spot dengan latar belakang perbukitan hingga spot dengan view yang luas.Suhu udara di Taman Bukit Kembar cenderung lebih sejuk dibandingkan daerah lainnya, sehingga sangat cocok untuk bersantai dan melepas penat.","FFQF+J6X, Umpu Kencana, Blambangan Umpu, Way Kanan Regency, Lampung 34764","78c80a91-ae92-4127-89e6-d56c1c1c470d","Wisata Rekreasi (Buatan)","taman bukit kembar, taman way kanan, way kanan, wisata way kanan","5000"
"cc8f8cb6-e3db-42e5-87b6-36eec2838e12","Biara Gembala Bait","Biara Gembala Bait adalah biara Katolik yang terletak di Gisting, Kabupaten Tanggamus, Lampung. Biara ini didirikan pada tahun 1928 dan merupakan salah satu biara tertua di Lampung. Biara Gembala Bait memiliki arsitektur yang indah dan merupakan tempat yang populer untuk berdoa dan bermeditasi.","JL Raya Gisting Bawah, No. 15 Rt. 01 Rw. 01, Gisting, Blok 4, Gisting Atas, Pringsewu, Kabupaten Tanggamus, Lampung 35384","b9610dfe-3fdf-498e-a987-b466cb39fe9f","Wisata Religi","biara, biara gembala bait, tanggamus, wisata religi","0"
"4299db7d-b006-42be-9227-89c179cc088c","Air Terjun Curug Kemuning","Curug Kemuning, terletak di Way Kanan, Lampung, adalah air terjun yang menawan dengan ketinggian sekitar 20 meter. Dikelilingi oleh hutan lebat, curug ini menawarkan pemandangan alam yang segar dan indah. Airnya yang jernih mengalir deras, menciptakan suara gemuruh yang menenangkan.Di bawah air terjun, terdapat kolam alami yang cocok untuk berendam dan menikmati keindahan sekitarnya. Suasana tenang dan sejuk membuat Curug Kemuning menjadi tempat ideal untuk bersantai atau beraktivitas seperti trekking. Keberadaannya yang relatif terpencil menambah daya tarik bagi pengunjung yang ingin melarikan diri dari hiruk-pikuk kota dan menikmati keindahan alam yang masih alami.","CF8J+5RX, Negeri Baru, Blambangan Umpu, Way Kanan Regency, Lampung 34764","8f6ba969-d3ab-4d75-b8b9-dbc4912f92b2","Wisata Alam","air terjun, curug, curug kemuning, way kanan, wisata way kanan","0"
"f160b8a9-4173-4bfb-8533-536b88d34947","Wisata Bukit Neba","Wana Wisata Bukit Neba adalah tempat wisata yang terletak di Gisting Atas, Kecamatan Gisting, Kabupaten Tanggamus, Lampung. Tempat ini menawarkan pemandangan yang indah dari puncak bukit dan merupakan tempat yang populer untuk hiking dan berkemah.

Fasilitas:
Area parkir
Toilet
Tempat duduk santai

Aktivitas yang dapat dilakukan:
Hiking
Bersepeda
Berkemah
Bermain di area bermain anak
Bermain olahraga","GPXV+57H, Jl. Wira Karya, Gisting Atas, Kec. Gisting, Kabupaten Tanggamus, Lampung 35378","8f6ba969-d3ab-4d75-b8b9-dbc4912f92b2","Wisata Alam","bukit, bukit neba, tanggamus, wisata alam, wisata bukit","5000"
"32c408b6-28ce-42d3-97ef-0c97a992c38e","Curup Talang Pematang","Curug Talang Pematang, yang terletak di Way Kanan, Lampung, adalah air terjun yang menawarkan pesona alam yang menakjubkan. Dengan ketinggian sekitar 25 meter, air terjun ini mengalir deras dari tebing batu, menciptakan panorama yang indah dan menawan.Dikelilingi oleh hutan tropis yang lebat, Curug Talang Pematang memberikan suasana segar dan sejuk. Di bawahnya terdapat kolam alami yang jernih, ideal untuk berenang dan bersantai. Suara gemuruh air terjun dan keindahan alam sekitarnya menciptakan pengalaman yang menenangkan bagi pengunjung.Lokasi yang relatif tersembunyi menjadikan Curug Talang Pematang tempat yang sempurna untuk pelancong yang mencari ketenangan dan keindahan alam yang masih alami. Aktivitas trekking juga dapat dilakukan untuk mencapai air terjun ini, menambah petualangan bagi para pengunjung.","6FV8+4CM, Unnamed Road, Karang Lantang, Kec. Kasui, Kabupaten Way Kanan, Lampung 34766","8f6ba969-d3ab-4d75-b8b9-dbc4912f92b2","Wisata Alam","air terjun, curup talang pematang, way kanan, wisata way kanan","0"
"14e028cd-7dbd-4cb7-8f61-328bdba1d0c8","Pulau Permata","Pulau Permata adalah sebuah pulau kecil yang terletak di Kabupaten Pesawaran, Lampung. Dulu dikenal dengan nama Pulau Kubur, kini pulau ini telah bertransformasi menjadi destinasi wisata yang menarik dengan keindahan alam bawah laut yang memukau dan suasana pantai yang tenang. Pulau Permata menawarkan pengalaman liburan yang berbeda, jauh dari hiruk pikuk kota.

Fasilitas:
Pantai pasir putih: Pantai dengan pasir putih bersih yang sangat cocok untuk bersantai dan berjemur.
Spot snorkeling dan diving: Terumbu karang yang indah dan beragam biota laut menjadi daya tarik utama untuk aktivitas snorkeling dan diving.
Gazebo: Tempat bersantai sambil menikmati pemandangan laut.
Perahu penyebrangan: Sebagai sarana transportasi menuju pulau.
Warung makan: Menyediakan berbagai macam makanan dan minuman.
Aktivitas yang Dapat Dilakukan:

Snorkeling dan diving: Menjelajahi keindahan bawah laut dengan terumbu karang yang berwarna-warni dan berbagai jenis ikan.
Berjemur: Bersantai di pantai sambil menikmati sinar matahari.
Bermain air: Berenang, bermain pasir, atau membangun istana pasir.
Memancing: Bagi yang menyukai memancing, bisa mencoba memancing di sekitar pulau.
Piknik: Menikmati suasana pantai sambil membawa bekal makanan.
Fotografi: Mengabadikan momen indah di pulau dengan latar belakang pantai dan laut.

Jam Operasional:
Buka setiap hari: 24 jam

Tips:
Bawa perlengkapan snorkeling atau diving: Jika ingin snorkeling atau diving, pastikan membawa perlengkapan yang lengkap.
Gunakan sunscreen: Lindungi kulit dari sengatan matahari.
Jaga kebersihan: Buang sampah pada tempatnya agar keindahan pulau tetap terjaga.
Hati-hati saat berenang: Perhatikan kondisi ombak dan arus sebelum berenang.","G765+PW9, Unnamed Road, Sukamaju, Kec. Tlk. Betung Bar., Kota Bandar Lampung, Lampung","8f6ba969-d3ab-4d75-b8b9-dbc4912f92b2","Wisata Alam","pesawaran, pulau permata, wisata alam","190000"
"fa934129-58b9-4c99-bd66-07e653dc8fe2","Curup Muara Buluh","Curug Muara Buluh di Way Kanan, Lampung, adalah air terjun yang memikat dengan suasana yang tenang dan alami. Terletak di tengah hutan tropis, curug ini memiliki ketinggian sekitar 30 meter dan dikelilingi oleh pepohonan yang rimbun, menciptakan latar belakang yang indah.Air terjun ini menawarkan kolam alami di bawahnya, di mana pengunjung dapat merasakan kesegaran air yang jernih. Suara gemuruh air yang jatuh serta keindahan alam sekitarnya menjadikannya tempat ideal untuk bersantai, berfoto, atau beraktivitas trekking. Keberadaannya yang relatif tersembunyi membuat Curug Muara Buluh cocok untuk pengunjung yang ingin menjauh dari keramaian dan menikmati keindahan alam yang masih asri.","8FGJ+575, Unnamed Road, Gistang, Kec. Blambangan Umpu, Kabupaten Way Kanan, Lampung 34765","8f6ba969-d3ab-4d75-b8b9-dbc4912f92b2","Wisata Alam","curup, muara buluh, way kanan, wisata way kanan","0"
"7098ba94-b261-4c5f-a7ce-a5a7e60cf64a","Butterfly Swiming Pool","Butterfly Swiming Pool adalah kolam renang yang terletak di Gisting Atas, Kecamatan Gisting, Kabupaten Tanggamus, Lampung. Kolam renang ini memiliki air yang jernih dan segar, serta berbagai fasilitas yang dapat digunakan, seperti kolam renang anak, kolam renang dewasa, dan kolam renang air hangat.

Fasilitas:
Kolam renang anak
Kolam renang dewasa
Kolam renang air hangat
Kamar ganti
Toilet
Tempat parkir

Aktivitas yang dapat dilakukan:
Berenang
Berjemur
Bermain air","HP4H+J9J, Gisting Atas, Gisting, Tanggamus Regency, Lampung 35384","78c80a91-ae92-4127-89e6-d56c1c1c470d","Wisata Rekreasi (Buatan)","butterfly swiming pool, kolam renang, tanggamus, wisata buatan","10000"
"c66ce3d2-8db2-4ea5-9a06-df91ebbbe304","Curup Kalimaya","Curug Kalimaya, yang terletak di Way Kanan, Lampung, adalah air terjun yang menawan dengan keindahan alam yang spektakuler. Air terjun ini dikelilingi oleh hutan tropis yang lebat, memberikan suasana yang sejuk dan alami. Tinggi air terjun ini sekitar 20 meter, dengan aliran air yang jernih dan segar.Di bawah air terjun, terdapat kolam alami yang memungkinkan pengunjung untuk berenang atau sekadar bermain air. Suara gemuruh air yang jatuh dan pemandangan hijau yang mengelilingi menciptakan suasana damai dan menenangkan. Curug Kalimaya sangat cocok untuk kegiatan trekking, fotografi, dan bersantai sambil menikmati keindahan alam. Tempat ini menjadi destinasi populer bagi wisatawan yang mencari keindahan alam yang masih alami.","6CPJ+879, Sinar Gading, Kasui, Way Kanan Regency, Lampung","8f6ba969-d3ab-4d75-b8b9-dbc4912f92b2","Wisata Alam","curug, kalimaya, way kanan, wisata way kanan","0"
"3a162bb3-e3ad-4de3-a99d-adfa396ad37c","Pulau Mahitam","Pulau Mahitam adalah surga tersembunyi di Kabupaten Pesawaran, Lampung. Dengan pantai pasir putih yang lembut, air laut yang jernih, dan keindahan bawah laut yang menakjubkan, pulau ini menjadi destinasi favorit bagi para pecinta pantai dan snorkeling.

Fasilitas:
Pantai: Pantai pasir putih yang luas dengan air laut yang jernih.
Cottage: Penginapan sederhana dengan pemandangan laut yang indah.
Perahu wisata: Untuk mencapai pulau dan menjelajahi sekitar.
Warung makan: Menyediakan berbagai hidangan seafood segar.
Toilet umum: Tersedia di beberapa titik di pulau.

Aktivitas yang Dapat Dilakukan:
Berjemur: Bersantai di pantai sambil menikmati sinar matahari.
Berenang: Berenang di air laut yang jernih.
Snorkeling: Menjelajahi keindahan bawah laut dengan terumbu karang yang berwarna-warni dan berbagai jenis ikan.
Diving: Bagi penyelam berpengalaman, pulau ini menawarkan spot diving yang menarik.
Memancing: Menikmati sensasi memancing di laut lepas.
Camping: Menginap di pantai sambil menikmati suasana malam yang tenang.

Jam Operasional:
Buka setiap hari: 24 jam.

Tips:
Bawa perlengkapan snorkeling: Jika ingin menikmati keindahan bawah laut.
Gunakan sunscreen: Untuk melindungi kulit dari sinar matahari.
Jaga kebersihan: Buang sampah pada tempatnya dan jangan merusak ekosistem laut.
Perhatikan pasang surut: Cek jadwal pasang surut sebelum berkunjung.","C65R+9W, Gebang, Padang Cermin, Pesawaran Regency, Lampung","8f6ba969-d3ab-4d75-b8b9-dbc4912f92b2","Wisata Alam","pesawaran, pulau mahitam, wisata alam","80000"
"4cebd2b5-0b1e-49d5-b1b7-d3b2bd2117a5","Air Terjun Naga Sembilan","Air Terjun Naga Sembilan yang terletak di Way Kanan, Lampung, adalah destinasi wisata alam yang menakjubkan. Air terjun ini memiliki sembilan tingkatan, masing-masing menawarkan pemandangan yang indah dan suasana yang menenangkan. Kejernihan airnya menciptakan panorama yang menawan, dan aliran air yang jatuh dari ketinggian menambah daya tariknya.Di sekitarnya, terdapat hutan tropis yang rimbun, kaya akan flora dan fauna. Tempat ini sangat cocok untuk kegiatan trekking dan fotografi. Suara gemuruh air terjun serta keindahan alam sekitarnya menciptakan suasana damai yang membuat pengunjung betah berlama-lama. Air Terjun Naga Sembilan menjadi salah satu tempat yang menarik bagi para pecinta alam dan pencari petualangan.","Campang Delapan, Banjit, Way Kanan Regency, Lampung 34766","8f6ba969-d3ab-4d75-b8b9-dbc4912f92b2","Wisata Alam","air terjun, curug, naga sembilan, way kanan, wisata way kanan","10000"
"9aa89a73-e24c-4fbf-9b14-cdddb3b984e5","Air Terjun Curup Bujang","Air Terjun Curup Bujang  merupakan salah satu destinasi wisata alam yang masih belum banyak diketahui di Kabupaten Way Kanan, Lampung. Tersembunyi di tengah hutan tropis yang lebat, curug ini menawarkan pesona alam yang masih sangat alami dan menyegarkan.Curup ini memiliki aliran air yang jernih dan segar, berasal langsung dari sumber mata air pegunungan.Dikelilingi oleh pepohonan hijau yang rimbun, menciptakan suasana yang sejuk dan asri.Bebatuan di sekitar curup memiliki bentuk yang unik dan menarik, menambah keindahan panorama alam.Kolam alami di bawah curug sangat cocok untuk berenang dan merasakan kesegaran airnya.Dengan latar belakang curug yang indah, Anda bisa mendapatkan foto-foto yang instagramable.Untuk mencapai curup, Anda perlu melakukan trekking melewati hutan. Ini bisa menjadi pengalaman yang menyenangkan bagi pecinta alam.Bagi Anda yang ingin menikmati suasana malam di tengah hutan, bisa melakukan camping di sekitar area curup.","Hutan Register 24, Kec. Banjit, Kabupaten Way Kanan, Lampung 34766","8f6ba969-d3ab-4d75-b8b9-dbc4912f92b2","Wisata Alam","curup bujang, way kanan, wisata way kanan","0"
"05e4f43e-136f-42c0-b5e5-b81da1bac329","Air Terjun Bangkuwang","Curup Bangkuang atau disebut juga Air terjun Bangkuang, karena di sekitar air terjun tersebut banyak tumbuh tumbuhan seperti pandan yang warga sekitar menyebutnya Bangkuang, air terjun yang berada di Pemangku (dusun) Semantung Pekon Basungan Kecamatan Pagar Dewa sehingga lebih di kenal dengan nama air terjun Semantung.Menurutnya, Air terjun ini memiliki ketinggian lebih dari 40 meter sehingga cipratan airnya sudah menjadi embun saat jatuh di dasar air terjun.Untuk menuju lokasi air terjun tidaklah sulit, karena tempat tersebut telah dapat dicari melalui jaringan internet google maps dengan kata kunci air terjun semantung.Menurutnya, Air terjun ini memiliki ketinggian lebih dari 40 meter sehingga cipratan airnya sudah menjadi embun saat jatuh di dasar air terjun.","49QX+93M, Hutan Register 24, Banjit, Way Kanan Regency, Lampung 34766","8f6ba969-d3ab-4d75-b8b9-dbc4912f92b2","Wisata Alam","air terjun, bangkuwang, way kanan, wisata way kanan","10000"
"112a61c7-aa20-451b-bf6d-b3ebbdd315de","Lentana Garden","Lentana Garden adalah taman bunga yang indah di Kabupaten Tanggamus, Lampung. Taman ini memiliki berbagai macam bunga yang indah, serta berbagai kegiatan yang dapat dilakukan, seperti berenang, bersantai, karaoke, dan bermain di area permainan anak

Fasilitas:
Taman bunga
Restoran
Area bermain anak
Tempat Karaoke

Aktivitas yang dapat dilakukan:
Bersepeda
Piknik
Karaoke
Bermain di area bermain anak
Bermain olahraga","Jl. Raya Gisting Atas No.13, Gisting Bawah, Kec. Gisting, Kabupaten Tanggamus, Lampung 35378","78c80a91-ae92-4127-89e6-d56c1c1c470d","Wisata Rekreasi (Buatan)","lentera garden, tanggamus, wisata rekreasi","19999"
"8c252b48-110c-4397-a114-edb4457b05d1","Talang Asoy Way Kanan","Talang Asoy adalah salah satu curug yang terkenal di way kanan. Dengan kekayaan alam yang melindungi bagian curug membuat suasana disana menjadi lebih asri dan terawat. Pengunjung dapat berfoto dan melakukan gaya bebas asal dengan tetap menjaga keselamatan di daerah sekeliling talang asoy. Terdapat kamar mandi untuk digunakan setelah mandi dari talang asoy, selain itu terdapat juga beberapa peralatan berenang untuk mereka yang belum bisa berenang. Kedalaman talang asoy juga tidak terlalu dalam dan masih dapat dikategorikan aman untuk membawa anak kecil.","6C4H+6RP, Hutan Register 24, Banjit, Way Kanan Regency, Lampung 34766","8f6ba969-d3ab-4d75-b8b9-dbc4912f92b2","Wisata Alam","curug, talang asoy, way kanan, wisata way kanan","10000"
"e2b1e6c3-e6fa-41e2-bb5f-6163e0ca7cfe","Curup Gunawan Ranggi","Curug Gunawan Rangi merupakan salah satu destinasi wisata alam yang masih belum banyak diketahui di Kabupaten Way Kanan, Lampung. Tersembunyi di tengah hutan tropis yang lebat, curug ini menawarkan pesona alam yang masih sangat alami dan menyegarkan.Curug ini memiliki aliran air yang jernih dan segar, berasal langsung dari sumber mata air pegunungan.Dikelilingi oleh pepohonan hijau yang rimbun, menciptakan suasana yang sejuk dan asri.Bebatuan di sekitar curug memiliki bentuk yang unik dan menarik, menambah keindahan panorama alam.Kolam alami di bawah curug sangat cocok untuk berenang dan merasakan kesegaran airnya.Dengan latar belakang curug yang indah, Anda bisa mendapatkan foto-foto yang instagramable.Untuk mencapai curug, Anda perlu melakukan trekking melewati hutan. Ini bisa menjadi pengalaman yang menyenangkan bagi pecinta alam.Bagi Anda yang ingin menikmati suasana malam di tengah hutan, bisa melakukan camping di sekitar area curug.","8FJV+C4, Gistang, Blambangan Umpu, Way Kanan Regency, Lampung","8f6ba969-d3ab-4d75-b8b9-dbc4912f92b2","Wisata Alam","curup, gunawan ranggi, way kanan, wisata way kanan","0"
"016d8794-0b1a-4d1e-a681-a8247ff796b1","Gunung Tanggamus","Gunung Tanggamus adalah gunung yang terletak di Kabupaten Tanggamus, Lampung. Gunung ini memiliki ketinggian sekitar 2.158 meter dan merupakan gunung tertinggi di Lampung. Gunung Tanggamus memiliki pemandangan yang indah dan merupakan tempat yang populer untuk hiking dan berkemah.","Hutan, Tanggamus Regency, Lampung","2b3c4b69-79f0-448e-9e8e-f305e5b05d28","Wisata Petualangan","gunung, gunung tanggamus, tanggamus, wisata petualangan","0"
"59653aad-0022-461a-8e2c-8a07efc0f50b","Tugu Perahu Way Kanan","Tugu Perahu merupakan salah satu ikon yang cukup terkenal di Kabupaten Way Kanan, Lampung. Monumen ini menjadi simbol dan kebanggaan bagi masyarakat setempat, terutama bagi warga Kecamatan Baradatu.Meskipun sering disebut sebagai Tugu Perahu, nama resminya adalah Tugu Tani. Namun, karena bentuknya yang menyerupai perahu dengan sepasang petani di atasnya, masyarakat lebih akrab menyebutnya Tugu Perahu. Tugu ini memiliki makna yang mendalam, yaitu sebagai representasi dari masyarakat Way Kanan yang sebagian besar berprofesi sebagai petani.Sosok petani yang digambarkan pada tugu ini melambangkan pentingnya sektor pertanian dalam perekonomian Way Kanan.Perahu yang menjadi alas bagi para petani menggambarkan kehidupan masyarakat yang dinamis dan selalu bergerak maju.Tugu Perahu terletak di Kecamatan Baradatu, Way Kanan. Posisinya yang strategis di pinggir jalan lintas Sumatera membuatnya mudah diakses oleh para pengendara. Namun, seperti banyak monumen lainnya, Tugu Perahu juga mengalami beberapa kerusakan dan membutuhkan perawatan.Tugu Perahu memiliki potensi besar untuk dikembangkan menjadi salah satu destinasi wisata di Way Kanan. Beberapa hal yang bisa dilakukan untuk meningkatkan potensi wisata Tugu Perahu antara lain:Menambahkan fasilitas seperti taman, tempat duduk, dan area parkir yang lebih memadai.Mempercantik tampilan tugu dengan pencahayaan yang menarik, terutama pada malam hari.Mengadakan event atau festival di sekitar tugu untuk menarik minat wisatawan.","Jl. Raya Lintas Utama Sumatera No.122, Tiuh Balak, Kec. Baradatu, Kabupaten Way Kanan, Lampung 34761","bc7c6dcb-d4d3-4158-97ac-e447b2878f3f","Wisata Budaya","tiuh balak, tugu perahu, way kanan, wisata way kanan","0"
"c95831d8-e74d-4b61-9c7f-a8e83ab0b5f2","Air Terjun Kapinis","Air Terjun Kapinis merupakan salah satu destinasi wisata alam yang patut dikunjungi di Kabupaten Way Kanan, Lampung. Tersembunyi di tengah hutan tropis yang lebat, air terjun ini menawarkan pesona alam yang masih sangat alami dan menyegarkan.Air terjun ini memiliki aliran air yang jernih dan segar, berasal langsung dari sumber mata air pegunungan.Dikelilingi oleh pepohonan hijau yang rimbun, menciptakan suasana yang sejuk dan asri.Bebatuan di sekitar air terjun memiliki bentuk yang unik dan menarik, menambah keindahan panorama alam.Kolam alami di bawah air terjun sangat cocok untuk berenang dan merasakan kesegaran airnya.Dengan latar belakang air terjun yang indah, Anda bisa mendapatkan foto-foto yang instagramable.Untuk mencapai air terjun, Anda perlu melakukan trekking melewati hutan. Ini bisa menjadi pengalaman yang menyenangkan bagi pecinta alam.Bagi Anda yang ingin menikmati suasana malam di tengah hutan, bisa melakukan camping di sekitar area air terjun.","Unnamed Road, Kota Way, Kec. Kasui, Kabupaten Way Kanan, Lampung 34767","8f6ba969-d3ab-4d75-b8b9-dbc4912f92b2","Wisata Alam","air terjun, curug, kapinis, way kanan, wisata way kanan","10000"
"cf572981-5132-49d5-b822-e45d6c14eeff","Air Terjun Dua Panggung Way Kanan","Air Terjun Dua Panggung merupakan salah satu destinasi wisata alam yang menarik di Kabupaten Way Kanan, Lampung. Nama ""Dua Panggung"" mungkin merujuk pada kondisi air terjun yang mengalir dari dua tingkatan atau memiliki dua aliran utama, menciptakan pemandangan yang unik dan memukau.Seperti namanya, air terjun ini memiliki aliran air yang terbagi menjadi dua tingkat atau lebih. Setiap tingkatan memiliki keindahannya masing-masing, menciptakan panorama yang sangat menarik untuk diabadikan.Di bawah air terjun, biasanya terdapat kolam alami yang terbentuk dari aliran air. Kolam ini sangat cocok untuk berenang dan menikmati kesegaran air.Air terjun ini dikelilingi oleh pepohonan hijau yang rimbun, menciptakan suasana yang sejuk dan asri.Kolam alami di bawah air terjun sangat cocok untuk berenang dan merasakan kesegaran airnya.Dengan latar belakang air terjun yang indah, Anda bisa mendapatkan foto-foto yang instagramable.Anda bisa membawa bekal dan menikmati piknik di sekitar area air terjun.Bagi Anda yang suka tantangan, Anda bisa melakukan trekking menuju air terjun ini.","6CW4+84X, Hutan Register 24, Kasui, Way Kanan Regency, Lampung 34765","8f6ba969-d3ab-4d75-b8b9-dbc4912f92b2","Wisata Alam","air terjun, curug, dua panggung, way kanan, wisata way kanan","5000"
"1306f96f-5c4a-4046-813c-b368d1963cea","Air Terjun Batu Lapis","Air Terjun Batu Lapis adalah air terjun yang indah di Kabupaten Tanggamus, Lampung. Air terjun ini memiliki ketinggian sekitar 20 meter dan airnya yang jernih dan segar.

Fasilitas:
Area parkir
Toilet
Tempat duduk santai

Aktivitas yang dapat dilakukan:
Berenang
Bermain air
Hiking
Berkemah","JMC6+P97, Jln. Tl. Ogan, Kec. Pulaupanggung, Talang Beringin, Pulau Panggung, Talang Beringin, Kec. Pulau Panggung, Kabupaten Tanggamus, Lampung 35679","8f6ba969-d3ab-4d75-b8b9-dbc4912f92b2","Wisata Alam","air terjun, batu lapis, tanggamus, wisata alam","10000"
"9675c34d-2e03-40f9-afe2-fdea7984769e","Puncak Sari Wangi","Puncak Sari Wangi adalah salah satu destinasi wisata alam yang menarik di Kabupaten Way Kanan, Lampung. Terletak di kaki gunung, tempat ini menawarkan pemandangan alam yang menakjubkan, udara yang sejuk, dan suasana yang tenang.Dari puncak, Anda bisa menikmati pemandangan pegunungan yang hijau sejauh mata memandang.Suhu udara di puncak Sari Wangi cenderung lebih dingin dibandingkan dengan daerah dataran rendah, sehingga sangat cocok untuk bersantai dan melepas penat.Keanekaragaman hayati di sekitar Puncak Sari Wangi cukup tinggi. Anda bisa menemukan berbagai jenis tumbuhan dan satwa liar yang khas kawasan pegunungan.Bermalam di puncak Sari Wangi sambil menikmati keindahan langit malam adalah pengalaman yang tak terlupakan.Bagi Anda yang suka tantangan, Anda bisa melakukan trekking menuju puncak.Dengan latar belakang pemandangan yang indah, Anda bisa mendapatkan foto-foto yang instagramable.","5C6F+XR6, Menanga Jaya, Banjit, Way Kanan Regency, Lampung 34766","8f6ba969-d3ab-4d75-b8b9-dbc4912f92b2","Wisata Alam","puncak sari wangi, way kanan, wisata way kanan","15000"
"7d8adb27-3aaf-4c95-800d-6b3553d6e482","Air Terjun Bukit Salju","Air Terjun Bukit Salju: Permata Tersembunyi di Way Kanan

Meskipun namanya mengacu pada salju, Air Terjun Bukit Salju di Way Kanan tidak memiliki salju. Nama unik ini mungkin diberikan karena keindahannya yang memukau, seolah-olah seperti pemandangan di negeri bersalju. Air terjun ini merupakan salah satu destinasi wisata alam yang menarik di Kabupaten Way Kanan, Lampung.Air terjun ini memiliki aliran air yang cukup deras, menciptakan suara gemuruh yang menenangkan.Air terjun dikelilingi oleh pepohonan hijau yang rimbun, menciptakan suasana yang sejuk dan asri.Bebatuan di sekitar air terjun memiliki bentuk yang unik dan menarik, menambah keindahan panorama alam.Air terjun ini sangat cocok untuk berendam dan merasakan kesegaran airnya.Dengan latar belakang air terjun yang indah, Anda bisa mendapatkan foto-foto yang instagramable.Bagi Anda yang suka tantangan, Anda bisa melakukan trekking menuju air terjun ini.","6HV3+87W, Banjar Masin, Baradatu, Way Kanan Regency, Lampung 34761","8f6ba969-d3ab-4d75-b8b9-dbc4912f92b2","Wisata Alam","air terjun, air terjun putri salju, curug, way kanan, wisata way kanan","150000"
"9c92cd5f-6ab0-43d0-b24a-83e39152b1e9","Puncak Tanggang","Puncak Tanggang adalah tempat yang sempurna untuk menikmati pemandangan yang menakjubkan dari ketinggian. Tempat ini menawarkan pemandangan yang indah dari pegunungan dan laut.","7492+WRH, Hutan, Kelumbayan, Tanggamus Regency, Lampung 35379","2b3c4b69-79f0-448e-9e8e-f305e5b05d28","Wisata Petualangan","puncak tanggang, tanggamus, wisata petualangan","0"
"6b7b341e-089b-4389-83a5-13f1a352fcdf","Green Canyon kukop Way Kanan","Green Canyon Kukop Way Kanan, atau yang juga dikenal sebagai Kopkop Bonglai, adalah sebuah destinasi wisata alam yang menawarkan pengalaman petualangan yang tak terlupakan. Terletak di Kampung Bonglai, Kecamatan Banjit, Kabupaten Way Kanan, Lampung, tempat ini menyuguhkan pemandangan alam yang menakjubkan, mirip dengan Grand Canyon di Amerika Serikat.Anda akan terpukau oleh ngarai sempit yang diapit oleh tebing-tebing terjal dengan bentuk yang unik dan indah. Aliran Sungai Benatan yang jernih menambah keindahan panorama alam ini.Keanekaragaman hayati di sekitar Green Canyon juga patut diperhatikan. Anda bisa menemukan berbagai jenis tumbuhan dan satwa liar yang khas kawasan tropis.Selain ngarai, Anda juga bisa menemukan beberapa air terjun kecil yang mengalir dari tebing-tebing.Aktivitas utama yang bisa Anda lakukan di sini adalah canyoning. Anda akan menyusuri sungai, melewati celah-celah sempit di antara tebing, dan menikmati sensasi adrenalin yang memacu.Air Sungai Benatan yang jernih dan segar sangat menggoda untuk berenang. Anda bisa berenang sambil menikmati keindahan alam sekitar.Bagi Anda yang suka trekking, terdapat beberapa jalur yang bisa Anda jelajahi untuk mencapai spot-spot menarik di sekitar Green Canyon.","4G34+MW3, Hutan Register 24, Banjit, Way Kanan Regency, Lampung 34766","8f6ba969-d3ab-4d75-b8b9-dbc4912f92b2","Wisata Alam","curug, green canyon kukup, way kanan, wisata way kanan","9998"
"38df6c2e-94e9-4ad7-af64-edf291de5e49","Almer Hotel Syariah","Almer Hotel Syariah Way Kanan adalah hotel syariah yang terletak di Way Kanan, Lampung. Hotel ini menawarkan kamar yang nyaman dan bersih, serta fasilitas yang lengkap. Almer Hotel Syariah Way Kanan juga memiliki restoran yang menyajikan hidangan halal.Berikut adalah beberapa fasilitas yang ditawarkan oleh Almer Hotel Syariah Way Kanan:

Kamar yang nyaman dan bersih
Fasilitas yang lengkap
Restoran yang menyajikan hidangan halal
Wi-Fi gratis
Parkir gratis
Almer Hotel Syariah Way Kanan memiliki rating 4.5 bintang di Google Maps. Hotel ini juga memiliki 159 ulasan positif.Jika Anda mencari hotel syariah yang nyaman dan terjangkau di Way Kanan, maka Almer Hotel Syariah Way Kanan adalah pilihan yang tepat.","Tugu Perahu, Jl. Kramat, Tiuh Balak Ps., Kec. Baradatu, Kabupaten Way Kanan, Lampung 34761","78c80a91-ae92-4127-89e6-d56c1c1c470d","Wisata Rekreasi (Buatan)","almer hotel, way kanan, wisata way kanan","200000"
"1707aa84-3811-4e10-bf15-7af5ef79b518","Dermaga Wisata Ketapang","Dermaga Wisata Ketapang adalah pintu gerbang menuju keindahan pulau-pulau kecil di sekitar Pesawaran. Dengan suasana yang tenang dan pemandangan laut yang memukau, dermaga ini menjadi titik awal yang sempurna untuk memulai petualangan Anda.

Fasilitas:
Dermaga: Tempat bersandar kapal-kapal wisata menuju pulau-pulau sekitar.
Area parkir: Cukup luas untuk menampung kendaraan pengunjung.
Warung makan: Menjual berbagai macam makanan dan minuman khas daerah.
Toilet umum: Tersedia untuk kenyamanan pengunjung.
Sewa perahu: Menyediakan berbagai jenis perahu untuk disewa.

Aktivitas yang Dapat Dilakukan:
Berlayar ke pulau-pulau sekitar: Menjelajahi keindahan pulau-pulau kecil dengan pasir putih dan air laut yang jernih.
Snorkeling dan diving: Melihat keindahan bawah laut dengan berbagai jenis ikan dan terumbu karang.
Memancing: Menikmati sensasi memancing di laut lepas.
Berjemur: Bersantai di tepi pantai sambil menikmati sinar matahari.
Berkemah: Bagi yang ingin menginap lebih lama, bisa berkemah di pulau-pulau sekitar.

Jam Operasional:
Biasanya buka 24 jam, namun disarankan untuk datang pagi hari agar bisa menikmati keindahan matahari terbit.

Tips:
Bawa perlengkapan snorkeling atau diving: Jika ingin menikmati keindahan bawah laut.
Siapkan tabir surya dan topi: Untuk melindungi kulit dari sengatan matahari.
Jangan lupa membawa kamera: Untuk mengabadikan momen indah selama perjalanan.
Sewa pemandu lokal: Jika ingin menjelajahi pulau-pulau yang lebih jauh.","desa, batu menyan, Kabupaten Pesawaran, Lampung 35450","78c80a91-ae92-4127-89e6-d56c1c1c470d","Wisata Rekreasi (Buatan)","dermaga wisata ketapang, pesawaran, wisata buatan","0"
"4cdaee66-652c-4514-9c4a-1c771833eda4","Agro Wisata Karangrejo, Sayuran Organik","Agro Wisata Karangrejo adalah tempat yang sempurna untuk menikmati keindahan alam dan mencicipi sayuran organik segar. Tempat ini menawarkan berbagai macam sayuran organik","Unnamed Road, Nurul ma'wa, karangrrjo 23a, Banjarsari, Kec. Metro Utara, Kota Metro, Lampung 341119","18ac88c6-7cfa-4a02-bd37-9be79d112fa1","Wisata Agro","agro wisata, metro, sayur organik, wisata agro","0"
"191ae9fa-51a2-4322-b838-a8c4cb9900bf","Pantai Ketapang Bahari","Pantai Ketapang Bahari adalah destinasi wisata pantai yang menawarkan keindahan alam yang masih asri dengan hamparan pasir putih yang lembut dan deburan ombak yang menenangkan. Terletak di Kabupaten Pesawaran, Lampung, pantai ini menjadi pilihan tepat bagi Anda yang ingin menikmati suasana pantai yang tenang dan jauh dari keramaian.

Fasilitas:
Area parkir: Luas dan mudah diakses.
Warung makan: Menawarkan berbagai macam makanan dan minuman.
Toilet umum: Tersedia dalam kondisi bersih.
Tempat duduk: Tersedia bangku-bangku untuk bersantai.
Persewaan perahu: Untuk menikmati keindahan pantai dari laut.

Aktivitas yang Dapat Dilakukan:
Berjemur: Nikmati sinar matahari sambil bersantai di atas pasir putih.
Berenang: Bermain air di laut yang jernih (perhatikan keamanan).
Berselancar: Bagi yang menyukai tantangan, bisa mencoba berselancar.
Memancing: Nikmati sensasi memancing di laut lepas.
Memotret: Mengabadikan momen indah di pantai.
Piknik: Bersantap bersama keluarga atau teman sambil menikmati pemandangan pantai.

Jam Operasional:
Buka setiap hari pukul 07.00—18.00 WIB

Tips:
Bawa perlengkapan pribadi: Seperti handuk, sunscreen, topi, dan kacamata hitam.
Jaga kebersihan: Buang sampah pada tempatnya.
Waspada terhadap ombak: Jangan berenang terlalu jauh dari pantai.
Nikmati keindahan alam: Jangan merusak ekosistem pantai.","Jl. Mahitam, Ketapang, Batumenyan, Hanura, Kabupaten Pesawaran, Lampung 35450","8f6ba969-d3ab-4d75-b8b9-dbc4912f92b2","Wisata Alam","pantai ketapang bahari, pesawaran, wisata alam","50000"
"b6a18dda-7041-44f9-b022-bb4e2fadd7ed","Kolam Renang Tirta Nirwana","Kolam renang Tirta Nirwana adalah tempat yang sempurna untuk bersantai dan menyegarkan diri di bawah sinar matahari. Kolam renang ini memiliki air yang jernih dan bersih, serta fasilitas yang lengkap.

Fasilitas:
Kolam renang dewasa
Kolam renang anak
Seluncuran air
Area bermain anak
Tempat duduk santai
Kamar ganti
Toilet
Parkir

Aktivitas yang dapat dilakukan:
Berenang
Berjemur
Bermain air
Bermain di area bermain anak
Bersantai di tempat duduk santai","23b, Karangrejo, Kec. Metro Utara, Kota Metro, Lampung 34391","78c80a91-ae92-4127-89e6-d56c1c1c470d","Wisata Rekreasi (Buatan)","kolam renang, kolam renang tirta nirwana, metro, wisata rekreasi","15000"
"e66f9c70-638f-4484-9a8f-d5ee5e41824c","Taman Edukasi Metro","Taman Edukasi Metro adalah taman bermain edukasi yang terletak di Jl. Gn. Lawu, Yosorejo, Kec. Metro Tim., Kota Metro, Lampung 34124, Indonesia. Taman ini memiliki berbagai macam wahana edukasi yang dapat membantu anak-anak belajar sambil bermain.","V8MC+G39, Jl. Gn. Lawu, Yosorejo, Kec. Metro Tim., Kota Metro, Lampung 34124","449fee2f-1791-4a99-9049-61d75548b5ae","Wisata Edukasi","metro, taman edukasi, wisata edukasi","25000"
"85814f4f-0653-44c4-938e-a5b2f2e48a37","Pulau Tegal","Pulau Tegal adalah sebuah pulau eksotis yang terletak di Kabupaten Pesawaran, Lampung. Dengan pantai pasir putih yang lembut, air laut yang jernih, dan pemandangan bawah laut yang menakjubkan, pulau ini menjadi surga bagi para pecinta pantai dan snorkeling. Pulau Tegal menawarkan suasana yang tenang dan jauh dari hiruk pikuk kota, sehingga sangat cocok untuk bersantai dan menikmati keindahan alam.

Fasilitas:
Pantai: Pantai pasir putih yang luas dengan air laut yang jernih.
Villa dan cottage: Penginapan dengan berbagai pilihan, mulai dari yang sederhana hingga yang mewah.
Restoran: Menyediakan berbagai hidangan seafood segar.
Spot snorkeling dan diving: Dengan keindahan bawah laut yang memukau.
Fasilitas olahraga air: Seperti banana boat, kano, dan jet ski.
Gazebo dan tempat duduk: Untuk bersantai sambil menikmati pemandangan.

Aktivitas yang Dapat Dilakukan:
Berjemur: Bersantai di pantai sambil menikmati sinar matahari.
Berenang: Berenang di air laut yang jernih.
Snorkeling dan diving: Menjelajahi keindahan bawah laut.
Memancing: Menangkap ikan segar di sekitar pulau.
Berjalan-jalan di pantai: Menikmati suasana pantai yang tenang.
Menikmati sunset: Mengabadikan momen matahari terbenam yang indah.

Jam Operasional:
24 Jam: Pulau Tegal umumnya terbuka untuk umum selama 24 jam. Namun, beberapa fasilitas seperti restoran mungkin memiliki jam operasional yang berbeda.

Tips:
Bawa perlengkapan snorkeling: Jika ingin menikmati keindahan bawah laut.
Gunakan sunscreen: Untuk melindungi kulit dari sinar matahari.
Jaga kebersihan: Buang sampah pada tempatnya.
Hormati lingkungan: Jangan merusak ekosistem laut.

Tambahan:
Akses: Anda dapat mencapai Pulau Tegal dengan menggunakan perahu dari pelabuhan terdekat.
Harga tiket: Harga tiket masuk dan fasilitas lainnya dapat bervariasi tergantung pada musim dan penyedia layanan.
Event: Terkadang ada acara-acara khusus yang diadakan di Pulau Tegal, seperti festival budaya atau perlombaan olahraga air.","Gebang, Padang Cermin, Pesawaran, Lampung","8f6ba969-d3ab-4d75-b8b9-dbc4912f92b2","Wisata Alam","pesawaran, pulau tegal, wisata alam","75000"
"d8985c1b-5fb7-4908-96c2-368afc50d5f8","Museum Mini Santa Maria","Museum Mini Santa Maria adalah museum kecil yang berisi artefak dan dokumen yang menceritakan sejarah Gereja Katolik di Metro, Lampung.

Fasilitas:
Pameran sejarah
Perpustakaan
Ruang audio-visual

Aktivitas yang dapat dilakukan:
Melihat pameran sejarah
Membaca buku di perpustakaan
Menonton film dokumenter di ruang audio-visual","Jl. Sosro Sudarmo No.2, Imopuro, Kec. Metro Pusat, Kota Metro, Lampung 34124","bc7c6dcb-d4d3-4158-97ac-e447b2878f3f","Wisata Budaya","metro, museum, museum mini, santa maria, wisata budaya","0"
"f2b276f2-da6f-4c4d-b148-e847720882a8","Cagar Budaya Rumah Asisten Wedana Metro","Cagar Budaya Rumah Asisten Wedana Metro (Wedana Space) adalah rumah tua yang telah diubah menjadi museum sejarah. Museum ini berisi artefak dan dokumen yang menceritakan sejarah Metro, Lampung.

Fasilitas:
Pameran sejarah
Perpustakaan

Aktivitas yang dapat dilakukan:
Melihat pameran sejarah
Membaca buku di perpustakaan
Menonton film dokumenter di ruang audio-visual","Imopuro, Metro Pusat, Metro City, Lampung 34124","bc7c6dcb-d4d3-4158-97ac-e447b2878f3f","Wisata Budaya","cagar budaya, metro, rumah asisten wedana, wisata budaya","0"
"78016aed-04de-486d-b50b-7cc139e35b4e","Rumah Informasi Sejarah Metro - Dokter swoning","Dokterswoning - Rumah Informasi Sejarah Metro adalah rumah sakit tua yang telah diubah menjadi museum sejarah. Museum ini berisi artefak dan dokumen yang menceritakan sejarah Metro, Lampung.

Fasilitas:
Pameran sejarah
Perpustakaan
Ruang audio-visual

Aktivitas yang dapat dilakukan:
Melihat pameran sejarah
Membaca buku di perpustakaan
Menonton film dokumenter di ruang audio-visual","Jl. Brigjend Sutiyoso No.2, Metro, Kec. Metro Pusat, Kota Metro, Lampung 34125","bc7c6dcb-d4d3-4158-97ac-e447b2878f3f","Wisata Budaya","dokterswoning, metro, rumah sejarah, wisata budaya","0"
"1718973c-5d0c-41da-84b1-7eb3aa15e7c5","Bendungan Way Sekampung","Bendungan Way Sekampung, proyek strategis nasional yang juga menjadi destinasi wisata menarik. Selain berfungsi sebagai sumber air irigasi, bendungan ini juga menawarkan keindahan alam yang memukau dan berbagai aktivitas rekreasi.

Fasilitas: 
Area parkir, jalur jogging, spot foto.

Aktivitas: 
Piknik, jogging, bersepeda, menikmati pemandangan, edukasi tentang pengelolaan sumber daya air

Jam operasional: 
Biasanya buka setiap hari, namun sebaiknya konfirmasi terlebih dahulu.","MW79+XCP, Banjarejo, Banyumas, Pringsewu Regency, Lampung 35376","78c80a91-ae92-4127-89e6-d56c1c1c470d","Wisata Rekreasi (Buatan)","bendungan way sekampung, pringsewu, wisata buatan","0"
"248bfd6a-6a69-41ad-a853-1f07337a77d1","Kampung BW","Kampung BW, restoran dengan konsep tradisional yang menawarkan suasana perkampungan lengkap dengan pesawahan dan rumah adat.

Fasilitas:
Spot resto outdoor, gazebo di atas kolam, area kafe utama, are kafe lantai 2 menghadap sawah, dan spot menikmati kuliner di area taman.

Aktivitas:
berkemupul keluarga, kulineran, dan bersantai.

Jam Operasional:
Buka setiap hari Selasa sampai Minggu, mulai pukul 10.00 - 18.00 WIB.","Jl. KH Agus Salim Jl. Podosari Raya, Podomoro, Kec. Pringsewu, Kabupaten Pringsewu, Lampung 35373","81b85a03-97bb-4a84-bbe5-fb8fa8a81e9c","Wisata Kuliner","kampung bw, pringsewu, wisata kuliner","0"
"021e2259-453f-48e9-a0b1-07a5a32e5eef","Taman Wisata BMJ","Taman Wisata BMJ Gading Rejo Pringsewu ini berkonsep taman wisata untuk keluarga. Menonjolkan nuansa alam dan tradisional di Kampung Bina Jaya Mandiri (BMJ).

Fasilitas:
Saung Pertemuan Jabon, Samama Waroeng Kopi Ndeso, dan lainnya.

Aktivitas:
Pertemuan penting, menikmati keindahaan sekitar, bermain","J393+F9G, Wonodadi, Gading Rejo, Pringsewu Regency, Lampung 35367","78c80a91-ae92-4127-89e6-d56c1c1c470d","Wisata Rekreasi (Buatan)","pringsewu, taman wisata bmj, wisata buatan","5000"
"ca2cbbd4-4cc5-48f7-bded-88a1304402bf","Lembah Akasia","Lembah Akasia di Pringsewu merupakan sebuah tempat wisata yang dikelilingi oleh pepohonan akasia. Akasia di sini menjulang tinggi memberikan suasana sejuk dan asri. Tempat ini berada di sisi sungai yang mengalir dengan tenang. Suara gemericik air sungai menambah suasana yang syahdu. 

Fasilitas:

Area parkir
Gazebo
Spot foto
Warung makan / Kafe
Toilet

Aktivitas:

Piknik
Bersantai
Berfoto
Berjalan-jalan santai

Jam Operasional:

Biasanya buka setiap hari, namun sebaiknya konfirmasi terlebih dahulu.","Jl. Kalkun II, Sukoharjo I, Kec. Sukoharjo, Kabupaten Pringsewu, Lampung 35373","78c80a91-ae92-4127-89e6-d56c1c1c470d","Wisata Rekreasi (Buatan)","lembah akasia, pringsewu, wisata buatan","0"
"71274c7e-323e-4985-8cf2-86937e2bf510","Puncak Batu Bara Lampung","Puncak Batu Bara, destinasi wisata alam yang unik di Lampung. Nikmati keindahan padang savana yang luas, udara segar, dan pengalaman mendaki yang menantang.

Fasilitas: 
Area parkir, jalur trekking, spot foto, area camping.

Aktivitas: 
Trekking, camping, menikmati matahari terbit/terbenam, penelitian flora fauna

Jam operasional: 
Terbuka 24 jam","XQ2H+78V, Lingga Pura, Selagai Lingga, Central Lampung Regency, Lampung 34176","8f6ba969-d3ab-4d75-b8b9-dbc4912f92b2","Wisata Alam","lampung tengah, puncak batu bara lampung, wisata alam","0"
"6b4be301-c27e-4827-ab0c-ebece05cb5bd","Lanakila Lake","Lanakila Lake adalah surga tersembunyi di Pringsewu, Lampung. Nikmati keindahan danau alami yang tenang, udara segar, serta berbagai aktivitas air yang menyenangkan.

Fasilitas: 
Area parkir, gazebo, spot foto, warung makan, dan wahana permainan

Aktivitas: 
Berkeliling danau, memancing, piknik, bersantai, berfoto dan bermain wahana

Jam operasional: 
Biasanya buka setiap hari, namun sebaiknya konfirmasi terlebih dahulu.","Pamenang, Pagelaran, Pringsewu Regency, Lampung 35376","8f6ba969-d3ab-4d75-b8b9-dbc4912f92b2","Wisata Alam","lanakila lake, pringsewu, wisata alam","10000"
"474f22b9-17f9-4606-8336-790b6017cdcb","Pantai Laguna","Pantai Laguna adalah sebuah destinasi wisata pantai yang menawarkan keindahan alam yang masih asri dan tenang. Terletak di kawasan Kiluan Negeri, Kabupaten Tanggamus, Lampung, pantai ini menyajikan panorama pantai yang memukau dengan air laut yang jernih dan pasir putih yang lembut. Suasana yang tenang dan jauh dari hiruk pikuk kota menjadikannya tempat yang sempurna untuk bersantai dan menikmati keindahan alam.

Fasilitas:
Area parkir: Tersedia area parkir yang cukup luas untuk menampung kendaraan pengunjung.
Warung makan: Biasanya terdapat warung-warung kecil yang menyediakan makanan dan minuman ringan.
Toilet umum: Fasilitas toilet umum umumnya tersedia, namun mungkin tidak selalu terawat dengan baik.
Spot foto: Terdapat beberapa spot foto menarik, terutama di area tepi pantai dengan latar belakang laut yang luas.

Aktivitas yang dapat dilakukan:
Berenang: Menikmati kesegaran air laut yang jernih.
Berjemur: Bersantai di tepi pantai sambil menikmati sinar matahari.
Bermain pasir: Membangun istana pasir atau sekadar bermain dengan pasir.
Memancing: Bagi yang menyukai memancing, bisa mencoba memancing di sekitar pantai.
Snorkeling: Menjelajahi keindahan bawah laut (jika kondisi memungkinkan).
Fotografi: Mengabadikan momen indah di pantai dengan kamera.
Piknik: Menikmati suasana pantai sambil membawa bekal makanan.","64C5+HP8, Kiluan Negeri, Kelumbayan, Tanggamus Regency, Lampung 35379","8f6ba969-d3ab-4d75-b8b9-dbc4912f92b2","Wisata Alam","pantai, pantai laguna, tanggamus, wisata alam, wisata pantai","0"
"83ca982c-825c-49da-ab16-13038535cbb4","Pantai Gigi Hiu","Pantai Gigi Hiu, yang terletak di Pekon Susuk, Kelumbayan, Kabupaten Tanggamus, Lampung, merupakan destinasi wisata pantai yang unik dan memukau. Pantai ini terkenal dengan formasi batuan karangnya yang menyerupai gigi hiu, sehingga menjadikannya spot foto yang sangat instagramable. Lokasinya yang tersembunyi dan akses yang menantang membuat pantai ini menjadi permata tersembunyi yang masih sangat alami. Keasliannya yang masih terjaga menjadi daya tarik tersendiri bagi para pencinta wisata petualangan. Meskipun belum ada fasilitas lengkap, namun potensi wisata pantai ini sangat besar.","Pekon Susuk, Kelumbayan, Tanggamus Regency, Lampung","8f6ba969-d3ab-4d75-b8b9-dbc4912f92b2","Wisata Alam","pantai, pantai gigi hiu, tanggamus, wisata alam, wisata pantai","0"
"4beb9527-23a5-4eef-86bb-d57fe6cd821f","Batu Petayuman","Batu Petayuman adalah destinasi wisata alam yang unik dan menarik di Kabupaten Tanggamus, Lampung. Terletak di daerah Umbar, batu besar ini menjulang di tepi pantai dengan bentuk yang khas dan menawan. Keunikan bentuk batunya yang menyerupai buah petai inilah yang menjadi daya tarik utama bagi para pengunjung.

Fasilitas:
Area parkir: Tersedia area parkir yang cukup luas di sekitar lokasi Batu Petayuman.
Warung makan: Biasanya terdapat warung-warung kecil yang menjual makanan dan minuman ringan.
Toilet umum: Fasilitas toilet umumnya tersedia, namun mungkin tidak selalu terawat dengan baik.
Spot foto: Batu Petayuman sendiri merupakan spot foto yang sangat instagramable.


Aktivitas yang dapat dilakukan:
Fotografi: Mengabadikan keindahan Batu Petayuman dari berbagai sudut.
Hiking ringan: Menjelajahi area sekitar Batu Petayuman.
Piknik: Bersantai di sekitar Batu Petayuman sambil menikmati pemandangan.
Bermain air: Bermain air di sekitar pantai (jika memungkinkan).","Umbar, Jalan Raya, Umbar, Kelumbayan, Tanggamus Regency, Lampung 35379","8f6ba969-d3ab-4d75-b8b9-dbc4912f92b2","Wisata Alam","batu petayuman, pantai, tanggamus, wisata alam, wisata pantai","0"
"00c19808-79f7-4dc9-9b59-7d5b86aa60b9","Pantai Karang Putih","Pantai Karang Putih, yang juga dikenal dengan nama Pantai Dok atau Pantai Batu Putih Cukuh Balak, adalah salah satu destinasi wisata pantai yang sangat eksotis di Kabupaten Tanggamus, Lampung. Pantai ini menawarkan keindahan alam yang memukau dengan hamparan pasir putih yang lembut dan bebatuan karang yang unik. Pemandangan matahari terbenam di pantai ini juga sangat indah dan menjadi daya tarik tersendiri bagi para pengunjung.

Fasilitas:
Area parkir: Tersedia area parkir yang cukup luas untuk menampung kendaraan pengunjung.
Warung makan: Terdapat beberapa warung makan yang menyediakan berbagai macam makanan dan minuman.
Toilet umum: Fasilitas toilet umum umumnya tersedia.
Spot foto: Terdapat beberapa spot foto menarik, terutama di area bebatuan karang.


Aktivitas yang dapat dilakukan:
Berenang: Menikmati kesegaran air laut.
Berjemur: Bersantai di tepi pantai sambil menikmati sinar matahari.
Bermain pasir: Membangun istana pasir atau sekadar bermain dengan pasir.
Memancing: Bagi yang menyukai memancing, bisa mencoba memancing di sekitar pantai.
Snorkeling: Menjelajahi keindahan bawah laut (jika kondisi memungkinkan).
Fotografi: Mengabadikan momen indah di pantai dengan kamera.
Hiking: Bagi yang suka tantangan, bisa melakukan hiking di sekitar pantai.","8VQP+278, Putih Doh, Cukuh Balak, Tanggamus Regency, Lampung","8f6ba969-d3ab-4d75-b8b9-dbc4912f92b2","Wisata Alam","pantai, pantai karang putih, tanggamus, wisata alam, wisata pantai","0"
"92ba8e50-e7a5-49cf-a99a-df8b78fa612a","Pantai Badak Limau Yudha","Pantai Badak Limau Yudha adalah permata tersembunyi di Kabupaten Tanggamus, Lampung. Pantai ini menawarkan keindahan alam yang masih sangat alami dengan pasir putih, batu karang, dan deburan ombak Samudra Hindia yang menawan. Keasrian pantai ini menjadikannya destinasi yang sempurna bagi para pencinta wisata alam yang ingin merasakan ketenangan dan keindahan pantai yang belum terjamah.

Fasilitas:
Akses jalan: Jalan masuk menuju pantai sudah mulai diperbaiki, namun sebagian masih berupa jalan tanah.
Area parkir: Tersedia area parkir di sekitar pantai.
Pemandangan alam: Pemandangan pantai yang indah dengan batu karang dan pohon kelapa.
Pohon rindang: Terdapat pohon-pohon rindang yang bisa dijadikan tempat berteduh.

Aktivitas yang dapat dilakukan:
Berenang: Berenang di laut lepas (harus berhati-hati karena ombak besar).
Snorkeling: Menjelajahi keindahan bawah laut (jika kondisi memungkinkan).
Memancing: Menikmati sensasi memancing di laut lepas.
Berkemah: Mendirikan tenda dan menikmati suasana malam di tepi pantai (perlu izin).
Fotografi: Mengabadikan keindahan alam pantai.
Trekking: Menjelajahi area sekitar pantai.","Badak, Limau, Tanggamus Regency, Lampung","8f6ba969-d3ab-4d75-b8b9-dbc4912f92b2","Wisata Alam","pantai, pantai badak limau yudha, tanggamus, wisata alam, wisata pantai","0"
"c9df8470-5616-4267-9377-bf98bc27366c","Bening Indah","Wisata Bening Indah adalah surga tersembunyi di Lampung Utara. Nikmati keindahan alam dan kesegaran air. Cocok untuk bersantai dan piknik bersama keluarga.

Fasilitas:
Area parkir
Tempat duduk
Toilet umum

Aktivitas:
Piknik
Memancing
Berfoto
Bersantai","2QXJ+V36, Desa, Subik, Kec. Abung Tengah, Kabupaten Lampung Utara, Lampung 34558","8f6ba969-d3ab-4d75-b8b9-dbc4912f92b2","Wisata Alam","bening indah, lampung utara, wisata alam","30000"
"601f642c-466e-4eff-aeb5-26faceb7e022","Tugu Payan Mas Kotabumi","Tugu Payan Mas adalah ikon Kota Kotabumi, Lampung Utara. Saksikan keindahan patung  yang megah dan jadikan sebagai latar foto yang instagramable. Sempurna untuk bersantai dan menikmati pemandangan kota.

Fasilitas:
Area parkir
Tempat duduk
Lampu penerangan
Taman

Aktivitas:
Berfoto
Bersantai
Menikmati pemandangan

Jam Operasional:
Terbuka 24 jam","Jl. Jend. Sudirman No.139, Kota Gapura, Kec. Kotabumi, Kabupaten Lampung Utara, Lampung 34514","78c80a91-ae92-4127-89e6-d56c1c1c470d","Wisata Rekreasi (Buatan)","lampung utara, tugu payan mas kotabumi, wisata buatan","0"
"4aeed2a7-7234-4906-829b-833022632e87","Taman Asmoro Tubaba","Taman Asmoro Tubaba merupakan salah satu destinasi wisata terbaru yang cukup populer di Lampung. Taman ini menawarkan konsep yang unik dengan berbagai spot foto menarik yang berlatar belakang bunga-bunga cantik dan dekorasi ala Korea.Taman ini dirancang dengan sangat apik, sehingga setiap sudutnya menjadi spot foto yang menarik. Mulai dari taman bunga warna-warni, hingga dekorasi ala Korea yang sedang tren.Salah satu daya tarik utama Taman Asmoro adalah adanya penyewaan kostum ala Korea. Pengunjung bisa berpose dengan berbagai macam kostum yang disediakan, seolah-olah sedang berada di Korea.Terdapat area bermain anak yang cukup luas, sehingga anak-anak dapat bermain dengan senang hati.Di sekitar taman, terdapat beberapa warung makan yang menyediakan berbagai macam makanan dan minuman.","4Q6R+P7X, Unnamed Road, Beringin, Kec. Abung Kunang, Kabupaten Lampung Utara, Lampung 34558","18ac88c6-7cfa-4a02-bd37-9be79d112fa1","Wisata Agro","taman asmoro, tubaba, wisata tubaba","6000"
"947eff85-8264-46df-88d6-843bac2f9b03","Pantai Muara Baru","Pantai Muara Baru, yang terletak di Kabupaten Tanggamus, Lampung, telah menjadi destinasi wisata yang populer, terutama di akhir pekan. Daya tarik utama pantai ini adalah fasilitas yang lengkap dan nyaman. Pengunjung dapat menikmati berbagai fasilitas seperti saung, tempat bermain anak, anjungan, dan spot selfie. Selain itu, terdapat juga fasilitas pendukung seperti toilet, kamar mandi, dan musala.

Fasilitas:
Area parkir: Tersedia area parkir yang luas untuk menampung kendaraan pengunjung.
Saung: Tersedia saung-saung yang nyaman untuk bersantai sambil menikmati pemandangan pantai.
Tempat bermain anak: Tersedia area bermain anak dengan berbagai macam permainan.
Anjungan: Terdapat anjungan yang menjadi spot foto yang menarik.
Toilet umum: Fasilitas toilet umum umumnya tersedia dan terawat.
Warung makan: Tersedia warung makan yang menyediakan berbagai macam makanan dan minuman.
Musholla: Tersedia musholla untuk beribadah.

Aktivitas yang dapat dilakukan:
Berenang: Menikmati kesegaran air laut yang jernih.
Berjemur: Bersantai di tepi pantai sambil menikmati sinar matahari.
Bermain pasir: Membangun istana pasir atau sekadar bermain dengan pasir.
Memancing: Bagi yang menyukai memancing, bisa mencoba memancing di sekitar pantai.
Piknik: Menikmati suasana pantai sambil membawa bekal makanan.
Camping: Mendirikan tenda dan menikmati suasana malam di tepi pantai.
Fotografi: Mengabadikan momen indah di pantai dengan kamera.","Jl Raya, Ketapang, Kec. Limau, Kabupaten Tanggamus, Lampung 35613","8f6ba969-d3ab-4d75-b8b9-dbc4912f92b2","Wisata Alam","pantai, pantai muara baru, tanggamus, wisata alam, wisata pantai","0"
"6c6f79f2-b830-4780-9c96-d52016b9d59a","Lembah Ture","Lembah Ture adalah destinasi wisata terbaru yang sedang naik daun di Kabupaten Tulang Bawang Barat, Lampung. Dengan keindahan alamnya yang masih asri dan suasana yang tenang, Lembah Ture menawarkan pengalaman liburan yang berbeda dan menyegarkan.Lembah Ture awalnya adalah sebuah perkebunan karet yang kemudian disulap menjadi kawasan wisata yang indah. Keindahan alamnya yang khas dengan tebing-tebing yang menjulang, sungai yang mengalir jernih, dan pepohonan hijau yang rimbun menjadi daya tarik utama tempat ini.Bagi Anda yang suka tantangan, trekking menyusuri lembah dan menikmati keindahan alam sekitar bisa menjadi pilihan yang tepat.Bagi Anda yang ingin menikmati suasana malam di alam bebas, Anda bisa mendirikan tenda di area camping yang telah disediakan.Dengan latar belakang alam yang indah, Anda bisa mendapatkan banyak foto menarik untuk diunggah di media sosial.Bawa bekal dan menggelar tikar di tepi sungai untuk menikmati suasana yang tenang.Anda bisa bermain air di sungai yang jernih atau sekadar merendam kaki untuk menghilangkan penat.","F3JJ+XH9, Gang pandu I, Panaragan Jaya, Kec. Tulang Bawang Tengah, Kab. Tulang Bawang Barat, Lampung","18ac88c6-7cfa-4a02-bd37-9be79d112fa1","Wisata Agro","lembah ture, tubaba, tulang bawang barat, wisata tubaba","10000"
"7cb25ae3-8a79-41d2-a295-3c4f6ffdf85f","Taman Doa Maria Sumber Kelegaan","Taman Doa Maria Sumber Kelegaan terletak Bandar Jaya Timur, Lampung Tengah, Lampung. Taman Doa Maria Sumber Kelegaan menjadi salah satu alternatif tujuan mencari ketenangan batin dan memohon rahmat dari Bunda Maria. Taman Doa Maria Sumber Kelegaan masih sangat bagus, asri, dan aksesnya juga sangat mudah di jangkau.

Fasilitas:
Patung Bunda Maria
Area berdoa
Taman
Tempat duduk
Parkir

Aktivitas:
Berdoa
Merenung
Meditasi","Jl. Jenderal Sudirman No.116, Bandar Jaya Tim., Kec. Terbanggi Besar, Kabupaten Lampung Tengah, Lampung 34163","b9610dfe-3fdf-498e-a987-b466cb39fe9f","Wisata Religi","bandar jaya timur, lampung tengah, taman doa maria sumber kelegaan, wisata religi","0"
"8d5886d3-75c4-42fc-b8a9-62efd595a115","Taman Agrowisata Tubaba","Taman Agrowisata Tubaba merupakan destinasi wisata yang menarik di Kabupaten Tulang Bawang Barat, Lampung. Dengan konsep memadukan keindahan alam dan potensi pertanian, taman ini menawarkan pengalaman liburan yang unik dan edukatif.Taman ini menjadi rumah bagi berbagai jenis buah-buahan tropis, seperti durian, mangga, rambutan, dan masih banyak lagi. Pengunjung dapat menikmati buah-buahan segar langsung dari pohonnya.Dikelilingi oleh pepohonan hijau dan suasana pedesaan yang tenang, Taman Agrowisata Tubaba menjadi tempat yang sempurna untuk melepas penat.Selain kebun buah, terdapat juga kolam ikan yang berisi berbagai jenis ikan air tawar. Pengunjung dapat mencoba memancing atau sekadar menikmati pemandangan kolam ikan.Tersedia area bermain anak yang dilengkapi dengan berbagai macam permainan, sehingga anak-anak dapat bermain dengan senang hati.Dengan latar belakang alam yang indah dan berbagai sudut yang menarik, Taman Agrowisata Tubaba menjadi tempat yang sempurna untuk berfoto.","C4P6+Q34, Tirta Kencana, Tulang Bawang Tengah, West Tulang Bawang Regency, Lampung 34693","18ac88c6-7cfa-4a02-bd37-9be79d112fa1","Wisata Agro","taman agrowisata, tubaba, tulang bawang barat, wisata tubaba","0"
"f0f426f1-f8b0-4182-a015-662294fd8cbd","Pantai Losari Indah","Pantai Losari Indah adalah sebuah destinasi wisata pantai yang terletak di Suka Banjar, Kota Agung Barat, Kabupaten Tanggamus, Lampung. Pantai ini menawarkan keindahan alam yang memukau dengan pasir putih yang lembut, air laut yang jernih, dan ombak yang relatif tenang. Suasana yang santai dan pemandangan yang indah menjadikan Pantai Losari Indah sebagai tempat yang cocok untuk bersantai dan menikmati keindahan alam.

Fasilitas:
Area parkir: Tersedia area parkir yang luas untuk menampung kendaraan pengunjung.
Tempat duduk: Disediakan tempat duduk untuk bersantai sambil menikmati pemandangan pantai.
Gazebo: Beberapa gazebo tersedia untuk bersantai atau berteduh.

Aktivitas yang dapat dilakukan:
Berenang: Menikmati kesegaran air laut yang jernih.
Berjemur: Bersantai di tepi pantai sambil menikmati sinar matahari.
Bermain pasir: Membangun istana pasir atau sekadar bermain dengan pasir.
Memancing: Bagi yang menyukai memancing, bisa mencoba memancing di sekitar pantai.
Piknik: Menikmati suasana pantai sambil membawa bekal makanan.
Bermain bola pantai: Menikmati keseruan bermain bola pantai bersama teman atau keluarga.","Suka Banjar, West Agung City, Tanggamus Regency, Lampung","8f6ba969-d3ab-4d75-b8b9-dbc4912f92b2","Wisata Alam","pantai, pantai losari indah, tanggamus, wisata alam, wisata pantai","0"
"f861ce60-ecaf-428e-b60b-5663ca74829f","Relief Megou Pak Tulang Bawang","Relief Megou Pak merupakan salah satu ikon kebudayaan Kabupaten Tulang Bawang Barat, Lampung. Monumen megah ini tidak hanya menjadi landmark yang menarik perhatian, tetapi juga menyimpan nilai sejarah dan budaya yang mendalam bagi masyarakat setempat.Relief ini menggambarkan empat sosok leluhur masyarakat Tulang Bawang yang dikenal dengan sebutan Megou Pak atau Empat Marga. Keempat marga tersebut adalah Marga Tegamoan, Marga Buay Bulan, Marga Suay Umpu, dan Marga Buay Aji.Relief ini dibangun sebagai bentuk penghormatan terhadap leluhur dan akar sejarah masyarakat Lampung Tulang Bawang. Melalui karya seni monumental ini, generasi muda dapat belajar tentang asal-usul dan identitas budaya mereka.Relief Megou Pak juga melambangkan persatuan dan kesatuan masyarakat adat Lampung Pepadun yang tergabung dalam hukum adat Migo Pak Tulang Bawang.","G464+VFM, Unnamed Road, Bandar Dewa, Kec. Tulang Bawang Tengah, Kab. Tulang Bawang Barat, Lampung 34693","bc7c6dcb-d4d3-4158-97ac-e447b2878f3f","Wisata Budaya","relief megowpak, tubaba, tulang bawang barat, wisata tubaba","0"
"fe80bc84-9251-40c9-9d9c-3150eca8a3e4","Taman Way Tebabeng","Taman Wisata Way Tebabeng adalah surga tersembunyi di Lampung Utara. Nikmati keindahan alam dan kesejukan air bendungan. Cocok untuk bersantai dan piknik bersama keluarga.

Fasilitas:
Area parkir
Tempat duduk
Toilet umum
Area bermain anak

Aktivitas:
Piknik
Memancing
Berfoto
Bersantai","3XHM+9PQ, Jl. Mustafa Gani, Jagang, Kec. Blambangan Pagar, Kabupaten Lampung Utara, Lampung 35513","8f6ba969-d3ab-4d75-b8b9-dbc4912f92b2","Wisata Alam","lampung utara, taman way tebabeng, wisata alam","10000"
"2bdd00a5-74e7-48f2-ae51-e2ea28e30dd2","Taman Gotong Royong","Taman Gotong Royong merupakan sebuah taman di Bandarjaya yang dibangun oleh pemerintah setempat untuk masyarakat, khususnya Lampung Tengah dan sekitarnya. Saat masa transisi pandemi seperti sekarang ini, dimana masyarakat sangat dianjurkan untuk tidak melakukan perjalanan jauh apalagi perjalanan keluar dari daerah asal, taman ini menjadi salah satu alternatif sebagai tempat rekreasi keluarga.

Fasilitas:

Area parkir
Taman bermain anak
Warung makan
Wahana permainan

Aktivitas:

Bermain di taman
Berfoto
Menikmati pemandangan
Mencoba wahana permainan

Jam Operasional:

Biasanya buka setiap hari, namun sebaiknya konfirmasi terlebih dahulu.","3673+XJF, West Bandar Jaya, Terbanggi Besar, Central Lampung Regency, Lampung 34163","78c80a91-ae92-4127-89e6-d56c1c1c470d","Wisata Rekreasi (Buatan)","bandar jaya, lampung tengah, taman gotong royong, wisata buatan","0"
"504226ab-a94c-44ec-81ab-f82e0fd063fe","Studio Keramik Tanoh Nughik","Studio Keramik Tanoh Nughik adalah sebuah destinasi wisata unik yang terletak di Kabupaten Tulang Bawang Barat, Lampung. Studio ini tidak hanya menawarkan keindahan karya seni keramik, tetapi juga menjadi tempat pelestarian budaya dan edukasi bagi masyarakat.Bangunan studio ini memiliki desain yang khas dengan kubah-kubah yang menyerupai botol. Arsitektur yang unik ini menjadi daya tarik tersendiri bagi pengunjung.Pengunjung dapat menyaksikan langsung proses pembuatan keramik, mulai dari pemilihan bahan tanah liat hingga proses pembakaran.Studio ini menampilkan berbagai macam koleksi keramik, mulai dari pot bunga, peralatan makan, hingga karya seni yang lebih kompleks.Studio Keramik Tanoh Nughik tidak hanya menjadi tempat wisata, tetapi juga menjadi pusat edukasi tentang seni keramik dan budaya lokal.Adanya studio ini diharapkan dapat mendorong pertumbuhan UMKM di bidang kerajinan keramik.","F39M+9WH, Panaragan Jaya, Tulang Bawang Tengah, West Tulang Bawang Regency, Lampung","449fee2f-1791-4a99-9049-61d75548b5ae","Wisata Edukasi","studio keramik, tulang bawang barat, wisata edukasi, wisata tubaba","10000"
"295736d8-0d5a-413f-b3fe-e096f82e8caf","Pantai Muara Indah","Pantai Muara Indah adalah destinasi wisata pantai yang terletak di Kota Agung, Kabupaten Tanggamus, Lampung. Pantai ini menawarkan keindahan alam yang masih asri dengan pasir putih yang lembut dan deburan ombak yang menenangkan. Lokasinya yang mudah dijangkau baik dengan kendaraan pribadi maupun transportasi umum membuat pantai ini menjadi pilihan populer bagi wisatawan yang ingin menikmati suasana pantai.

Fasilitas:
Area parkir: Tersedia area parkir yang luas untuk kendaraan roda dua dan roda empat.
Warung makan: Terdapat beberapa warung makan yang menyediakan berbagai macam makanan dan minuman.
Toilet umum: Tersedia fasilitas toilet umum.
Tempat duduk: Tersedia beberapa tempat duduk untuk bersantai.

Aktivitas yang dapat dilakukan:
Berenang: Menikmati kesegaran air laut.
Berjemur: Bersantai di tepi pantai sambil menikmati sinar matahari.
Memancing: Bagi yang menyukai memancing, bisa mencoba memancing di sekitar pantai.
Bermain pasir: Membangun istana pasir atau sekadar bermain dengan pasir.
Piknik: Menikmati suasana pantai sambil membawa bekal makanan.","GJ29+P8J, Pantai Muara Indah, Kota Agung, Tanggamus Regency, Lampung","8f6ba969-d3ab-4d75-b8b9-dbc4912f92b2","Wisata Alam","pantai, pantai muara indah, tanggamus, wisata alam, wisata pantai","5000"
"258db376-96da-4dc2-b7c9-7bc6b4e6cd31","Curug Semarang","Curug Semarang adalah salah satu destinasi wisata alam yang menarik di Kabupaten Way Kanan, Lampung. Air terjun ini menawarkan keindahan alam yang masih asri dan suasana yang tenang, menjadikannya tempat yang sempurna untuk melepas penat.Curug Semarang memiliki keunikan tersendiri dengan aliran air yang jernih dan segar. Keindahan alam sekitar yang hijau dan asri semakin menambah pesona tempat ini. Suara gemericik air dan pemandangan alam yang menenangkan akan membuat Anda merasa rileks dan jauh dari hiruk pikuk kota.Curug Semarang terletak di daerah yang cukup mudah dijangkau. Jalan menuju lokasi air terjun sudah cukup baik, sehingga Anda dapat menggunakan kendaraan roda dua maupun roda empat. Namun, ada beberapa bagian jalan yang masih berupa tanah dan berbatu, sehingga disarankan untuk menggunakan kendaraan yang memiliki daya jelajah yang baik.","7HV2+JVJ, Bhakti Negara, Baradatu, Way Kanan Regency, Lampung 34761","2a86c2ba-96e7-4220-b6da-5a9687402195","Wisata Bahari","curug, curug semarang, way kanan, wisata way kanan","10000"
"c2304212-a073-45a6-b566-18c295f46b05","Lembah Millenium","Lembah Millenium adalah destinasi wisata keluarga yang populer di Poncowati, Lampung Tengah. Nikmati suasana alam yang asri dan berbagai wahana permainan yang seru.

Fasilitas:

Area parkir
Taman bermain anak
Gazebo
Warung makan
Toilet
Mushola
Spot foto
Wahana permainan

Aktivitas:

Piknik
Bermain di taman
Berfoto
Menikmati pemandangan
Mencoba wahana permainan

Jam Operasional:

Biasanya buka setiap hari, namun sebaiknya konfirmasi terlebih dahulu.","RT 27 dusun Sugriwo 1, Poncowati, Kec. Terbanggi Besar, Kabupaten Lampung Tengah, Lampung 34165","78c80a91-ae92-4127-89e6-d56c1c1c470d","Wisata Rekreasi (Buatan)","lampung tengah, lembah millenium, poncowati, wisata buatan","5000"
"1bfd961a-9f86-4702-9171-f1f5e18f2ed5","Curup Kedaton Way Kanan","Curup Kedaton adalah salah satu destinasi wisata alam yang menarik di Kabupaten Way Kanan, Lampung. Air terjun ini menawarkan keindahan alam yang masih asri dengan keunikan tersendiri.Curup Kedaton memiliki daya tarik tersendiri dengan air terjunnya yang mengalir deras dan segar. Keindahan alam sekitar yang hijau dan asri menambah pesona tempat ini. Suara gemericik air dan pemandangan alam yang menenangkan akan membuat Anda merasa rileks dan jauh dari hiruk pikuk kota.Curup Kedaton terletak di daerah yang cukup mudah dijangkau. Jalan menuju lokasi air terjun sudah cukup baik, sehingga Anda dapat menggunakan kendaraan roda dua maupun roda empat. Namun, ada beberapa bagian jalan yang masih berupa tanah dan berbatu, sehingga disarankan untuk menggunakan kendaraan yang memiliki daya jelajah yang baik.","7F73+4FP, Kedaton, Kasui, Way Kanan Regency, Lampung 34765","78c80a91-ae92-4127-89e6-d56c1c1c470d","Wisata Rekreasi (Buatan)","curup, curup kedaton, waterfall, way kanan, wisata way kanan","10000"
"6d2f307c-00ab-43e8-b0cf-899934e3ea0d","Way Besai Resort Way Kanan","Way Besai Resort adalah salah satu destinasi wisata alam yang populer di Kabupaten Way Kanan, Lampung. Terkenal dengan keindahan alamnya yang masih asri, terutama sungai Way Besai yang mengalir deras, tempat ini menawarkan pengalaman petualangan yang tak terlupakan.Sungai Way Besai menjadi daya tarik utama resort ini. Dengan arus yang deras dan jeram-jeram yang menantang, sungai ini sangat cocok untuk kegiatan arung jeram. Pemandangan alam di sepanjang sungai juga sangat indah, dengan pepohonan hijau yang rimbun dan tebing-tebing yang menjulang tinggi.","4G94+HM3, Bonglai, Banjit, Way Kanan Regency, Lampung 34766","2a86c2ba-96e7-4220-b6da-5a9687402195","Wisata Bahari","way besai, way kanan, wisata bahari, wisata way kanan","25000"
"45ee1a6c-3eac-4ced-94f3-e2bc17cf00c7","Lesehan Way Tahmi","Pondok Lesehan Way Tahmi adalah tempat makan yang terletak di Jl. Lintas Tengah Sumatera Km. 212 Tanjung Agung, Gn. Sangkaran, Kec. Blambangan Umpu, Kabupaten Way Kanan, Lampung 40725, Indonesia. Tempat ini memiliki rating 4.2 di Google Maps dan buka setiap hari dari pukul 07.00 hingga 21.00.Pondok Lesehan Way Tahmi menawarkan berbagai macam menu makanan, termasuk hidangan khas Lampung. Tempat ini juga memiliki suasana yang nyaman dan santai, sehingga cocok untuk bersantai bersama keluarga atau teman.Jika Anda mencari tempat makan yang enak dan nyaman di Way Kanan, Pondok Lesehan Way Tahmi adalah pilihan yang tepat.","Jl. Lintas Tengah Sumatera Km. 212 Tanjung Agung, Gn. Sangkaran, Kec. Blambangan Umpu, Kabupaten Way Kanan, Lampung 40725","81b85a03-97bb-4a84-bbe5-fb8fa8a81e9c","Wisata Kuliner","kuliner way kanan, lesehan waytahmi, wisata kuliner, wisata way kanan","25000"
"6a8a9e73-b7f5-4b4a-b32b-c47a04be49b8","Abung River Tubing","Abung River Tubing adalah petualangan seru menyusuri Sungai Abung dengan ban pelampung. Nikmati keindahan alam Bukit Kemuning, sensasi arung jeram ringan, dan kesegaran air sungai. Cocok untuk pecinta petualangan dan ingin merasakan sensasi yang berbeda.

Fasilitas:
Area parkir
Tempat ganti pakaian
Toilet
Penyewaan ban
Pemandu wisata

Aktivitas:
River tubing
Berenang
Piknik
Menikmati pemandangan","4H6P+87R, Abung T.S, Kec. Bukit Kemuning, Kabupaten Lampung Utara, Lampung 34556","8f6ba969-d3ab-4d75-b8b9-dbc4912f92b2","Wisata Alam","abung river tubing, lampung utara, wisata alam","80000"
"220ddb54-0d40-4457-b359-dd8739d63982","Camp Taruna Way Kanan","Camp Taruna (Cafe & Resto) adalah tempat makan yang terletak di Umpu Bakti, Kecamatan Blambangan Umpu, Kabupaten Way Kanan, Lampung. Tempat ini memiliki rating 4.8 di Google Maps dan buka setiap hari kecuali Kamis.","Umpu Bakti, Blambangan Umpu, Way Kanan Regency, Lampung","81b85a03-97bb-4a84-bbe5-fb8fa8a81e9c","Wisata Kuliner","cafe resto, camp taruna, kuliner way kanan, way kanan, wisata way kanan","50000"
"df20c52c-ecc7-4330-b0c5-ebb4530dd20e","Kolam Renang Siloam","Kolam Renang Siloam adalah tempat yang sempurna untuk bersantai dan bermain air bersama keluarga. Nikmati kesegaran air dan berbagai fasilitas yang lengkap.

Fasilitas:

Kolam renang dewasa
Kolam renang anak
Tempat duduk
Gazebo
Kamar ganti
Toilet
Warung makan

Aktivitas:

Berenang
Bermain air
Bersantai
Piknik

Jam Operasional:

Biasanya buka setiap hari, namun sebaiknya konfirmasi terlebih dahulu.","Jl. Manunggal, Yukum Jaya, Kec. Terbanggi Besar, Kabupaten Lampung Tengah, Lampung 34163","78c80a91-ae92-4127-89e6-d56c1c1c470d","Wisata Rekreasi (Buatan)","kolam renang siloam, lampung tengah, wisata buatan, yukum jaya","10000"
"78e1e791-64a3-49c6-b560-0f345d39170c","Situs Megalitik Batu Gajah","Situs Megalitik Batu Gajah merupakan situs arkeologi yang sangat berharga di Lampung. Terletak di Batu Bedil Ilir, Kecamatan Pulau Panggung, Kabupaten Tanggamus, situs ini menyimpan sejumlah besar artefak megalitik seperti menhir, dolmen, dan punden berundak. Salah satu daya tarik utamanya adalah batu besar yang menyerupai bentuk gajah, menjadikannya ikon situs ini.  Situs ini terkenal dengan keberadaan Batu Bedil, sebuah menhir besar yang konon mengeluarkan suara seperti letusan senjata api. Selain Batu Bedil, terdapat juga berbagai artefak lain seperti batu tegak, altar batu, dan batu bergores.

Fasilitas:
Area parkir: Biasanya tersedia area parkir di sekitar situs.
Jalur setapak: Terdapat jalur setapak untuk mengelilingi area situs.
Papan informasi: Terdapat papan informasi yang menjelaskan tentang sejarah dan makna dari situs ini.
Warung makan: Terkadang terdapat warung makan kecil di sekitar area, terutama jika situs ini berada di dekat pemukiman penduduk.
Toilet umum: Tergantung pada pengelolaan situs, mungkin tersedia toilet umum.

Aktivitas yang dapat dilakukan:
Menjelajahi situs: Mengamati langsung artefak megalitik seperti batu gajah, menhir, dan dolmen.
Belajar sejarah: Mendalami sejarah peradaban kuno di Lampung melalui informasi yang tersedia.
Fotografi: Mengabadikan keindahan situs dan artefak-artefaknya.
Pendidikan: Situs ini cocok dijadikan tempat untuk pembelajaran sejarah dan budaya bagi pelajar.","MMXM+555, Batu Bedil, Pulau Panggung, Tanggamus Regency, Lampung 35679","bc7c6dcb-d4d3-4158-97ac-e447b2878f3f","Wisata Budaya","situs, situs megalitik batu gajah, tanggamus, wisata budaya","0"
"8a220e7a-54fd-42f3-8213-251382d88a57","Wisata Minang Way Kanan","Wisata Minang adalah sebuah restoran nasi padang khas minangkabau yang terkenal enak dan lezat. Porsi yang diberikan cukup berlimpah dan membuat perut merasa kenyang setelah menyantapnya. Makanan ini sangat cocok disantap bersama keluarga, teman, ataupun kekasih. Setelah menikmati liburan dari berbagai wisata way kanan, rasanya akan lengkap bila datang ke Wisata Minang untuk mencoba nasi padang khas minangkabau versi way kanan.","CG4J+PXV, Sidoarjo, Blambangan Umpu, Way Kanan Regency, Lampung 34769","81b85a03-97bb-4a84-bbe5-fb8fa8a81e9c","Wisata Kuliner","kuliner way kanan, makanan padang, wisata way kanan","25000"
"088d0292-42d1-4699-adae-f556812952f6","Islamic Center Tubaba","Islamic Center Tubaba merupakan salah satu ikon kebanggaan Kabupaten Tulang Bawang Barat (Tubaba), Lampung. Bukan hanya menjadi pusat kegiatan keagamaan, namun juga menjadi destinasi wisata yang menarik perhatian baik dari masyarakat lokal maupun wisatawan dari luar daerah. Dengan arsitektur yang megah dan fasilitas yang lengkap, Islamic Center Tubaba menawarkan pengalaman wisata religi yang unik dan berkesan.Salah satu hal yang paling mencolok dari Islamic Center Tubaba adalah desain bangunannya yang unik dan megah. Masjid utama yang tidak memiliki kubah menjadikannya berbeda dari masjid-masjid lainnya. Desain ini terinspirasi dari arsitektur modern yang dipadukan dengan sentuhan khas Lampung.","Jl. Raya Panaragan Jaya - Pulung Kencana, Panaragan Jaya, Kec. Tulang Bawang Tengah, Kab. Tulang Bawang Barat, Lampung 34693","b9610dfe-3fdf-498e-a987-b466cb39fe9f","Wisata Religi","islamic center, tubaba, tulang bawang barat, wisata tubaba","0"
"9159e1b3-95fc-47c8-9949-41613fd3afbc","Makam Keramat Tubagus Machdum Kuala","Makam Keramat Tubagus Machdum Kuala merupakan salah satu situs sejarah dan wisata religi yang cukup terkenal di Kabupaten Tulang Bawang Barat (Tubaba), Lampung. Beliau merupakan seorang ulama besar yang sangat dihormati oleh masyarakat setempat. Makam ini seringkali menjadi tujuan ziarah bagi masyarakat yang ingin menghormati leluhur dan mencari berkah.Tubagus Machdum Kuala adalah seorang ulama besar yang memiliki pengaruh yang sangat besar terhadap masyarakat di wilayah Tulang Bawang. Beliau dikenal sebagai sosok yang alim, bijaksana, dan memiliki karomah. Kehidupan dan ajaran beliau banyak menginspirasi masyarakat setempat, sehingga setelah wafat, makam beliau menjadi tempat yang sangat dihormati dan dianggap keramat.Makam Tubagus Machdum Kuala memiliki nilai sejarah yang sangat tinggi. Keberadaannya menjadi bukti nyata tentang perkembangan Islam di wilayah Tulang Bawang pada masa lalu. Selain itu, makam ini juga menyimpan berbagai cerita dan legenda yang turun-temurun di kalangan masyarakat setempat.Selain nilai sejarahnya, Makam Tubagus Machdum Kuala juga memiliki potensi besar sebagai destinasi wisata religi. Banyak masyarakat yang datang berziarah ke makam ini untuk menghormati leluhur, memohon berkah, dan merenungkan sejarah. Atmosfer spiritual yang kental dan keindahan alam sekitar makam menjadikan tempat ini sebagai tujuan yang menarik bagi para pengunjung.","H832+2FW, T, Garuntang, Telukbetung Selatan, Bandar Lampung City, Lampung","b9610dfe-3fdf-498e-a987-b466cb39fe9f","Wisata Religi","makam keramat, tubaba, tubagus machdum kuala, wisata tubaba","0"
"132915d8-c6a0-485e-ab24-c91cc760cdb1","Curup Lestari","Curup Lestari adalah surga tersembunyi di Lampung Tengah. Nikmati keindahan air terjun alami, udara sejuk, dan suasana hutan yang masih asri. Sempurna untuk petualangan dan melepas penat.

Fasilitas:
Area parkir
Jalur trekking
Spot foto

Aktivitas:
Trekking
Berenang (jika memungkinkan)
Piknik
Menikmati pemandangan

Jam Operasional:
Terbuka 24 jam

Tips:
Sebaiknya membawa perlengkapan yang lengkap seperti sepatu trekking, topi, dan sunscreen.
Jaga kebersihan dan kelestarian lingkungan sekitar.","VRC2+WJ3, Batu City, Pubian, Central Lampung Regency, Lampung 34176","8f6ba969-d3ab-4d75-b8b9-dbc4912f92b2","Wisata Alam","curup lestari, lampung tengah, pubian, wisata alam","5000"
"88e684a6-7fea-4a59-9343-f119881ea1ab","Stadion Olahraga & GOR","Stadion Olahraga dan GOR Kelapa Tujuh adalah pusat olahraga dan komunitas di Lampung Utara. Tempat yang mendukung pengembangan bakat olahraga dan kegiatan masyarakat.

Fasilitas: 
Lapangan olahraga standar, ruang latihan, fasilitas pendukung olahraga, area parkir luas

Aktivitas: 
Latihan olahraga, pertandingan, turnamen, acara olahraga, kegiatan komunitas, pengembangan bakat olahraga

Jam operasional: 
Biasanya buka setiap hari, namun sebaiknya konfirmasi terlebih dahulu.","5V4W+VH2, Kelapa Tujuh, Kotabumi Selatan, North Lampung Regency, Lampung 34514","78c80a91-ae92-4127-89e6-d56c1c1c470d","Wisata Rekreasi (Buatan)","kelapa tujuh, lampung barat, stadion olahraga , wisata buatan","0"
"0e38d6e5-336c-40e3-b644-c25d0294bb19","Makam Keramat Menak Suttan Tubaba","Makam Keramat Minak Suttan merupakan salah satu situs sejarah dan spiritual yang cukup terkenal di Kabupaten Tulang Bawang Barat (Tubaba), Lampung. Makam ini menyimpan kisah tentang tokoh-tokoh penting di masa lalu dan menjadi tempat ziarah bagi masyarakat setempat maupun luar daerah. Minak Suttan adalah seorang tokoh sejarah yang dipercaya memiliki pengaruh besar di wilayah tersebut. Ia digambarkan sebagai sosok yang bijaksana dan memiliki karomah. Makamnya menjadi tempat yang dianggap keramat dan dipercaya dapat mendatangkan berkah bagi para peziarah. Selain makam Minak Suttan, di area ini juga terdapat beberapa makam tokoh penting lainnya yang ikut menyebarkan agama Islam di wilayah tersebut. Makam ini menyimpan nilai sejarah yang tinggi, menceritakan tentang perkembangan Islam di wilayah Tulang Bawang Barat. Banyak masyarakat yang percaya bahwa makam ini memiliki karomah dan dapat mengabulkan doa. Makam Keramat Minak Suttan menjadi tujuan ziarah bagi masyarakat yang ingin berdoa dan menghormati leluhur.","C2P6+VF, Karta, Tulang Bawang Udik, West Tulang Bawang Regency, Lampung 34691","b9610dfe-3fdf-498e-a987-b466cb39fe9f","Wisata Religi","makam keramat, makam suttan, tubaba, tulang bawang barat, wisata tubaba","0"
"194db18e-d6a0-4287-8773-d375f580df2e","Agrowisata Lembah Bambu Kuning","Agrowisata Lembah Bambu Kuning adalah destinasi wisata edukasi dan alam yang menyegarkan di Lampung Utara. Nikmati keindahan alam, udara sejuk. Sempurna untuk liburan keluarga.

Fasilitas:
Area parkir
Jalur trekking
Spot foto
Rumah pohon
Area piknik

Aktivitas:
Berenang
Trekking
Bersepeda
Piknik
Menikmati pemandangan","5W5M+P7R, Abung Jayo, Kec. Abung Sel., Kabupaten Lampung Utara, Lampung 34517","18ac88c6-7cfa-4a02-bd37-9be79d112fa1","Wisata Agro","agrowisata lembah bambu kuning, lampung utara, wisata agro","10000"
"da403779-14c9-483c-a31c-3d080ca8d67e","Bendungan Batutegi","Bendungan Batu Tegi adalah bendungan terbesar di Asia Tenggara yang terletak di Kabupaten Tanggamus, Lampung. Dengan luas sekitar 3.560 hektar, bendungan ini menawarkan pemandangan alam yang menakjubkan, udara segar, dan berbagai aktivitas menarik seperti berkeliling waduk menggunakan perahu. Selain berfungsi sebagai sumber air dan pembangkit listrik, bendungan ini juga menjadi destinasi wisata populer bagi wisatawan yang ingin menikmati keindahan alam Lampung.

Fasilitas:
Area parkir: Tersedia area parkir di sekitar Waduk Batu Tegi.
Dermaga: Tersedia dermaga untuk menikmati pemandangan waduk dari atas perahu.
Perahu sewa: Tersedia jasa penyewaan perahu untuk berkeliling waduk.
Warung makan: Kemungkinan terdapat warung makan di sekitar area parkir atau dermaga.
Toilet umum: Kemungkinan tersedia toilet umum di area wisata.
Aktivitas yang dapat dilakukan:

Berperahu: Nikmati keindahan Waduk Batu Tegi dari atas perahu.
Memancing: Bagi penggemar memancing, Anda bisa mencoba keberuntungan di sekitar waduk.
Hiking: Bagi yang menyukai tantangan, Anda bisa mencoba trekking di sekitar kawasan waduk untuk mencari air terjun ini.
Piknik: Nikmati suasana tenang di tepi waduk sambil membawa bekal.
Fotografi: Abadikan keindahan alam sekitar","PQVJ+X8P, Batu Tegi, Air Naningan, Tanggamus Regency, Lampung 35679","8f6ba969-d3ab-4d75-b8b9-dbc4912f92b2","Wisata Alam","bendungan, bendungan batutegi, tanggamus, waduk, wisata alam","0"
"6864b01b-6c95-4437-a5d3-538e9758e881","Makam Keramat Tuan Rio Mangku Bumi Tubaba","Makam Tuan Rio Mangku Bumi merupakan salah satu situs sejarah dan wisata religi yang cukup terkenal di Kabupaten Tulang Bawang Barat (Tubaba), Lampung. Beliau merupakan seorang raja yang sangat dihormati oleh masyarakat setempat. Makam ini seringkali menjadi tujuan ziarah bagi masyarakat yang ingin menghormati leluhur dan mencari berkah.Makam ini terletak di Tiyuh Pagar Dewa, Kecamatan Pagar Dewa, Kabupaten Tubaba. Lokasinya yang mudah dijangkau membuat banyak pengunjung dari berbagai daerah datang untuk berziarah.Tuan Rio Mangku Bumi adalah salah satu raja di Kerajaan Tulang Bawang. Beliau dikenal sebagai sosok yang bijaksana dan memiliki pengaruh besar bagi masyarakat. Setelah wafat, makam beliau menjadi tempat yang sangat dihormati dan dianggap keramat.","H49G+FF, Pagar Dewa, West Tulang Bawang Regency, Lampung","b9610dfe-3fdf-498e-a987-b466cb39fe9f","Wisata Religi","makam tuan rio, mangkubumi lampung, tubaba, tulang bawang barat, wisata tubaba","0"
"54b19baa-3891-48e8-aba3-3e80c7adfc7e","Waterboom Panorama Resort Tubaba","Waterboom Panorama Resort merupakan salah satu destinasi wisata air yang cukup populer di wilayah Tulang Bawang Barat, Lampung. Dengan berbagai fasilitas menarik dan pemandangan yang asri, tempat ini menjadi pilihan yang tepat untuk menghabiskan waktu bersama keluarga atau teman-teman. Mulai dari kolam anak-anak yang dangkal hingga kolam dewasa yang lebih dalam. Ada juga kolam arus yang akan membawa Anda berputar-putar dengan santai. Bagi Anda yang suka sensasi, berbagai jenis perosotan air dengan ketinggian dan desain yang berbeda siap menguji adrenalin Anda. Dikelilingi oleh pepohonan hijau, Waterboom Panorama Resort menawarkan suasana yang sejuk dan nyaman.","Warga Makmur Jaya, Banjar Agung, Tulang Bawang Regency, Lampung 34684","78c80a91-ae92-4127-89e6-d56c1c1c470d","Wisata Rekreasi (Buatan)","panorama resort, tubaba, tulang bawang barat, waterboom, wisata tubaba, wisata tulang bawang barat","15000"
"0d15e8b2-cb99-4f5b-a0ce-5ef685c25133","Air Terjun Way Lalaan 1","Air Terjun Way Lalaan adalah destinasi wisata alam yang terletak di Desa K. Baru, Kecamatan Kota Agung Timur, Kabupaten Tanggamus, Lampung. Air terjun ini menawarkan keindahan alam yang masih asri dengan ketinggian sekitar 30 meter dan air yang jernih serta segar. Lokasinya yang mudah dijangkau dan fasilitas yang cukup lengkap membuat tempat ini menjadi pilihan populer bagi wisatawan yang ingin menikmati keindahan alam Lampung.

Fasilitas:
Area parkir: Luas dan memadai.
Kamar mandi: Tersedia fasilitas toilet yang bersih.
Mushola: Tersedia tempat untuk beribadah.
Warung makan: Menjual berbagai macam makanan dan minuman.
Gazebo: Tempat bersantai sambil menikmati pemandangan.
Jalur trekking: Untuk menuju air terjun kedua.


Aktivitas yang dapat dilakukan:
Berenang: Nikmati kesegaran air di kolam alami yang terbentuk dari aliran air terjun.
Hiking: Jelajahi jalur trekking menuju air terjun kedua.
Piknik: Bersantai di gazebo sambil menikmati pemandangan alam.
Memetik durian: (musiman) Nikmati sensasi memetik durian langsung dari pohonnya saat musim durian tiba.
Fotografi: Mengabadikan keindahan alam sekitar.","RT.04/RW.01, Kampung Baru, Kota Agung Timur, Tanggamus Regency, Lampung 35384","8f6ba969-d3ab-4d75-b8b9-dbc4912f92b2","Wisata Alam","air terjun way lalaan, curup, tanggamus, wisata alam","10000"
"dd9fc698-8b97-44c7-a5f7-35c282d821be","Bendungan Sewu","Bendungan Sewu adalah permata tersembunyi di tulang bawang, Lampung. Nikmati keindahan alam dan suasana yang tenang di sekitar bendungan. Tempat yang sempurna untuk bersantai dan menikmati pemandangan alam.

Fasilitas: 
Tempat duduk dan jalur jogging

Aktivitas: 
Berjalan-jalan, bersepeda, memancing, piknik, menikmati pemandangan, olahraga ringan

Jam operasional: 
Buka 24 jam","JC5M+4JG, Gunung Tapa, Gedung Meneng, Tulang Bawang Regency, Lampung 34681","78c80a91-ae92-4127-89e6-d56c1c1c470d","Wisata Rekreasi (Buatan)","bendungan sewu, tulang bawang, wisata buatan","0"
"495d23fc-8eda-4207-8493-9a579b647436","Waterboom Daya Murni Tubaba","Waterboom Daya Murni adalah salah satu destinasi wisata buatan yang digunakan untuk menyegarkan otak dengan berenang. Wisata ini dilengkapi dengan fasilitas-fasilitas yang menarik dan aman digunakan pada anak maupun dewasa. Selain fasilitas di dalam kolam, waterboom ini menyediakan tempat ibadah dan tempat makan untuk makan sebelum atau sesudah renang. Air yang jernih dan jenis kolam yang dibedakan berdasarkan ketinggian cocok untuk tiap kalangan yang ingin mencoba berenang atau belajar berenang disini !","936F+M99, Daya Murni, Tumi Jajar, West Tulang Bawang Regency, Lampung 34691","78c80a91-ae92-4127-89e6-d56c1c1c470d","Wisata Rekreasi (Buatan)","tubaba, waterboom, waterboom daya murni, wisata tubaba","15000"
"857a90ff-ce38-4c09-b8d1-2a5e9df716d8","Waterboom Pelangi Tubaba","Waterboom Pelangi adalah salah satu destinasi wisata buatan yang digunakan untuk menyegarkan otak dengan berenang. Wisata ini dilengkapi dengan fasilitas-fasilitas yang menarik dan aman digunakan pada anak maupun dewasa. Selain fasilitas di dalam kolam, waterboom ini menyediakan tempat ibadah dan tempat makan untuk makan sebelum atau sesudah renang. Air yang jernih dan jenis kolam yang dibedakan berdasarkan ketinggian cocok untuk tiap kalangan yang ingin mencoba berenang atau belajar berenang disini !","C462+PC5, Pulung Kencana, Tulang Bawang Tengah, West Tulang Bawang Regency, Lampung 34693","78c80a91-ae92-4127-89e6-d56c1c1c470d","Wisata Rekreasi (Buatan)","tubaba, waterboom, waterboom pelangi, wisata tubaba","15000"
"5c7eac79-85ca-405c-90e3-f67138830771","Air Terjun Goa Asri","Air Terjun Goa Asri adalah surga tersembunyi di Sumber Asri, Lampung. Nikmati kesegaran air yang jernih dan suasana pedesaan yang tenang. Cocok untuk bersantai dan melepas penat.

Fasilitas:
Area parkir
Jalur trekking
Spot foto
Warung makan

Aktivitas:
Berenang
Piknik
Bersantai
Menikmati pemandangan","2MQ2+QC4, Dusun sumber asri desa, Merambung, Kec. Tj. Raja, Kabupaten Lampung Utara, Lampung 34557","8f6ba969-d3ab-4d75-b8b9-dbc4912f92b2","Wisata Alam","air terjun goa asri, lampung utara, wisata alam","10000"
"62406224-cb35-4d08-9d31-91469dd98f73","Air Terjun Cihanda","Air Terjun Cihanda adalah air terjun yang terletak di Desa Taman Sari, Kecamatan Pulau Panggung, Kabupaten Tanggamus, Provinsi Lampung. Air terjun ini memiliki ketinggian sekitar 30 meter dan memiliki air yang jernih dan segar. Air Terjun Cihanda juga dikelilingi oleh hutan yang hijau dan asri.

Aktivitas yang dapat dilakukan:
Berenang
Bermain air
Piknik
Hiking","GQ9V+28C, Unnamed Road, Tamansari, Kec. Pugung, Kabupaten Tanggamus, Lampung 35675","8f6ba969-d3ab-4d75-b8b9-dbc4912f92b2","Wisata Alam","air terjun cihanda, curup, tanggamus, wisata alam","0"
"cad59fd9-f5d5-4e84-9572-4ade8ca54499","Air Terjun Goa Putri","Air Terjun Goa Putri adalah permata tersembunyi di Tanjung Beringin, Lampung. Nikmati keindahan air terjun kembar yang mempesona, udara sejuk, dan suasana alam yang masih asri. Sempurna untuk petualangan dan melepas penat.

Fasilitas:
Area parkir
Jalur trekking
Spot foto

Aktivitas:
Trekking
Berenang
Piknik
Menikmati pemandangan","2M67+P2V, Sukamaju kelurahan, Tanjung beringin, Kec. Tj. Raja, Kabupaten Lampung Utara, Lampung","8f6ba969-d3ab-4d75-b8b9-dbc4912f92b2","Wisata Alam","air terjun goa putri, lampung utara, wisata alam","10000"
"55b64351-cb06-4aba-a2e8-48c0e66483e4","Air Terjun Beringin","Air Terjun Beringin adalah surga tersembunyi di Bukit Kemuning, Lampung. Nikmati keindahan air terjun bertingkat dengan pemandangan yang menakjubkan, udara sejuk, dan suasana alam yang masih asri. Sempurna untuk petualangan dan melepas penat.

Fasilitas:
Area parkir
Jalur trekking
Spot foto

Aktivitas:
Trekking
Berenang
Piknik
Menikmati pemandangan

Jam Operasional:
Terbuka 24 jam","3HQ3+379, Tj. Baru, Kec. Bukit Kemuning, Kabupaten Lampung Utara, Lampung 34556","8f6ba969-d3ab-4d75-b8b9-dbc4912f92b2","Wisata Alam","air terjun beringin, lampung utara, wisata alam","10000"
"bf89f4a8-c386-4545-a0fb-74a0942e5883","Sumber Mata Air Margoyoso","Sumber Mata Air Sumberagung1 adalah mata air yang terletak di Desa Margoyoso, Kecamatan Sumberejo, Kabupaten Tanggamus, Provinsi Lampung. Mata air ini memiliki air yang jernih dan segar, dan dikelilingi oleh hutan yang hijau dan asri.

Fasilitas:
Area parkir
Toilet
Warung makan


Aktivitas yang dapat dilakukan:
Berenang
Bermain air
Piknik
Hiking","Margoyoso, Sumberejo, Tanggamus Regency, Lampung 35679","8f6ba969-d3ab-4d75-b8b9-dbc4912f92b2","Wisata Alam","margoyoso, sumber mata air, tanggamus, wisata alam","5000"
"fb3aa182-d952-4dce-8122-195ae115a1da","Air Terjun Mandi Angin","Air Terjun Mandi Angin adalah oasis kesegaran di tengah alam Lampung. Nikmati kesegaran air yang jernih dan suasana pedesaan yang tenang. Cocok untuk bersantai dan melepas penat.

Fasilitas:
Area parkir
Jalur trekking
Spot foto

Aktivitas:
Berenang
Piknik
Bersantai
Menikmati pemandangan

Jam Operasional:
Biasanya buka setiap hari, namun sebaiknya konfirmasi terlebih dahulu.","WMXW+5F7, Dusun mandi angin,desa sukamulya, Sumber Tani, Kec. Tj. Raja, Kabupaten Lampung Utara, Lampung 34176","8f6ba969-d3ab-4d75-b8b9-dbc4912f92b2","Wisata Alam","air terjun mandi angin, lampung utara, wisata alam","10000"
"ba5a398e-45bc-4471-b8d9-c6425f9305f0","Air Terjun Curup Way Kerap","Air Terjun Curup Way adalah air terjun yang terletak di Desa Kerap, Kecamatan Semaka, Kabupaten Tanggamus, Provinsi Lampung. Air terjun ini memiliki ketinggian sekitar 30 meter dan memiliki air yang jernih dan segar. Air Terjun Curup Way juga dikelilingi oleh hutan yang hijau dan asri.

Aktivitas yang dapat dilakukan:
Berenang
Bermain air
Piknik
Hiking","GF59+RF7, Way Kerap, Semaka, Tanggamus Regency, Lampung 35386","8f6ba969-d3ab-4d75-b8b9-dbc4912f92b2","Wisata Alam","air terjun waykerap, curup, tanggamus, wisata alam","0"
"14911a66-b567-4bd1-ac52-df40892594cf","Air Terjun Curup Sukaemi","Air Terjun Curup Sukaemi adalah surga tersembunyi di Lampung Utara. Nikmati keindahan air terjun yang mempesona, udara sejuk, dan suasana alam yang masih asri. Sempurna untuk petualangan dan melepas penat.

Fasilitas:
Area parkir
Jalur trekking
Spot foto

Aktivitas:
Trekking
Berenang
Piknik
Menikmati pemandangan","2MCM+5QX, Unnamed Rd, Tanjung Raja, Karang Waringin, Lampung Utara, Kabupaten Lampung Utara, Lampung 34557","8f6ba969-d3ab-4d75-b8b9-dbc4912f92b2","Wisata Alam","air terjun curup sukaemi, lampung utara, wisata alam","10000"
"56e8d6a9-bc4f-4349-8ed7-aa8fc1a7cef8","Sesat Agung","Sesat Agung adalah bangunan adat Lampung yang megah dan sarat makna di Tulang Bawang. Bangunan ini merupakan representasi dari kebudayaan dan sejarah masyarakat Lampung.

Fasilitas: 
Area parkir, ruang pameran, dan toilet

Aktivitas: 
Mengagumi arsitektur, belajar tentang budaya Lampung, berfoto, mengikuti acara adat (jika ada)

Jam operasional:
Buka setiap hari","G797+5G4, Central Menggala, Menggala, Tulang Bawang Regency, Lampung 34611","bc7c6dcb-d4d3-4158-97ac-e447b2878f3f","Wisata Budaya","menggala, sesat agung, tulang bawang, wisata budaya","0"
"e65eec90-ba49-417d-8fc0-10613e563ce4","Air Terjun Curug Selampung","Air Terjun Curug Selampung adalah permata tersembunyi di Lampung Utara. Nikmati keindahan air terjun yang menyegarkan, udara sejuk, dan suasana alam yang masih alami. Sempurna untuk petualangan dan melepas penat.

Fasilitas:
Jalur trekking
Spot foto

Aktivitas:
Trekking
Berenang
Piknik
Menikmati pemandangan","5MJX+HX, dusun talang sembilan, Gn. Betuah, Kec. Abung Bar., Kabupaten Lampung Utara, Lampung 34558","8f6ba969-d3ab-4d75-b8b9-dbc4912f92b2","Wisata Alam","air terjun curug selampung, lampung utara, wisata alam","0"
"1cf5ded3-258e-4b9d-9407-d619c070a86a","Makam Menak Sengaji","Makam Menak Sengaji adalah situs sejarah dan ziarah yang penting di Tulang Bawang, Lampung. Dipercaya sebagai makam seorang tokoh berpengaruh di masa lalu, tempat ini menyimpan nilai sejarah dan budaya yang tinggi.

Fasilitas: 
Area parkir, jalan setapak

Aktivitas: 
Ziarah, belajar sejarah, dan berdoa

Jam operasional: 
Terbuka untuk umum setiap saat","G6HQ+HGC, Jl. 1, Ujung Gn., Kec. Menggala, Kab. Tulang Bawang, Lampung 34792","b9610dfe-3fdf-498e-a987-b466cb39fe9f","Wisata Religi","makam menak sengaji, menggala, tulang bawang, wisata religi","0"
"e210606d-b4ad-425e-ba1b-faac74684ba3","Air Terjun Curug Klawas","Air Terjun Klawas adalah surga tersembunyi di Lampung Utara. Nikmati keindahan air terjun yang menyegarkan, udara sejuk, dan suasana alam yang masih alami. Sempurna untuk petualangan dan melepas penat.

Fasilitas:
Area parkir
Jalur trekking
Spot foto

Aktivitas:
Trekking
Berenang
Piknik
Menikmati pemandangan

Jam Operasional:
Terbuka 24 jam","2PPM+QR4, Pekurun Bar., Kec. Abung Tengah, Kabupaten Lampung Utara, Lampung 34582","8f6ba969-d3ab-4d75-b8b9-dbc4912f92b2","Wisata Alam","air terjun curug klawas, lampung utara, wisata alam","10000"
"38a3b3b3-3ac7-4b63-b102-1c4cc010329f","Islamic Center","Islamic Center yang terletak di Menggala, Tulang Bawang merupakan destinasi wisata religi yang menarik di Lampung. Nikmati keindahan arsitektur masjid yang menggabungkan unsur modern dan tradisional.

Fasilitas: 
Masjid utama, area parkir, dan tempat wudhu

Aktivitas:
Beribadah, belajar sejarah Islam, mengikuti kegiatan keagamaan, wisata religi

Jam operasional: 
Buka 24 jam","G66X+799, Ujung Gunung, Menggala, Tulang Bawang Regency, Lampung 34611","b9610dfe-3fdf-498e-a987-b466cb39fe9f","Wisata Religi","menggala islamic center, tulang bawang, wisata religi","0"
"977f7cf3-385e-41bb-b092-42c4ecb38387","Bendungan Tirta Shinta","Wisata Bendungan Tirta Shinta adalah destinasi wisata air yang menyenangkan untuk keluarga. Nikmati berbagai wahana air seru, pemandangan alam yang indah, dan suasana yang santai.

Fasilitas:
Kolam renang
Perahu dayung
Area piknik
Warung makan
Toilet

Aktivitas:
Berenang
Bermain air
Berperahu
Piknik
Bersantai

Jam Operasional:
Biasanya buka setiap hari, namun sebaiknya konfirmasi terlebih dahulu.","Kantor Desa, RT.04/RW.02, Wonomarto, North Kotabumi, North Lampung Regency, Lampung 34552","78c80a91-ae92-4127-89e6-d56c1c1c470d","Wisata Rekreasi (Buatan)","bendungan tirta shinta, lampung utara, wisata buatan","9999"
"1f0cf38d-ea91-46ef-ba5c-7b694c5d6487","Pulau Tangkil","Pulau Tangkil adalah sebuah pulau kecil yang menawarkan keindahan alam yang masih perawan. Terletak di Kabupaten Pesawaran, Lampung, pulau ini menjadi surga bagi para pencinta pantai dan snorkeling. Dengan pasir putih yang lembut, air laut yang jernih, dan terumbu karang yang kaya akan biota laut, Pulau Tangkil sangat cocok untuk bersantai dan menikmati keindahan alam bawah laut.

Fasilitas:
Pondok/Gazebo: Tempat untuk bersantai dan menikmati pemandangan.
Perahu penyewaan: Untuk mengelilingi pulau atau menuju spot snorkeling.
Toilet umum: Tersedia di beberapa titik.
Warung makan: Menyediakan makanan dan minuman ringan.

Aktivitas yang Dapat Dilakukan:
Snorkeling: Menjelajahi keindahan bawah laut dengan terumbu karang yang berwarna-warni dan berbagai jenis ikan.
Berjemur: Bersantai di pantai sambil menikmati sinar matahari.
Bermain air: Berenang atau bermain air di pantai.
Memancing: Bagi Anda yang menyukai aktivitas memancing.
Camping: Bagi yang ingin menikmati suasana malam di pulau.
Fotografi: Mengabadikan keindahan alam Pulau Tangkil.

Jam Operasional:
Buka setiap hari: 24 jam. Namun, waktu terbaik untuk berkunjung adalah saat air laut surut agar bisa menikmati keindahan pantai dengan lebih luas.

Tips:
Bawa perlengkapan snorkeling sendiri: Untuk mendapatkan pengalaman yang lebih maksimal.
Gunakan sunscreen: Lindungi kulit Anda dari sengatan matahari.
Jaga kebersihan: Buang sampah pada tempatnya dan jangan merusak ekosistem laut.
Sewa pemandu lokal: Jika Anda ingin menjelajahi pulau lebih dalam.","Sukajaya Lempasing, Padang Cermin, Pesawaran, Lampung","8f6ba969-d3ab-4d75-b8b9-dbc4912f92b2","Wisata Alam","pesawaran, pulau tangkil, wisata alam","200000"
"f4a34c78-8380-485a-b9d5-5baeabd40b45","Teluk Kiluan","Teluk Kiluan adalah teluk yang terletak di Kecamatan Kelumbayan, Kabupaten Tanggamus, Provinsi Lampung. Teluk ini memiliki luas sekitar 10.000 hektar dan dikelilingi oleh perbukitan yang hijau. 

Fasilitas:
Area pantai: Luas dan bersih, cocok untuk bersantai atau bermain pasir.
Spot snorkeling dan diving: Terumbu karang yang indah dan beragam biota laut.
Gazebo: Tempat yang nyaman untuk bersantai sambil menikmati pemandangan.
Warung makan: Menawarkan hidangan laut segar.
Toilet umum: Tersedia dalam kondisi bersih.

Aktivitas yang dapat dilakukan:
Snorkeling: Jelajahi keindahan bawah laut dan terumbu karang.
Diving: Bagi penyelam profesional, teluk ini menawarkan spot diving yang menarik.
Berjemur: Nikmati sinar matahari sambil bersantai di pantai.
Memancing: Menangkap ikan segar di sekitar teluk.
Fotografi: Mengabadikan momen indah dengan latar belakang teluk yang eksotis.
Melihat lumba-lumba: Saksikan atraksi lompatan lumba-lumba di perairan teluk.","64F3+855, Kiluan Negeri, Kelumbayan, Tanggamus Regency, Lampung","8f6ba969-d3ab-4d75-b8b9-dbc4912f92b2","Wisata Alam","tanggamus, teluk, teluk kiluan, wisata alam","0"
"c90c7c51-3142-4830-8f65-1d4ce6ccf9b7","Bendungan Way Rarem","Bendungan Way Rarem adalah destinasi wisata air yang menyegarkan di Lampung Utara. Nikmati keindahan alam, udara segar, dan berbagai aktivitas air yang seru. Sempurna untuk menghabiskan waktu bersama keluarga dan teman.

Fasilitas:
Area parkir yang luas
Gazebo untuk bersantai

Aktivitas:
Piknik
Bersantai
Menikmati pemandangan

Jam Operasional:
Biasanya buka setiap hari, namun sebaiknya konfirmasi terlebih dahulu.","Jl. Raya Way Rarem, Pekurun, Kec. Abung Pekurun, Kabupaten Lampung Utara, Lampung 34582","78c80a91-ae92-4127-89e6-d56c1c1c470d","Wisata Rekreasi (Buatan)","bendungan way rarem, lampung utara, wisata buatan","5000"
"1d9beb44-9e22-435d-8ac2-35f90d2443b3","Marines Eco Park","Marines Eco Park adalah taman rekreasi dan edukasi yang terletak di Kabupaten Pesawaran, Lampung. Taman ini menawarkan berbagai macam fasilitas dan kegiatan untuk pengunjung, termasuk kolam renang, taman bermain, kebun binatang mini, dan area berkemah.

Fasilitas:
Kolam renang
Taman bermain
Kebun binatang mini
Area berkemah
Restoran
Toko souvenir

Aktivitas yang dapat dilakukan:
Berenang
Bermain di taman bermain
Melihat binatang di kebun binatang mini
Berkemah
Menikmati makanan di restoran
Membeli souvenir di toko souvenir

Jam operasional:
Buka setiap hari, pukul 08.00 - 21.00 WIB.

Tips:
Datanglah lebih awal untuk menghindari keramaian.
Bawalah pakaian renang dan handuk jika ingin berenang.
Bawalah makanan dan minuman jika ingin berkemah.
Patuhilah peraturan taman.
Akomodasi terdekat:

Hotel Marina Bay (jarak 1,5 km)
Hotel Pesawaran (jarak 2,5 km)
Hotel Bumi Kedaton (jarak 3,5 km)

Catatan:
Informasi di atas dapat berubah sewaktu-waktu. Sebaiknya cek informasi terbaru sebelum berkunjung.

Tambahan:
MARINES Eco Park juga memiliki area edukasi yang berisi informasi tentang lingkungan dan konservasi.
Taman ini sering mengadakan acara-acara khusus, seperti perayaan Hari Kemerdekaan dan Natal.
MARINES Eco Park adalah salah satu tempat wisata yang populer di Kabupaten Pesawaran.","95PF+X6C, Jl. Pematang Awi, Sanggi, Kec. Padang Cermin, Kabupaten Pesawaran, Lampung 35451","78c80a91-ae92-4127-89e6-d56c1c1c470d","Wisata Rekreasi (Buatan)","marines eco park, pesawaran, wisata buatan","0"
"97a507f3-c413-4598-abc7-2864be70b474","Pulau Tabuan","Pulau Tabuan adalah permata tersembunyi di Kabupaten Tanggamus, Lampung. Dengan pasir putih yang lembut, air laut yang jernih, dan pemandangan alam yang masih asri, pulau ini menawarkan pengalaman liburan yang tenang dan menyegarkan. Pulau Tabuan juga dikenal dengan keindahan bawah lautnya yang menakjubkan, menjadikannya surga bagi para penyelam dan snorkeler.

Fasilitas:

Area pantai: Luas dan bersih, cocok untuk bersantai atau bermain pasir.
Spot snorkeling dan diving: Terumbu karang yang indah dan beragam biota laut.
Gazebo: Tempat yang nyaman untuk bersantai sambil menikmati pemandangan.
Warung makan: Menawarkan hidangan laut segar.
Toilet umum: Tersedia dalam kondisi bersih.

Aktivitas yang dapat dilakukan:
Snorkeling: Jelajahi keindahan bawah laut dan terumbu karang.
Diving: Bagi penyelam profesional, pulau ini menawarkan spot diving yang menarik.
Berjemur: Nikmati sinar matahari sambil bersantai di pantai.
Memancing: Menangkap ikan segar di sekitar pulau.
Fotografi: Mengabadikan momen indah dengan latar belakang pulau yang eksotis.
Kayaking: Menjelajahi sekitar pulau dengan kayak.","6R2F+R4V, Sawang Balak, Cukuh Balak, Tanggamus Regency, Lampung 35683","8f6ba969-d3ab-4d75-b8b9-dbc4912f92b2","Wisata Alam","pulau, pulau tabuan, tanggamus, wisata alam, wisata pulau","15000"
"69d4df9d-1493-4e9c-aa08-e3f58ef5646a","Pantai Klara","Pantai Klara merupakan salah satu destinasi wisata pantai yang populer di Lampung. Dengan pasir putih yang lembut, deburan ombak yang menenangkan, dan pemandangan laut lepas yang indah, pantai ini menawarkan pengalaman liburan yang santai dan menyenangkan. Pantai Klara juga dikenal dengan sunset-nya yang memukau.

Fasilitas:
Area parkir: Cukup luas untuk menampung kendaraan pengunjung.
Warung makan: Menjual berbagai macam makanan dan minuman.
Toilet umum: Tersedia untuk kenyamanan pengunjung.
Tempat duduk: Tersedia kursi-kursi santai untuk bersantai menikmati pemandangan.
Area bermain anak: Tersedia beberapa wahana permainan untuk anak-anak.
Penginapan: Tersedia beberapa penginapan di sekitar pantai untuk Anda yang ingin menginap.
Sewa perahu: Tersedia penyewaan perahu untuk berkeliling di sekitar pantai.

Aktivitas yang Dapat Dilakukan:
Berjemur: Nikmati hangatnya sinar matahari di tepi pantai.
Berenang: Bermain air di laut yang tenang.
Memancing: Menikmati sensasi memancing di laut.
Berselancar: Bagi yang menyukai tantangan, bisa mencoba berselancar.
Berjalan-jalan di tepi pantai: Nikmati suasana pantai yang tenang sambil menikmati pemandangan.
Menikmati sunset: Saksikan keindahan matahari terbenam yang memukau.
Mencicipi kuliner seafood: Nikmati berbagai macam hidangan seafood segar di warung makan sekitar pantai.

Jam Operasional:
Buka setiap hari pukul 07.00—18.00

Tips:
Bawa sunscreen: Lindungi kulit Anda dari sengatan matahari.
Bawa topi dan kacamata hitam: Untuk melindungi mata dari sinar matahari.
Jangan lupa bawa kamera: Untuk mengabadikan momen indah di pantai.
Jaga kebersihan: Buang sampah pada tempatnya.","Jl. Way Ratai No.99, Gebang, Kec. Padang Cermin, Kabupaten Pesawaran, Lampung 35451","8f6ba969-d3ab-4d75-b8b9-dbc4912f92b2","Wisata Alam","pantai klara, pesawaran, wisata alam","500000"
"00ac3d23-223d-48f8-b6a2-6ec4c6622787","Pulau Kelapa","Pulau Kelapa adalah surga kecil di tengah Teluk Kiluan, Lampung. Pulau ini menawarkan keindahan alam yang masih perawan dengan pasir putih yang lembut, air laut yang jernih, dan terumbu karang yang berwarna-warni. Pengunjung dapat menikmati pemandangan matahari terbenam yang spektakuler, bersantai di pantai, atau menjelajahi keindahan bawah laut.

Fasilitas:
Area pantai: Luas dan bersih, cocok untuk bersantai atau bermain pasir.
Spot snorkeling dan diving: Terumbu karang yang indah dan beragam biota laut.
Gazebo: Tempat yang nyaman untuk bersantai sambil menikmati pemandangan.
Warung makan: Menawarkan hidangan laut segar.
Toilet umum: Tersedia dalam kondisi bersih.


Aktivitas yang dapat dilakukan:
Snorkeling: Jelajahi keindahan bawah laut dan terumbu karang.
Diving: Bagi penyelam profesional, pulau ini menawarkan spot diving yang menarik.
Berjemur: Nikmati sinar matahari sambil bersantai di pantai.
Memancing: Menangkap ikan segar di sekitar pulau.
Berkemah: (Jika diperbolehkan, tambahkan)
Fotografi: Mengabadikan momen indah dengan latar belakang pulau yang eksotis.","639V+C8W Pulau Kiluan, Kiluan Negeri, Kec. Kelumbayan, Kabupaten Tanggamus, Lampung 35379","8f6ba969-d3ab-4d75-b8b9-dbc4912f92b2","Wisata Alam","pulau kelapa, tanggamus, wisata alam","5000"
"dcf29e21-b2a4-47f1-94de-5944a53d542f","Pemancingan Mbah Kadek Tubaba","Pemancingan Mbah Kadek adalah salah satu pemancingan yang cukup terkenal di Tulang Bawang Barat, Lampung. Pemancingan ini kerap mengadakan lomba memancing antar pelanggan dan mendapatkan hadiah yang memuaskan. Setiap pelanggan dapat menikmati suasana memancing yang meriah dan tenang pada waktu yang bersamaan, dikelilingi dengan pohon yang memberikan efek tenang ketika memancing dan meriah dari banyaknya pengunjung yang datang.","95F6+72Q, Mulya Asri, Tulang Bawang Tengah, West Tulang Bawang Regency, Lampung 34693","78c80a91-ae92-4127-89e6-d56c1c1c470d","Wisata Rekreasi (Buatan)","fishing, pemancingan mbah kadek, tubaba, tulang bawang barat, wisata tubaba","20000"
"f1e855b4-a881-4cb8-9c12-a0feb15b85e3","Taman Nasional Bukit Barisan Selatan","Taman Nasional Bukit Barisan Selatan Sedayu adalah kawasan konservasi yang kaya akan keanekaragaman hayati di Lampung. Dengan hutan hujan tropis yang lebat, pegunungan yang menjulang, dan sungai-sungai yang mengalir deras, taman nasional ini menawarkan pengalaman petualangan yang tak terlupakan bagi para pecinta alam. Anda dapat menjelajahi hutan, mendaki gunung, atau sekadar menikmati keindahan alam yang masih asli.

Fasilitas:
-Pusat informasi: Menyediakan informasi mengenai taman nasional, peta, dan jalur trekking.
-Jalur trekking: Berbagai tingkat kesulitan, dari yang mudah hingga yang menantang.
-Camping ground: Area perkemahan yang dilengkapi dengan fasilitas dasar.
-Sungai: Cocok untuk aktivitas seperti berenang atau rafting.
-Pos penjagaan: Tersedia di beberapa titik untuk memastikan keamanan pengunjung.


Aktivitas yang dapat dilakukan:
-Trekking: Jelajahi hutan hujan tropis dan nikmati pemandangan alam yang menakjubkan.
-Camping: Bermalam di alam bebas dan nikmati suasana malam yang tenang.
-Birdwatching: Mengamati berbagai jenis burung yang hidup di hutan.
-Observasi satwa: Mencari jejak satwa liar seperti harimau, gajah, dan beruang madu.
-Edukasi lingkungan: Belajar tentang pentingnya menjaga kelestarian alam.
-Fotografi: Mengabadikan keindahan alam Taman Nasional Bukit Barisan Selatan.","H922+JJ8, Lampung","8f6ba969-d3ab-4d75-b8b9-dbc4912f92b2","Wisata Alam","taman nasional, taman nasional bukit barisan selatan, tanggamus, wisata alam","0"
"aebd58ad-1c9f-4ed7-a411-1a4154747131","Kolam Pemancingan Airlangga Fishing Tubaba","Pemancingan Airlangga adalah salah satu destinasi tempat yang nyaman dan membuat suasana hati merasa tenang. Dengan adanya pepohonan dan ikan yang berlimpah membuat suasana memancing anda lebih menyenangkan dilakukan bersama teman ataupun keluarga. Hasil tangkapan dapat dikembalikan dalam bentuk uang, atau meminta dimasak atau dibawa pulang sesuai dengan keinginan dari pelanggan. Nikmati memancing bersama dan makan makanan khas tulang bawang barat di pemancingan Airlangga!","935G+JVW, Unnamed Road, Daya Murni, Kec. Tumi Jajar, Kab. Tulang Bawang Barat, Lampung 34691","78c80a91-ae92-4127-89e6-d56c1c1c470d","Wisata Rekreasi (Buatan)","pemancingan airlangga, tulang bawang barat, wisata tubaba","20000"
"ebd9519a-7910-4965-9284-5c7251b61a42","Pantai Mutun","Pantai Mutun merupakan salah satu destinasi wisata pantai yang populer di Lampung. Dengan pasir putih yang lembut, deburan ombak yang menenangkan, dan pemandangan laut lepas yang indah, pantai ini menawarkan suasana yang sangat santai dan cocok untuk bersantai bersama keluarga atau teman.

Fasilitas:
Area parkir: Luas dan mudah diakses.
Pondok-pondok: Untuk bersantai sambil menikmati pemandangan pantai.
Toilet dan kamar mandi: Tersedia fasilitas umum yang cukup bersih.
Warung makan: Menawarkan berbagai macam makanan dan minuman.
Area bermain anak: Cocok untuk keluarga yang membawa anak-anak.
Spot foto: Banyak spot menarik untuk berfoto, seperti ayunan pantai dan gardu pandang.

Aktivitas yang Dapat Dilakukan:
Berjemur: Nikmati hangatnya sinar matahari di tepi pantai.
Bermain air: Berenang, berselancar, atau sekadar bermain air di tepi pantai.
Memancing: Bagi yang menyukai memancing, bisa mencoba memancing di sekitar pantai.
Berkemah: Bagi yang ingin merasakan sensasi menginap di tepi pantai, bisa mendirikan tenda.
Menikmati kuliner seafood: Cicipi berbagai macam hidangan laut segar di warung makan sekitar pantai.
Berkeliling pulau Tangkil: Sewa perahu untuk mengunjungi pulau kecil yang berada di dekat pantai.

Jam Operasional:
Buka setiap hari pukul 08.00—22.00 WIB

Tips:
Datang pagi atau sore: Untuk menghindari terik matahari dan menikmati suasana yang lebih sejuk.
Bawa perlengkapan pribadi: Seperti sunscreen, topi, handuk, dan pakaian ganti.
Jaga kebersihan: Buang sampah pada tempatnya dan jangan merusak lingkungan.

Tambahan:
Aksesibilitas: Mudah dijangkau dengan kendaraan pribadi maupun transportasi umum.
Harga tiket masuk: Terjangkau dan seringkali ada promo khusus.
Event: Seringkali diadakan acara-acara menarik di pantai ini, seperti festival musik atau lomba olahraga pantai.","Sukajaya Lempasing, Padang Cermin, Pesawaran, Lampung","8f6ba969-d3ab-4d75-b8b9-dbc4912f92b2","Wisata Alam","pantai mutun, pesawaran, wisata alam","35000"
"3394fb6b-cdde-44a9-b693-4b976c622cbb","Pantai Karang Bebay","Pantai Karang Bebay adalah pantai yang indah di Susuk, Kecamatan Kelumbayan, Kabupaten Tanggamus, Provinsi Lampung. Pantai ini memiliki pasir putih yang lembut, air laut yang jernih, dan pemandangan yang menakjubkan. Pantai Karang Bebay juga memiliki beberapa fasilitas, seperti toilet, tempat parkir, dan warung makan.

Aktivitas yang dapat dilakukan:
Berenang
Berjemur
Menikmati pemandangan","8WF4+P59, Tengor, Cukuh Balak, Tanggamus Regency, Lampung","8f6ba969-d3ab-4d75-b8b9-dbc4912f92b2","Wisata Alam","pantai, pantai karang bebay, tanggamus, wisata alam, wisata pantai","0"
"2e2a4bdd-f98e-4984-99cf-081af7617f02","Benteng Sabuk Tubaba","Benteng Sabuk merupakan salah satu situs bersejarah yang terletak di Kabupaten Tulang Bawang Barat (Tubaba), Lampung. Benteng ini menyimpan banyak misteri dan cerita menarik tentang masa lalu. Meskipun belum ada data yang sangat pasti mengenai kapan tepatnya benteng ini dibangun, namun berdasarkan hasil penelitian arkeologi, diperkirakan Benteng Sabuk sudah ada sejak abad ke-4. Benteng ini memiliki struktur yang cukup kokoh dan kompleks, terdiri dari parit, gundukan tanah, dan kemungkinan besar juga dilengkapi dengan bangunan-bangunan pendukung. Benteng ini berfungsi sebagai benteng pertahanan untuk melindungi wilayah dan penduduk dari serangan musuh. Kemungkinan besar, benteng ini juga berfungsi sebagai pusat pemerintahan atau pusat kegiatan sosial masyarakat pada masa itu. Beberapa ahli berpendapat bahwa benteng ini juga memiliki fungsi sebagai pusat perdagangan karena letaknya yang strategis.","F2V4+G84 dan, Tiyuh, Gn. Katun Tanjungan, Gn. Katun Malay, Kec. Tulang Bawang Udik, Kab. Tulang Bawang Barat, Lampung 34691","bc7c6dcb-d4d3-4158-97ac-e447b2878f3f","Wisata Budaya","benteng sabuk, tubaba, tulang bawang barat, wisata tubaba","0"
"c71ee7cc-a091-418d-9972-8e7265b41acb","Makam Minak Indah Pulun Betaro","Makam Minak Indah Pulun Betaro merupakan salah satu situs sejarah dan budaya yang penting di Kabupaten Tulang Bawang, Lampung. Makam ini dipercaya sebagai tempat peristirahatan terakhir dari seorang tokoh legendaris yang memiliki pengaruh besar dalam sejarah daerah tersebut. Minak Indah Pulun Betaro adalah sosok yang penuh misteri dalam sejarah Lampung. Beliau dikenal sebagai seorang tokoh sakti mandraguna yang memiliki kemampuan supranatural. Kisah-kisah tentang kehebatan dan petualangannya masih sering diceritakan secara turun-temurun oleh masyarakat setempat. Makam Minak Indah Pulun Betaro tidak hanya menjadi tempat ziarah bagi masyarakat setempat, tetapi juga memiliki makna yang lebih dalam:Simbol Sejarah, Makam ini menjadi saksi bisu perjalanan sejarah dan peradaban masyarakat Tulang Bawang.Pusat Spiritual, Bagi sebagian masyarakat, makam ini dianggap sebagai tempat yang memiliki kekuatan spiritual dan menjadi tujuan untuk memohon berkah.
Identitas Budaya, Makam ini menjadi salah satu identitas budaya masyarakat Tulang Bawang dan menjadi bagian dari warisan leluhur.","GF6F+63, Gedung Meneng, Tulang Bawang Regency, Lampung","bc7c6dcb-d4d3-4158-97ac-e447b2878f3f","Wisata Budaya","makam bersejarah, makam minak indah pulun betaro, tubaba, tulang bawang, wisata tulang bawang","0"
"6a6f3397-f81b-4484-823c-26e86d589c0a","Pantai Sari Ringgung","Pantai Sari Ringgung adalah destinasi wisata pantai yang populer di Kabupaten Pesawaran, Lampung. Pantai ini menawarkan keindahan alam yang memukau dengan pasir putih yang lembut, air laut yang jernih, dan pemandangan matahari terbenam yang spektakuler. Keunikan lainnya adalah adanya masjid terapung yang menjadi ikon pantai ini.

Fasilitas:
Area parkir: Luas dan mudah diakses.
Warung makan: Menawarkan berbagai macam makanan dan minuman.
Toilet umum: Tersedia dalam jumlah yang cukup.
Tempat ibadah: Masjid terapung yang menjadi daya tarik utama.
Spot foto: Banyak spot menarik untuk berfoto, seperti di pinggir pantai, masjid terapung, atau di atas bukit kecil.
Penginapan: Tersedia beberapa penginapan di sekitar pantai untuk yang ingin menginap.

Aktivitas yang dapat dilakukan:
Berenang: Menikmati kesegaran air laut.
Berjemur: Bersantai di bawah sinar matahari.
Bermain pasir: Membangun istana pasir atau sekadar bermain bersama anak-anak.
Berselancar: Bagi yang menyukai olahraga air.
Snorkeling: Menikmati keindahan bawah laut.
Memancing: Mencoba keberuntungan menangkap ikan.
Berkunjung ke masjid terapung: Mengambil foto dan menikmati pemandangan laut dari dalam masjid.
Hiking ke bukit: Mendaki bukit kecil untuk menikmati pemandangan pantai dari ketinggian.

Jam operasional:
Pantai Sari Ringgung terbuka untuk umum selama 24 jam. Namun, waktu terbaik untuk berkunjung adalah saat pagi atau sore hari untuk menghindari terik matahari.

Tips:
Bawa perlengkapan pantai: Seperti handuk, sunscreen, topi, dan kacamata hitam.
Jaga kebersihan: Buang sampah pada tempatnya.
Hati-hati saat berenang: Perhatikan ombak dan arus laut.

Tambahan:
Pasir timbul: Fenomena alam unik di mana pasir akan timbul ketika air laut surut.
Aksesibilitas: Akses menuju pantai cukup mudah, baik menggunakan kendaraan pribadi maupun transportasi umum.","Jl. Way Ratai No.KM. 14, Sidodadi, Teluk Pandan, Kabupaten Pesawaran, Lampung 35451","8f6ba969-d3ab-4d75-b8b9-dbc4912f92b2","Wisata Alam","pantai sari ringgung, pesawaran, wisata alam","25000"
"0c90cf6a-efb2-4e1a-b70b-3e609f5fa260","Pantai Pasir Putih","Pantai Pasir Putih Kiluan adalah surga tersembunyi di Lampung, terkenal dengan pasirnya yang lembut, air lautnya yang jernih, dan keindahan bawah lautnya yang menakjubkan. Selain itu, pantai ini juga menjadi habitat bagi lumba-lumba, menjadikan pengalaman liburan Anda semakin berkesan.

Fasilitas:
Area parkir: Luas dan mudah diakses.
Warung makan: Menawarkan berbagai hidangan laut segar.
Toilet umum: Tersedia dalam kondisi bersih.
Tempat bersantai: Gazebo atau bangku-bangku untuk menikmati pemandangan.
Penyewaan perahu: Untuk berkeliling dan melihat lumba-lumba.

Aktivitas yang dapat dilakukan:
Berenang: Nikmati kesegaran air laut yang jernih.
Snorkeling: Jelajahi keindahan bawah laut dan terumbu karang.
Diving: Bagi penyelam profesional, pantai ini menawarkan spot diving yang menarik.
Melihat lumba-lumba: Saksikan atraksi lompatan lumba-lumba di laut lepas.
Berjemur: Relaksasi di bawah sinar matahari sambil menikmati pemandangan.
Memancing: Bagi penggemar memancing, pantai ini menawarkan spot memancing yang menarik.","Teluk, Kiluan Negeri, Kelumbayan, Tanggamus Regency, Lampung 35379","8f6ba969-d3ab-4d75-b8b9-dbc4912f92b2","Wisata Alam","pantai, pantai pasir putih kiluan, tanggamus, wisata alam, wisata pantai","5000"
"ff4fa18a-4c9b-45f5-9ab9-b97cd2d13c72","Alun Alun Simpang Pematang","Alun-alun Simpang Pematang di Mesuji merupakan salah satu destinasi populer bagi warga sekitar maupun pengunjung dari luar daerah. Tempat ini menawarkan suasana yang nyaman dan menyenangkan untuk bersantai, berkumpul bersama keluarga atau teman, serta menikmati berbagai aktivitas. Alun-alun ini memiliki area yang cukup luas dengan rumput hijau yang terawat. Anda bisa bersantai di atas rerumputan, bermain layang-layang, atau sekadar menikmati pemandangan sekitar. Tersedia berbagai fasilitas umum seperti tempat duduk, gazebo, dan jalur untuk berjalan kaki atau bersepeda. Beberapa alun-alun juga dilengkapi dengan taman bermain anak-anak. Di sekitar alun-alun biasanya terdapat banyak pedagang kaki lima yang menjual berbagai macam makanan dan minuman, mulai dari makanan ringan hingga makanan berat. Anda bisa menikmati kuliner khas daerah sambil bersantai di sini. Alun-alun Simpang Pematang umumnya memiliki suasana yang ramah dan penuh keakraban. Anda akan mudah bertemu dengan orang-orang baru dan berinteraksi dengan mereka.","Simpang Pematang, Mesuji Regency, Lampung 34698","78c80a91-ae92-4127-89e6-d56c1c1c470d","Wisata Rekreasi (Buatan)","alun alun, mesuji, simpang pematang, wisata lampung, wisata mesuji","0"
"86039067-67f6-48dd-98ee-619dee4b0389","Pantai Karang Bolong","Pantai Karang Bolong adalah surga tersembunyi bagi para pencinta keindahan alam. Dengan karang bolong yang menjadi ikonnya, pantai ini menawarkan pengalaman yang tak terlupakan. Nikmati keindahan alam yang masih asli, berfoto dengan latar belakang yang unik, atau sekadar bersantai di tepi pantai. Jangan lewatkan kesempatan untuk mengunjungi Pantai Karang Bolong dan ciptakan kenangan indah bersama orang-orang terkasih.

Fasilitas:
Area parkir: Luas dan mudah diakses.
Warung makan: Menawarkan berbagai hidangan laut segar.
Toilet umum: Tersedia dalam kondisi bersih.
Tempat duduk: Untuk bersantai sambil menikmati pemandangan.
Spot foto: Dengan latar belakang karang bolong yang ikonik.

Aktivitas yang dapat dilakukan:
Berfoto: Mengabadikan momen dengan latar belakang karang bolong yang unik.
Berjalan-jalan menyusuri pantai: Menikmati suasana pantai yang tenang.
Berenang: Bagi yang berani, bisa mencoba berenang di sekitar karang.
Memancing: Menikmati hobi memancing dengan pemandangan yang indah.
Piknik: Bersantai bersama keluarga atau teman sambil menikmati bekal makan siang.
Menjelajahi sekitar: Menemukan keindahan alam lainnya di sekitar pantai.","Tegineneng, Limau, Tegineneng, Kec. Limau, Kabupaten Tanggamus, Lampung","8f6ba969-d3ab-4d75-b8b9-dbc4912f92b2","Wisata Alam","pantai, pantai karang bolong, tanggamus, wisata alam, wisata pantai","10000"
"01f828ab-2013-4654-97e9-3788c3526b72","Air Terjun Way Kalam","Air Terjun Way Kalam adalah destinasi wisata alam yang menawarkan keindahan air terjun dengan suasana yang masih asri. Tersembunyi di tengah pepohonan hijau, air terjun ini menjadi tempat yang sempurna untuk melepas penat dan menikmati keindahan alam.

Fasilitas:
Area parkir: Cukup luas untuk menampung kendaraan pengunjung.
Jalur trekking: Jalur setapak menuju air terjun dengan pemandangan yang indah.
Warung makan: Menjual makanan dan minuman ringan.
Toilet umum: Tersedia untuk kenyamanan pengunjung.
Spot foto: Beberapa spot menarik untuk berfoto dengan latar belakang air terjun.

Aktivitas yang Dapat Dilakukan:
Berenang: Berenang di kolam alami di bawah air terjun (jika memungkinkan dan aman).
Trekking: Menjelajahi alam sekitar dan menikmati pemandangan.
Berkemah: Bagi yang ingin menginap, bisa berkemah di area yang telah disediakan (jika ada).
Piknik: Bersantai sambil menikmati pemandangan alam.
Fotografi: Mengabadikan keindahan air terjun dan alam sekitarnya.

Jam Operasional:
Buka setiap hari: 24 jam, namun disarankan untuk berkunjung pada pagi atau sore hari untuk menghindari cuaca yang terlalu panas.

Tips:
Bawa perlengkapan lengkap: Seperti pakaian ganti, sandal, topi, sunscreen, dan kamera.
Jaga kebersihan: Buang sampah pada tempatnya dan jangan merusak lingkungan sekitar.
Hati-hati saat beraktivitas: Terutama saat berenang dan trekking, pastikan kondisi fisik fit dan perhatikan keselamatan.","Way Kalam, Penengahan, Lampung Selatan, Lampung 35592","8f6ba969-d3ab-4d75-b8b9-dbc4912f92b2","Wisata Alam","air terjun way kalam, lampung selatan, wisata alam","15000"
"9e31ccb7-f657-4a0a-85d1-c72a2209e36d","Gunung Batu","Gunung Batu adalah destinasi wisata alam yang unik di Lampung Selatan. Terkenal dengan formasi batuan granit raksasa yang tersebar di area yang luas, tempat ini menawarkan pemandangan alam yang menakjubkan dan menjadi spot foto yang populer.

Fasilitas:
Area parkir: Cukup luas untuk menampung kendaraan pengunjung.
Jalur trekking: Beberapa jalur trekking dengan tingkat kesulitan yang bervariasi.
Spot foto: Banyak spot foto menarik dengan latar belakang batu-batu granit yang unik.
Warung makan: Tersedia warung makan yang menjual makanan dan minuman ringan.
Toilet umum: Tersedia fasilitas toilet untuk pengunjung.

Aktivitas yang Dapat Dilakukan:
Trekking: Menjelajahi berbagai jalur trekking untuk menikmati keindahan alam.
Fotografi: Mengabadikan momen dengan latar belakang batu-batu granit yang unik.
Piknik: Bersantai sambil menikmati pemandangan alam yang indah.
Panjat tebing: (Jika ada area yang diperbolehkan) Bagi yang suka tantangan, bisa mencoba panjat tebing.

Jam Operasional:
Buka setiap hari: 24 jam

Tips:
Pakai alas kaki yang nyaman: Karena Anda akan banyak berjalan.
Bawa air minum yang cukup: Terutama jika Anda melakukan trekking.
Jangan buang sampah sembarangan: Jaga kebersihan lingkungan.
Hati-hati saat memanjat batu: Pastikan Anda dalam kondisi fisik yang fit dan mengikuti petunjuk keselamatan.","HFV2+Q4X, Trimulyo, Tanjung Bintang, South Lampung Regency, Lampung 35361","8f6ba969-d3ab-4d75-b8b9-dbc4912f92b2","Wisata Alam","gunung batu, lampung selatan, wisata alam","10000"
"3bba84ae-9fb5-44b4-8095-efb2fe40a521","Taman Keluarga Bahagia","Taman Keluarga Bahagia adalah destinasi wisata yang menyenangkan bagi seluruh anggota keluarga di Gedung Aji Baru, Tulang Bawang, Lampung. Taman ini menawarkan berbagai fasilitas dan aktivitas yang seru, mulai dari kolam renang, area bermain anak, hingga tempat bersantai. Suasana yang nyaman dan ramah anak membuat taman ini menjadi pilihan yang tepat untuk menghabiskan waktu bersama keluarga.

Fasilitas:

Kolam renang: Tersedia kolam renang untuk dewasa dan anak-anak.
Area bermain anak: tersedia berbagai wahana permainan anak.
Tempat bersantai: Gazebo, kursi taman untuk bersantai.
Toilet umum: Tersedia toilet umum yang bersih dan terawat.
Karaoke keluarga: Fasilitas karaoke untuk bersenang-senang bersama keluarga.
Tempat parkir: Luas dan memadai untuk menampung kendaraan pengunjung.

Aktivitas:

Berenang: Menikmati kesegaran air di kolam renang.
Bermain: Anak-anak dapat bermain di area bermain yang aman dan menyenangkan.
Bersantai: Menikmati suasana tenang di taman sambil membaca buku atau mengobrol.
Karaoke: Bersenang-senang bersama keluarga dengan bernyanyi di ruang karaoke.
Terapi ikan: Mencoba sensasi unik terapi ikan.

Jam Operasional:

Buka 24 jam","RH23+95P, Jl. Lintas Rawajitu, Sidomekar, Kec. Gedung Aji Baru, Kab. Tulang Bawang, Lampung 34595","78c80a91-ae92-4127-89e6-d56c1c1c470d","Wisata Rekreasi (Buatan)","gedung aji baru, taman keluarga bahagia, tulang bawang, wisata buatan","15000"
"9de3fd85-bd78-4807-99dd-4360eb4788c5","Cakat Raya","Cakat Raya adalah destinasi wisata populer di Menggala, Lampung, yang menawarkan pesona alam yang menakjubkan. Tempat ini terkenal dengan miniatur Candi Prambanan yang ikonik, menjadikannya spot foto yang sangat diminati. Selain itu, Cakat Raya juga menawarkan suasana yang tenang dan asri, cocok untuk bersantai dan melepas penat.

Fasilitas:

Area parkir: Luas dan memadai untuk menampung kendaraan pengunjung.
Toilet umum: Tersedia toilet umum yang cukup bersih.
Spot foto: Berbagai spot foto menarik, terutama miniatur Candi Prambanan.
  
Aktivitas :

Berfoto: Mengabadikan momen dengan latar belakang miniatur Candi Prambanan dan pemandangan alam sekitar.
Bersantai: Menikmati suasana tenang di sekitar danau atau sungai.
Piknik: Menikmati bekal makanan bersama keluarga atau teman.
Menjelajah sekitar: Mengeksplorasi area sekitar Cakat Raya.

Jam Operasional:

Buka 24 Jam","H7C6+X5G, Jl. Lintas Sumatra, Menggala, Kec. Menggala Tim., Kab. Tulang Bawang, Lampung 34611","bc7c6dcb-d4d3-4158-97ac-e447b2878f3f","Wisata Budaya","cakat raya, lampung utara, menggala, wisata budaya","0"
"c980e9f6-189f-4ce9-86b1-5407ec370275","Taman Keanekaragaman Hayati Mesuji","Taman Kehati Mesuji adalah salah satu destinasi wisata yang populer di Kabupaten Mesuji, Lampung. Taman ini menawarkan suasana yang asri dan sejuk, menjadikannya tempat yang ideal untuk bersantai dan melepas penat. Dengan berbagai fasilitas dan keindahan alamnya, Taman Kehati menjadi primadona bagi masyarakat sekitar. Taman ini memiliki berbagai jenis tanaman dan pohon yang memberikan suasana asri dan sejuk. Beberapa di antaranya adalah pohon mangga, jambu, dan berbagai jenis tanaman hias. Selain itu, Anda juga bisa menemukan beberapa jenis burung yang menjadikan taman ini sebagai habitatnya. aman Kehati dilengkapi dengan berbagai fasilitas yang menunjang kenyamanan pengunjung, seperti area bermain anak, jogging track, tempat duduk, dan gazebo.Dengan desain yang menarik dan keberadaan berbagai jenis tanaman, taman ini menjadi spot foto yang instagramable. Anda bisa berpose di bawah pohon rindang atau di depan bunga-bunga yang berwarna-warni.","28WF+QW5, Mekar Sari, Tanjung Raya, Mesuji Regency, Lampung 34698","78c80a91-ae92-4127-89e6-d56c1c1c470d","Wisata Rekreasi (Buatan)","mesuji, taman kehati, taman mesuji, waterboom, wisata lampung, wisata mesuji","20000"
"bd99341f-e09f-4226-98e4-db45d22f46ce","Air Terjun Way Tayas","Air Terjun Way Tayas adalah hidden gem di Lampung Selatan yang menawarkan keindahan alam yang masih asri. Dengan ketinggian yang cukup menawan dan suasana yang sejuk, air terjun ini menjadi destinasi yang sempurna untuk melepas penat dan menikmati keindahan alam.

Fasilitas:
Area parkir: Tersedia area parkir untuk kendaraan roda dua maupun roda empat.
Jalur trekking: Jalur setapak yang sudah tertata untuk menuju air terjun.
Warung makan: Menawarkan berbagai macam makanan dan minuman ringan.
Toilet umum: Tersedia toilet umum untuk pengunjung.
Spot foto: Beberapa spot menarik untuk berfoto dengan latar belakang air terjun.
Aktivitas yang Dapat Dilakukan:

Berenang: Berenang di kolam alami di bawah air terjun (jika memungkinkan dan aman).
Trekking: Menjelajahi alam sekitar dan menikmati pemandangan.
Berkemah: Bagi yang ingin menikmati suasana malam di sekitar air terjun (perlu izin).
Piknik: Bersantai sambil menikmati keindahan alam.
Fotografi: Mengabadikan momen indah di sekitar air terjun.

Jam Operasional:
Buka setiap hari pukul 08.00—16.30. Namun, waktu terbaik untuk berkunjung adalah pagi atau sore hari untuk menghindari cuaca yang terlalu panas.

Tips:
Bawa perlengkapan piknik: Jika ingin bersantai di sekitar air terjun.
Kenakan alas kaki yang nyaman: Karena akan banyak berjalan.
Jangan membuang sampah sembarangan: Jaga kebersihan lingkungan sekitar.
Hati-hati saat berenang: Pastikan kondisi air aman sebelum berenang.","5JPC+FQM, Gn., Rajabasa, Kabupaten Lampung Selatan, Lampung 35552","8f6ba969-d3ab-4d75-b8b9-dbc4912f92b2","Wisata Alam","air terjun way tayas, lampung selatan, wisata alam","15000"
"55062690-efbc-4508-9fb0-2d9097bf9b44","Bendungan Simpang Pematang Mesuji","Bendungan Simpang Pematang di Kabupaten Mesuji, Lampung, adalah destinasi wisata yang semakin populer. Dengan keindahan alamnya yang masih asri dan berbagai aktivitas menarik yang ditawarkan, bendungan ini menjadi pilihan tepat untuk menghabiskan waktu bersama keluarga atau teman. Bendungan ini menawarkan pemandangan alam yang indah, dengan air yang tenang dan dikelilingi oleh pepohonan hijau.Selain menikmati keindahan alam, pengunjung juga bisa melakukan berbagai aktivitas menarik seperti memancing, bersepeda, atau piknik. Tersedia fasilitas seperti tempat parkir, toilet, warung makan, dan gazebo untuk bersantai.","X7Q3+PC8, Simpang Pematang, Mesuji Regency, Lampung 34698","78c80a91-ae92-4127-89e6-d56c1c1c470d","Wisata Rekreasi (Buatan)","bendungan, mesuji, simpang pematang, wisata lampung, wisata mesuji","0"
"ccee39f5-fba6-47a5-8acc-66f2ede15e47","Taman Gajah Siwo Mergo","Taman Gajah Siwo Mergo adalah sebuah ikonik di Gunung Sugih, Lampung Tengah, yang menampilkan sembilan patung gajah yang megah. Taman ini tidak hanya menjadi landmark yang menarik, tetapi juga memiliki nilai sejarah dan budaya yang tinggi. Dengan desain yang unik, Taman Gajah Siwo Mergo menjadi tempat yang sempurna untuk bersantai,dan berfoto.

Fasilitas:

Spot foto: Berbagai sudut menarik dengan latar belakang patung gajah yang ikonik.
Jalan setapak: Jalan setapak yang nyaman untuk berjalan-jalan santai.
Informasi wisata: Tersedia papan informasi yang menjelaskan kapan taman ini dibangun.

Aktivitas:

Berfoto: Mengabadikan momen dengan latar belakang patung gajah yang unik.
Berjalan-jalan: Menikmati suasana rindang di taman sambil menikmati udara segar..
Bersantai: Mencari tempat duduk yang nyaman untuk bersantai dan menikmati pemandangan.

Jam Operasional:
Buka dari jam 06.00-20.00","X6W5+RFV, Gunung Sugih, Central Lampung Regency, Lampung 34161","bc7c6dcb-d4d3-4158-97ac-e447b2878f3f","Wisata Budaya","gunung sugih, lampung tengah, taman gajah siwo mergo, wisata buatan","0"
"16a2dc42-a89c-4228-ab8b-628cf5350631","Embung Albaret Mesuji","Embung Albaret merupakan destinasi wisata baru yang tengah naik daun di Kabupaten Mesuji, Lampung. Dengan keindahan alamnya yang masih asri dan fasilitas yang terus dikembangkan, embung ini menjadi pilihan tepat bagi Anda yang ingin melepas penat dari hiruk pikuk kota. Embung Albaret menawarkan pemandangan danau yang luas dengan air yang jernih. Anda bisa menikmati keindahan alam sekitar sambil bersantai di tepi danau. Di sekitar embung terdapat area hijau yang luas dengan pepohonan rindang. Suasana yang sejuk dan asri membuat Anda merasa nyaman dan tenang.Banyak spot foto menarik yang bisa Anda temukan di sekitar embung, mulai dari jembatan kayu hingga gazebo.","X7R3+6G5, Simpang Pematang, Mesuji Regency, Lampung","78c80a91-ae92-4127-89e6-d56c1c1c470d","Wisata Rekreasi (Buatan)","albaret mesuji, embung, mesuji, wisata lampung, wisata mesuji","0"
"e13256d2-820e-4eb3-898f-c590c39a5d3e","Wisata Dermaga Wiralaga Mesuji","Dermaga Wiralaga di Kabupaten Mesuji, Lampung, merupakan salah satu destinasi wisata yang menarik untuk dikunjungi. Terletak di tepi sungai yang tenang, dermaga ini menawarkan pemandangan alam yang indah dan beragam aktivitas yang menyenangkan. Dermaga Wiralaga menyajikan pemandangan sungai yang luas dan tenang. Anda bisa menikmati suasana sore hari sambil menikmati semilir angin sepoi-sepoi.  Bagi Anda yang suka aktivitas air, Anda bisa mencoba memancing, berenang, atau sekadar bermain air di sekitar dermaga. Di sekitar dermaga, Anda bisa menemukan berbagai warung makan yang menyajikan makanan khas daerah. Dengan latar belakang sungai dan alam sekitar, dermaga ini menjadi spot foto yang sangat menarik.","5G42+WXC, Wiralaga II, Mesuji, Mesuji Regency, Lampung 34697","2a86c2ba-96e7-4220-b6da-5a9687402195","Wisata Bahari","mesuji, wiralaga, wiralaga mesuji, wisata mesuji","15000"
"702dfbf3-d8e9-4379-bcb9-55e44c5b90f0","Pantai Banding Resort","Pantai Banding adalah salah satu destinasi wisata pantai yang populer di Lampung Selatan. Dengan pasir putih yang lembut dan air laut yang jernih, pantai ini menawarkan keindahan alam yang menawan. Pantai Banding cocok untuk Anda yang ingin bersantai, bermain air, atau sekadar menikmati pemandangan matahari terbenam.

Fasilitas:
Area parkir: Luas dan mudah diakses.
Warung makan: Menjual berbagai macam makanan dan minuman.
Toilet umum: Tersedia dalam jumlah yang cukup.
Tempat duduk: Tersedia bangku-bangku untuk bersantai.
Penginapan: Beberapa penginapan dan resort tersedia di sekitar pantai.

Aktivitas yang dapat dilakukan:
Berjemur: Nikmati sinar matahari di tepi pantai.
Berenang: Bermain air di laut yang jernih.
Memancing: Bagi Anda yang menyukai aktivitas memancing.
Bermain pasir: Bangun istana pasir atau sekadar bermain dengan pasir.
Bersantai: Nikmati suasana pantai yang tenang dan damai.
Berfoto: Mengabadikan momen indah di pantai.

Jam operasional:
Buka setiap hari pukul 08.45—18.00.

Tips:
Bawa perlengkapan pantai: Seperti handuk, sunscreen, dan topi.
Jaga kebersihan: Buang sampah pada tempatnya.
Hati-hati saat berenang: Perhatikan ombak dan arus laut.

Tambahan:
Olahraga air: Beberapa penyedia jasa menawarkan olahraga air seperti banana boat atau jetski.
Event lokal: Terkadang ada event-event lokal yang diadakan di Pantai Banding, seperti festival atau perlombaan.
Kuliner khas: Jangan lewatkan kesempatan untuk mencicipi kuliner khas Lampung yang tersedia di warung-warung sekitar pantai.","5HQV+HG8, Desa, Banding, Rajabasa, Kabupaten Lampung Selatan, Lampung 35552","8f6ba969-d3ab-4d75-b8b9-dbc4912f92b2","Wisata Alam","lampung selatan, pantai banding, wisata alam","15000"
"85bdfd37-1141-46eb-ba64-71bea7d6b36d","Danau Tirta Gangga","Danau Tirta Gangga, sebuah permata tersembunyi di Lampung Tengah, menawarkan keindahan alam yang menyejukkan. Selain keindahan alamnya, danau ini juga memiliki nilai spiritual yang tinggi, terutama bagi umat Hindu. Tempat ini seringkali dijadikan lokasi upacara ritual adat istiadat tradisional Bali. 

Fasilitas: 
Area parkir luas

Aktivitas: 
Berkeliling danau, berfoto, bersantai, memancing.

Jam Operasional:
Buka dari jam 09.00-17.00","5GRC+XFW, Sakti Buana, Seputih Banyak, Central Lampung Regency, Lampung 34157","8f6ba969-d3ab-4d75-b8b9-dbc4912f92b2","Wisata Alam","danau tirta gangga, lampung tengah, seputih banyak, wisata alam","0"
"0c81a937-fc4b-46f4-81c6-f4f3a71da3e3","Gedung Nuwo Balak dan Sesat Agung","Gedung Nuwo Balak atau Sesat Agung adalah rumah adat tradisional masyarakat Lampung Pepadun yang terletak di Gunung Sugih, Lampung Tengah. Bangunan megah ini memiliki nilai sejarah dan budaya yang tinggi, serta menjadi simbol persatuan dan kebersamaan masyarakat Lampung. 
Fasilitas:

Tersedia tempat parkir yang cukup luas untuk menampung kendaraan pengunjung.
Tersedia fasilitas toilet yang bersih dan memadai.

Aktivitas :

Pengunjung dapat menjelajahi setiap sudut bangunan Nuwo Balak, mulai dari ruang utama, ruang pertemuan, hingga bagian belakang rumah adat.
Jika beruntung, pengunjung dapat menyaksikan atau bahkan ikut serta dalam kegiatan adat yang diselenggarakan di Nuwo Balak.
Nuwo Balak dengan arsitektur yang unik menjadi spot foto yang menarik bagi pengunjung.

Jam Operasional:
Buka 24 Jam","Gunung Sugih, Central Lampung Regency, Lampung 34161","bc7c6dcb-d4d3-4158-97ac-e447b2878f3f","Wisata Budaya","gedung nuwo balak sesat agung, gunung sugih, wisata budaya","0"
"516a9f63-052d-4d41-af00-61288abfb7ab","Sumber Mata Air Krawang","Sumber Mata Air Krawang adalah oasis kesegaran di tengah alam Pringsewu. Nikmati kesegaran air yang jernih dan suasana pedesaan yang tenang. Cocok untuk bersantai dan melepas penat.

Fasilitas:
Area piknik
Toilet umum
Warung makan

Aktivitas:
Piknik
Bersantai
Menikmati pemandangan

Jam Operasional:
Biasanya buka setiap hari","HXR8+MR4, Ambarawa, Pringsewu, Pringsewu Regency, Lampung 35376","8f6ba969-d3ab-4d75-b8b9-dbc4912f92b2","Wisata Alam","pringsewu, sumber mata air krawang, wisata alam","0"
"c2d067b9-ef69-4beb-8337-7e73d43b5227","Bendungan Way Ngison","Bendungan Way Ngison adalah bangunan yang berfungsi sebagai penyuplai air di Way Ngison dengan memanfaatkan Sungai Way Tebu, dihiasi alam yang cocok untuk mencari ketenangan, menikmati keindahan alam yang masih asri, udara segar, dan pemandangan yang menakjubkan. Sempurna untuk bersantai dan melepas penat.

Fasilitas:
Area parkir yang luas
Jalur jogging yang nyaman

Aktivitas:
Bersantai
Jogging
Piknik
Menikmati pemandangan

Jam Operasional:
Terbuka 24 jam","JV4P+5H5, Jl. Raya Way Ngison, Way Ngisom, Kec. Pagelaran, Kabupaten Pringsewu, Lampung 35675","78c80a91-ae92-4127-89e6-d56c1c1c470d","Wisata Rekreasi (Buatan)","bendungan way ngison, pringsewu, wisata buatan","0"
"a2664860-af52-49ba-9b02-378765e64f76","Pantai Karang Indah","Pantai Karang Indah adalah permata tersembunyi di Ketapang, Kecamatan Limau, Kabupaten Tanggamus, Lampung. Dengan pasir putih yang lembut, deburan ombak yang menenangkan, dan pemandangan laut lepas yang memukau, pantai ini menawarkan pelarian sempurna dari hiruk pikuk kota. Keindahan alamnya yang masih alami menjadikannya destinasi favorit bagi para pencinta pantai.

Fasilitas:
Area parkir: Luas dan mudah diakses.
Warung makan: Menawarkan berbagai hidangan laut segar.
Toilet umum: Tersedia dalam kondisi bersih.
Tempat duduk: Untuk bersantai sambil menikmati pemandangan.
Area bermain anak: (Jika ada, silakan tambahkan)

Aktivitas yang dapat dilakukan:
Berenang menikmati kesegaran air laut.
Berjemur mendapatkan vitamin D sambil bersantai di bawah sinar matahari.
Memancing
Piknik menikmati bekal makan siang bersama keluarga atau teman.
Fotografi menangkap momen indah dengan latar belakang pantai yang menakjubkan.","Jl pantai sukabanjar ds Cuku Betung kec Kotaagung timur, Jl pantai sukabanjar, Kec. Kota Agung, timur, Lampung 35383","8f6ba969-d3ab-4d75-b8b9-dbc4912f92b2","Wisata Alam","pantai, pantai karang indah, tanggamus, wisata alam, wisata pantai","10000"
"41057bd8-97cc-4d1f-89a4-3443793d7d06","Rumah Makan, Pemancingan dan Villa Novi","Rumah Makan dan Pemancingan Novi adalah tempat yang tepat untuk bersantap sambil menikmati suasana alam yang tenang. Nikmati segarnya ikan hasil pancingan sendiri atau hidangan laut lainnya yang diolah dengan bumbu khas.

Fasilitas:
Kolam pemancingan yang luas
Saung dengan berbagai ukuran
Tempat makan yang nyaman
Area parkir

Aktivitas:
Memancing
Bersantap
Bersantai
Berkumpul bersama keluarga

Jam Operasional:
Biasanya buka setiap hari","JL Raya Sekampuh Jl. Raya Sukoharjo, RT.01/RW.01, Rejosari, Kec. Pringsewu, Kabupaten Pringsewu, Lampung 35373","81b85a03-97bb-4a84-bbe5-fb8fa8a81e9c","Wisata Kuliner","pringsewu, rumah makan pemancingan dan villa novi, wisata kuliner","0"
"aff6f631-6e69-4b4a-b6d2-94ffc9a46edf","Agro Wisata Kebun Jeruk Way Kanan","Way Kanan, Lampung, tidak hanya menawarkan keindahan alam pegunungan dan air terjun, tetapi juga pengalaman wisata yang unik yaitu wisata kebun jeruk. Dengan udara yang sejuk dan pemandangan perkebunan yang hijau, wisata ini menjadi pilihan menarik bagi Anda yang ingin merasakan sensasi memetik jeruk langsung dari pohon. Kebun jeruk di Way Kanan umumnya terletak di daerah perbukitan dengan udara yang sejuk dan pemandangan yang hijau. Suasana yang tenang dan jauh dari hiruk pikuk kota sangat cocok untuk melepas penat. Pengunjung dapat belajar tentang proses pemetikan jeruk yang baik dan benar. Anda bisa menikmati jeruk segar langsung dari pohon dengan berbagai jenis yang memiliki rasa manis dan segar.Selain menikmati jeruk segar, Anda juga bisa membeli berbagai produk olahan jeruk seperti selai, permen, atau sirup.","6HVQ+28M, Bengkulu Rejo, Gunung Labuhan, Way Kanan Regency, Lampung 34768","18ac88c6-7cfa-4a02-bd37-9be79d112fa1","Wisata Agro","agro jeruk, agro wisata, kebun jeruk, way kanan, wisata lampung, wisata way kanan","10000"
"0a85177a-4e0c-4753-a343-2c3626387917","Pantai Pihabung","Pantai Pihabung adalah pantai yang indah di Sukuabanjar, Kecamatan Kt. A. Timur, Kabupaten Tanggamus, Provinsi Lampung. Pantai ini memiliki pasir putih yang lembut, air laut yang jernih, dan pemandangan yang menakjubkan. Pantai Pihabung juga memiliki beberapa fasilitas, seperti toilet, tempat parkir, dan warung makan.

Fasilitas:
Toilet
Tempat parkir
Warung makan

Aktivitas yang dapat dilakukan:
Berenang
Berjemur
Menikmati pemandangan","Kagungan, Kota Agung Barat, Tanggamus Regency, Lampung","8f6ba969-d3ab-4d75-b8b9-dbc4912f92b2","Wisata Alam","pantai, pantai pihabung, tanggamus, wisata alam, wisata pantai","5000"
"e9001d6f-5566-42eb-a1fc-81272c4edd55","Kayra Pemancingan Way Kanan","Pemancingan Kayra di Way Kanan, Lampung, merupakan destinasi yang sangat digemari oleh para pemancing. Terletak di tengah alam yang masih asri, tempat ini menawarkan pengalaman memancing yang tak terlupakan. Dengan keindahan alamnya yang memukau dan potensi ikan yang melimpah, Pemancingan Kayra menjadi surga bagi para penggemar olahraga memancing. Dikelilingi oleh pemandangan alam yang hijau dan asri, memancing di Kayra akan menjadi pengalaman yang sangat menyenangkan.Umumnya, tempat pemancingan ini menyediakan fasilitas yang cukup lengkap, seperti pondok-pondok untuk bersantai, warung makan, dan toilet. Jauh dari hiruk pikuk kota, Pemancingan Kayra menawarkan suasana yang tenang dan nyaman untuk bersantai sambil memancing.","HW59+M9J, Negara Jaya, Negeri Besar, Way Kanan Regency, Lampung 34769","2a86c2ba-96e7-4220-b6da-5a9687402195","Wisata Bahari","mancing, pemancingan, way kanan, wisata way kanan","19999"
"38fa2eaa-0e0a-46f6-bcae-a219bfc40af8","Pantai Terbaya","Pantai Terbaya adalah pantai yang indah di Terbaya, Kecamatan Kt. Agung, Kabupaten Tanggamus, Provinsi Lampung. Pantai ini memiliki pasir putih yang lembut, air laut yang jernih, dan pemandangan yang menakjubkan. Pantai Terbaya juga memiliki beberapa fasilitas, seperti toilet, tempat parkir, dan warung makan.

Fasilitas:
Toilet
Tempat parkir
Warung makan
Pondokan

Aktivitas yang dapat dilakukan:
Berenang
Berjemur
Menikmati pemandangan","FJVP+WH2, Terbaya, Kota Agung, Tanggamus Regency, Lampung","8f6ba969-d3ab-4d75-b8b9-dbc4912f92b2","Wisata Alam","pantai, pantai terbaya, tanggamus, wisata alam, wisata pantai","20000"
"5ca1eae8-c65d-422b-a19f-d8bf6175942b","Pantai Digul","Pantai Digul adalah pantai yang indah di Tanjung Agung, Kecamatan Kt. A. Barat, Kabupaten Tanggamus, Provinsi Lampung. Pantai ini memiliki pasir putih yang lembut, air laut yang jernih, dan pemandangan yang menakjubkan. Pantai Digul juga memiliki beberapa fasilitas, seperti toilet, tempat parkir, dan warung makan.

Fasilitas:
Toilet
Tempat parkir
Warung makan

Aktivitas yang dapat dilakukan:
Berenang
Berjemur
Menikmati pemandangan","FHQ7+HF, Tanjung Agung, Tanggamus Regency, Lampung","8f6ba969-d3ab-4d75-b8b9-dbc4912f92b2","Wisata Alam","pantai, pantai digul, wisata alam, wisata pantai","15000"
"55fb2ccd-4749-4556-a511-a196222117a1","Pantai Saw Mill","Pantai Sawmill adalah pantai yang indah di Karang Anyar, Kecamatan Wonosobo, Kabupaten Tanggamus, Provinsi Lampung. Pantai ini memiliki pasir putih yang lembut, air laut yang jernih, dan pemandangan yang menakjubkan. Pantai ini juga memiliki tempat pelelangan ikan yang memungkinkan dapat dikembangkan menjadi obyek wisata kuliner.

Fasilitas:
Toilet
Tempat parkir
Warung makan

Aktivitas yang dapat dilakukan:
Berenang
Berjemur
Menikmati pemandangan","FGGX+C92, Jl. Raya Pekon Karang Anyar, Karang Anyar, Wonosobo, Kabupaten Tanggamus, Lampung","8f6ba969-d3ab-4d75-b8b9-dbc4912f92b2","Wisata Alam","pantai, pantai sawmill, tanggamus, wisata alam","10000"
"eb4a6e9f-0a5d-4c76-8512-ffd4c7b43557","Bukit Puncak Pangonan","Bukit Puncak Pangonan adalah destinasi wisata yang menawarkan keindahan alam yang menakjubkan dan spot foto yang instagramable. Nikmati suasana yang tenang dan segar sambil bersantai bersama keluarga dan teman.

Fasilitas:
Area parkir yang luas
Gazebo untuk bersantai
Spot foto yang beragam

Aktivitas:
Bersantai
Berfoto
Piknik
Menikmati pemandangan
Trekking ringan

Jam Operasional:
Terbuka dari jam 07.00 - 18.00","Fajar Esuk RT.4, RT.4/RW.3, Fajar Esuk, Kec. Pringsewu, Kabupaten Pringsewu, Lampung 35373","8f6ba969-d3ab-4d75-b8b9-dbc4912f92b2","Wisata Alam","bukit puncak pangonan, pringsewu, wisata alam","5000"
"d98e5921-ebc9-496f-868a-0d4019e921a8","Bukit Silitonga","Bukit Silitonga adalah tempat bagi pecinta alam dan petualangan. Menikmati keindahan alam yang masih asri, udara segar, dan pemandangan yang menakjubkan dari ketinggian. Cocok untuk trekking, camping, dan menikmati suasana tenang. Selain itu Bukit Silitonga juga merupakan tempat bersejarah yang dimana wilayah tersebut, Kapten Darius Silitonga dan pasukannya dengan dibantu oleh Francois Van der Linde berhasil menghalau pesawat tempur Belanda yang akan menyerang Kota Pringsewu.

Fasilitas:
Jalur trekking yang menantang
Spot foto

Aktivitas:
Trekking
Camping
Menikmati pemandangan
Fotografi

Jam Operasional:
Terbuka 24 jam","M285+X3X, Sukoharjo IV, Sukoharjo, Pringsewu Regency, Lampung 35373","8f6ba969-d3ab-4d75-b8b9-dbc4912f92b2","Wisata Alam","bukit silitonga, pringsewu, wisata alam","0"
"a1a8e448-844e-4d7c-a43b-9cd2b48740f4","Kolam Renang Tirto Asri","Kolam Renang Tirto Asri adalah tempat rekreasi keluarga yang menyenangkan di Pringsewu. Nikmati kesegaran air, berbagai wahana, dan suasana yang nyaman. Cocok untuk menghabiskan waktu bersama keluarga dan teman.

Fasilitas:
Kolam renang dewasa dan anak
Seluncuran
Gazebo
Area bermain anak

Aktivitas:
Berenang
Bermain seluncuran
Piknik
Bermain di area bermain

Jam Operasional:
Biasanya buka setiap hari, namun sebaiknya konfirmasi terlebih dahulu.","Jl. Raya Wates No.16, Wonodadi, Kec. Gading Rejo, Kabupaten Pringsewu, Lampung 35372","78c80a91-ae92-4127-89e6-d56c1c1c470d","Wisata Rekreasi (Buatan)","kolam renang tirto asri, pringsewu, wisata buatan","15000"
"7f89abf1-d08c-4a0d-bbcb-8f5f781ccae5","Kolam Renang Grojogan Sewu","Kolam Renang Grojogan Sewu adalah tempat yang sempurna untuk menghabiskan waktu bersama keluarga dan teman. Menikmati kesegaran air dan berbagai fasilitas rekreasi yang tersedia. Cocok untuk bersantai, bermain air, dan bersenang-senang.

Fasilitas:
Kolam renang dewasa dan anak
Seluncuran
Gazebo

Aktivitas:
Berenang
Bermain seluncuran
Bersantai
Piknik

Jam Operasional:
Biasanya buka setiap hari","JXX7+FPM, Jl. Kejaksaan, Pringsewu Bar., Kec. Pringsewu, Kabupaten Pringsewu, Lampung 35373","78c80a91-ae92-4127-89e6-d56c1c1c470d","Wisata Rekreasi (Buatan)","kolam renang grojongan sewu, pringsewu, wisata buatan","25000"
"9babcf93-59a6-4dff-8bec-4b7bfe93f358","Pura Giri Sutra Mandala","Pura Giri Sutra Mandala adalah sebuah pura Hindu yang indah dan mempesona. Terletak di Pujorahayu, Lampung, pura ini menawarkan suasana yang tenang dan damai untuk bersembahyang dan merenung.

Fasilitas:
Area parkir yang luas
Tempat sembahyang yang nyaman
Taman yang indah
Tempat istirahat

Aktivitas:
Bersembahyang
Meditasi
Berfoto
Belajar tentang budaya Hindu

Jam Operasional :
Buka dari jam 09.00 -17.00 WIB","M385+2RX, Pujorahayu, Negeri Katon, Pesawaran Regency, Lampung 35372","b9610dfe-3fdf-498e-a987-b466cb39fe9f","Wisata Religi","pringsewu, pura giri sutra mandala, wisata religi","0"
"cb929f85-d10a-4c09-a524-e21062f8cc14","Pantai Harapan Way Gelang","Pantai Harapan adalah pantai yang indah di Kabupaten Tanggamus, Provinsi Lampung. Pantai ini memiliki pasir putih yang lembut, air laut yang jernih, dan pemandangan yang menakjubkan. Pantai Harapan juga memiliki beberapa fasilitas, seperti toilet, tempat parkir, dan warung makan.

Fasilitas:
Toilet
Tempat parkir
Warung makan

Aktivitas yang dapat dilakukan:
Berenang
Berjemur
Menikmati pemandangan","FHXR+M9W Tim, Way Gelang, Kec. Kota Agung Tim., Kabupaten Tanggamus, Lampung","8f6ba969-d3ab-4d75-b8b9-dbc4912f92b2","Wisata Alam","pantai, pantai harapan, tanggamus, wisata alam, wisata pantai","0"
"828ae19b-aa9f-4ef6-83f0-babff7ed4d57","Pantai Mulang Sayang","Pantai Mulang Sayang adalah pantai yang terletak di Way Nipah, Kecamatan Pematang Sawa, Kabupaten Tanggamus, Lampung. Pantai ini memiliki pasir putih yang lembut dan air laut yang jernih. Pantai ini juga memiliki pemandangan yang indah, dengan pegunungan di latar belakang.

Fasilitas:
Toilet
Tempat parkir
Warung makan

Aktivitas yang dapat dilakukan:
Berenang
Berjemur
Menikmati pemandangan","Jalan Raya Way Nipah, Way Nipah, Kec. Pematang Sawa, Kabupaten Tanggamus, Lampung 35382","8f6ba969-d3ab-4d75-b8b9-dbc4912f92b2","Wisata Alam","pantai, pantai mulang sayang, tanggamus, wisata alam, wisata pantai","0"
"6c93e90c-ac03-4a83-8013-8002a729e49c","Pemandian Air Panas Jukuh Batu Way Kanan","Pemandian Air Panas Juku Batu merupakan salah satu destinasi wisata yang populer di Kabupaten Way Kanan, Lampung. Terkenal dengan air panas alami yang berkhasiat, tempat ini menawarkan pengalaman relaksasi yang unik di tengah keindahan alam.Air panas yang keluar dari sumber alami dipercaya memiliki khasiat untuk kesehatan, seperti meredakan nyeri otot, meningkatkan sirkulasi darah, dan menyegarkan tubuh.Terletak di kawasan yang dikelilingi oleh pepohonan hijau dan udara segar, pemandian ini menawarkan pemandangan alam yang indah dan menenangkan.
Umumnya, pemandian air panas ini dilengkapi dengan kolam renang air panas, kamar mandi, dan tempat beristirahat. Beberapa tempat bahkan menyediakan penginapan bagi pengunjung yang ingin menginap lebih lama.","4CWQ+9X9, Juku Batu, Banjit, Way Kanan Regency, Lampung 34766","78c80a91-ae92-4127-89e6-d56c1c1c470d","Wisata Rekreasi (Buatan)","pemandian air panas, sauna, way kanan, wisata way kanan","10000"
"9f7fb803-d7ed-4c5e-9de2-e757fe4b8459","Taman Nasional Way Kambas","Taman Nasional Way Kambas adalah taman nasional yang terletak di Kabupaten Lampung Timur, Lampung. Taman ini memiliki luas sekitar 1.300 km² dan merupakan salah satu taman nasional terbesar di Indonesia. Taman Nasional Way Kambas juga merupakan rumah bagi berbagai macam satwa liar, termasuk gajah, harimau, dan badak.

Fasilitas:
Pusat informasi
Jalur trekking
Menara pandang
Pusat rehabilitasi gajah

Aktivitas yang dapat dilakukan:
Trekking
Menyaksikan satwa liar
Berkunjung ke pusat rehabilitasi gajah","3QCG+XQ Hutan, East Lampung Regency, Lampung","2a86c2ba-96e7-4220-b6da-5a9687402195","Wisata Bahari","lampug timur, taman nasional, way kambas, wisata bahari","40000"
"566e1ff8-9c6e-4ece-abcc-52f6ba5ef1a9","Curug Pangkalan Batu","Curug Pangkalan Batu adalah salah satu curug yang ada di wilayah Way Kanan, Lampung. Curug ini terkenal akan kebersihan dan kejernihan airnya, banyak orang sering mengira curug ini mirip dengan Curug Putri Malu atau Air Terjun Putri Malu karena yang letaknya cukup dekat yaitu di samping kiri air terjun tersebut.","8CM6+4W7, Unnamed Road, Kota Way, Kec. Kasui, Kabupaten Way Kanan, Lampung 34767","8f6ba969-d3ab-4d75-b8b9-dbc4912f92b2","Wisata Alam","curup, pangkalan batu, way kanan, wisata lampung, wisata way kanan","5000"
"b5fd7d3c-cdf1-49b5-8b52-37fd95c9ccd0","Pantai Kerang Mas","Pantai Kerang Mas adalah pantai yang terletak di Kecamatan Labuhan Maringgai, Kabupaten Lampung Timur, Lampung. Pantai ini memiliki pasir putih yang bersih dan air laut yang jernih. Pantai Kerang Mas juga merupakan tempat yang populer untuk berenang, berjemur, dan bermain pasir.

Fasilitas:
Toilet
Warung makan
Tempat parkir


Aktivitas yang dapat dilakukan:
Berenang
Berjemur
Bermain pasir","Kampung Sero, Muara Gading MAS, Kec. Labuhan Maringgai, Kabupaten Lampung Timur, Lampung","8f6ba969-d3ab-4d75-b8b9-dbc4912f92b2","Wisata Alam","kerang mas, lampung timur, pantai, wisata alam","10000"
"d7eb9a58-27a8-4311-9b5e-650a83ce8922","Makam Malik Abdullah","Makam Malik Abdullah adalah tempat peristirahatan terakhir seorang waliyullah yang menjadi tujuan ziarah bagi umat Islam. Terletak di Bandar Surabaya, Lampung, makam ini menawarkan suasana tenang dan damai untuk beribadah dan merenung.

Fasilitas:

Tempat wudhu yang bersih
Toilet

Aktivitas:

Ziarah
Berdoa
Membaca Al-Quran
Belajar sejarah Islam

Jam Operasional:

Buka jam 09.00 - 17.00 WIB

Tips:

Sebaiknya berpakaian sopan dan rapi saat mengunjungi makam.
Jaga kebersihan dan ketenangan selama berada di area makam.","8PHG+84V, Surabaya Ilir, Bandar Surabaya, Central Lampung Regency, Lampung 34164","b9610dfe-3fdf-498e-a987-b466cb39fe9f","Wisata Religi","lampung tengah, makam malik abdullah, wisata religi","0"
"41acb503-cacc-4091-ba8a-05151b8c5465","Water World Lampung","Water World Lampung adalah taman air yang terletak di Way Huwi, Kecamatan Jati Agung, Kabupaten Lampung Selatan, Lampung. Taman air ini menawarkan berbagai macam wahana air yang seru dan menyenangkan untuk semua usia.

Fasilitas:
Kolam renang ombak
Seluncur air
Lazy river
Kolam anak-anak
Restoran
Toko souvenir

Aktivitas yang dapat dilakukan:
Bermain di kolam renang ombak
Mencoba seluncur air yang seru
Bersantai di lazy river
Bermain di kolam anak-anak
Menikmati makanan di restoran
Membeli souvenir di toko souvenir

Jam operasional:
Senin - Minggu: 09.00 - 18.00 WIB

Tips:
Datanglah lebih awal untuk menghindari antrian panjang.
Bawalah pakaian renang dan handuk.
Gunakan tabir surya untuk melindungi kulit Anda dari sinar matahari.
Tetap waspada dan ikuti petunjuk keselamatan.

Akomodasi terdekat:
Hotel Grand Elty Krakatau (jarak 1,5 km)
Hotel Sentral (jarak 1,7 km)
Hotel Bumi Kedaton (jarak 2,1 km)","M824+2QC, Way Huwi, Jati Agung, Lampung Selatan, Lampung 35365","78c80a91-ae92-4127-89e6-d56c1c1c470d","Wisata Rekreasi (Buatan)","lampung selatan, water world lampung, wisata buatan","45000"
"61668fce-1c7a-4310-b979-58f42218834e","Curug Cangkah Kidau Way Kanan","Curug Cangkah Kidau adalah salah satu destinasi wisata alam yang semakin populer di Kabupaten Way Kanan, Lampung. Terletak di tengah keindahan alam yang masih asri, curug ini menawarkan pesona yang memukau bagi para pengunjungnya.Curug Cangkah Kidau dikelilingi oleh hutan hujan tropis yang lebat, sehingga suasana di sekitar curug terasa sangat sejuk dan tenang.Curahan air yang deras dari ketinggian menciptakan pemandangan yang sangat indah. Suara gemericik air yang jatuh semakin menambah keindahan alam di sekitar curug.Di bawah curahan air, biasanya terbentuk kolam alami yang jernih dan segar. Pengunjung dapat berenang atau sekadar merendamkan kaki di kolam ini.Nama ""Cangkah Kidau"" memiliki makna yang menarik. ""Cangkah"" berarti naik atau tinggi, sedangkan ""Kidau"" berarti sebelah kiri. Nama ini merujuk pada letak geografis curug yang berada di perbukitan dan aliran airnya yang berasal dari sebelah kiri.","6CWR+QXP, Kedaton, Kasui, Way Kanan Regency, Lampung 34765","8f6ba969-d3ab-4d75-b8b9-dbc4912f92b2","Wisata Alam","air terjun, cangkah kidau, curug, way kanan, wisata lampung, wisata way kanan","20000"
"8ed7dbaf-9397-4871-bb9f-1dd482b2a6bc","Curug Tahmi Way Kanan","Curug Tahmi adalah salah satu destinasi wisata alam yang patut Anda kunjungi di Kabupaten Way Kanan, Lampung. Terletak di tengah keindahan alam yang masih asri, curug ini menawarkan pesona yang memukau bagi para pengunjungnya.Curug Tahmi dikelilingi oleh hutan hujan tropis yang lebat, sehingga suasana di sekitar curug terasa sangat sejuk dan tenang.Curahan air yang deras dari ketinggian menciptakan pemandangan yang sangat indah. Suara gemericik air yang jatuh semakin menambah keindahan alam di sekitar curug.Di bawah curahan air, biasanya terbentuk kolam alami yang jernih dan segar. Pengunjung dapat berenang atau sekadar merendamkan kaki di kolam ini.","9996+G97, Karya Maju, Rebang Tangkas, Way Kanan Regency, Lampung 34767","8f6ba969-d3ab-4d75-b8b9-dbc4912f92b2","Wisata Alam","curup, tahmi, way kanan, wisata lampung, wisata way kanan","10000"
"88862468-1135-4dc7-8c27-b54f6640511f","Centro Futsal & Waterboom","Centro Futsal & Waterboom adalah tempat rekreasi yang seru dan lengkap di Bandar Jaya. Nikmati keseruan bermain futsal di lapangan indoor berstandar atau sejukkan diri di wahana waterboom yang menyegarkan. Cocok untuk semua usia, baik untuk berolahraga, bermain bersama keluarga, atau sekadar bersantai.

Fasilitas:

Lapangan futsal indoor
Kolam renang dewasa dan anak
Seluncuran
Gazebo
Ruang ganti dan toilet
Parkir luas

Aktivitas:

Bermain futsal
Berenang
Bermain seluncuran
Bersantai di gazebo
Mengadakan acara

Jam Operasional:

Buka setiap hari, jam 09.00 - 17.00 wib

Tips:

Sebaiknya membawa perlengkapan renang jika ingin bermain air.
Jaga kebersihan dan ketertiban selama berada di area Centro Futsal & Waterboom.","Jl. Jenderal Sudirman No.100, Bandar Jaya Tim., Kec. Terbanggi Besar, Kabupaten Lampung Tengah, Lampung 34163","78c80a91-ae92-4127-89e6-d56c1c1c470d","Wisata Rekreasi (Buatan)","bandar jaya, centro futsal , lampung tengah, wisata buatan","25000"
"b614b33f-ff6a-4f0d-b192-49e88160128d","Pisang Bridge River Way Kanan","Jembatan Pisang merupakan salah satu infrastruktur penting di Kabupaten Way Kanan, Lampung. Jembatan ini tidak hanya berfungsi sebagai penghubung antar wilayah, namun juga menjadi salah satu daya tarik wisata tersendiri. Terletak di kawasan yang dikelilingi oleh alam yang indah, Jembatan Pisang menawarkan pemandangan yang menawan dan menjadi spot foto yang populer.Jembatan Pisang seringkali memiliki desain yang unik, baik dari segi bentuk maupun material yang digunakan. Ada yang berdesain modern dengan konstruksi baja, ada pula yang lebih tradisional dengan bahan kayu.Jembatan ini biasanya dibangun melintasi sungai atau lembah, sehingga menawarkan pemandangan alam yang indah. Pengunjung dapat menikmati panorama alam sekitar sambil berjalan di atas jembatan.Dengan latar belakang alam yang menakjubkan, Jembatan Pisang menjadi spot foto yang sangat populer, terutama bagi para pecinta fotografi.","PHHR+QH, Bumi Harjo, Buay Bahuga, Way Kanan Regency, Lampung 34767","8f6ba969-d3ab-4d75-b8b9-dbc4912f92b2","Wisata Alam","jembatan, pisang bridge, sungai, wisata lampung, wisata way kanan","0"
"265f732e-9b2e-4e20-b676-a76eff6b57c2","Danau Way Jepara","Danau Way Jepara adalah danau yang terletak di Kecamatan Way Jepara, Kabupaten Lampung Timur, Lampung. Danau ini memiliki luas sekitar 100 hektar dan merupakan salah satu danau terbesar di Lampung. Danau Way Jepara juga merupakan tempat yang populer untuk memancing, berenang, dan berpiknik.

Fasilitas:
Area memancing
Area berenang
Area piknik

Aktivitas yang dapat dilakukan:
Memancing
Berenang
Berpiknik","Jalan Simpang Danau, Sumberjo, Kec. Way Jepara, Kabupaten Lampung Timur, Lampung 34396","8f6ba969-d3ab-4d75-b8b9-dbc4912f92b2","Wisata Alam","danau wayjepara, lampung timur, wisata alam","0"
"9155f09c-aa5f-4570-bc0f-331ef9881366","Wisata Curug Jepun Way Kanan","Curug Jepun adalah salah satu destinasi wisata alam yang semakin populer di Kabupaten Way Kanan, Lampung. Nama ""Jepun"" yang unik ini mungkin merujuk pada suatu ciri khas dari air terjun ini, seperti bentuknya yang menyerupai kipas (jepit) atau mungkin ada cerita menarik di balik penamaan tersebut.Curug Jepun menawarkan keindahan alam yang masih sangat alami. Dikelilingi oleh pepohonan hijau yang rimbun, suara gemericik air yang jatuh dari ketinggian, serta udara yang segar, membuat suasana di sekitar curug terasa sangat menenangkan.Curug ini biasanya memiliki kolam alami yang terbentuk di bawahnya, sehingga pengunjung dapat berenang atau bermain air sepuasnya.Dengan latar belakang curug yang indah dan alam sekitar yang asri, Curug Jepun menjadi spot foto yang sangat menarik.","Negeri Baru, Umpu, Semenguk, Way Kanan Regency, Lampung 34764","8f6ba969-d3ab-4d75-b8b9-dbc4912f92b2","Wisata Alam","curug, curug jepun, way kanan, wisata lampung, wisata way kanan","10000"
"95840956-fb2c-40fb-ad32-185fdc443c55","Goa Pandan","Goa Pandan adalah sebuah gua alam yang terletak di Lampung Timur. Gua ini menawarkan keindahan stalaktit dan stalagmit yang unik, serta suasana yang sejuk dan tenang. Bagi para pecinta alam dan penjelajah gua, Goa Pandan menjadi destinasi yang menarik untuk dikunjungi.

Fasilitas:
Jalur masuk: Jalur setapak yang sudah tertata untuk menuju mulut gua.
Penerangan: Penerangan di dalam gua untuk memudahkan pengunjung melihat keindahan stalaktit dan stalagmit.
Area parkir: Tersedia area parkir untuk kendaraan pengunjung.
Warung makan: Biasanya terdapat warung makan di sekitar area parkir untuk memenuhi kebutuhan makan dan minum.

Aktivitas yang dapat dilakukan:
Eksplorasi gua: Menjelajahi keindahan stalaktit dan stalagmit di dalam gua.
Fotografi: Mengabadikan keindahan alam gua dengan kamera.
Berkemah: Bagi yang ingin bermalam, bisa berkemah di area sekitar gua (jika diizinkan).
Trekking ringan: Menjelajahi area sekitar gua untuk menikmati pemandangan alam.

Jam operasional:
Pukul 09.00 — 17.20, namun disarankan untuk mengunjungi pada siang hari agar lebih aman dan jelas melihat keindahan gua.

Tips:
Bawa senter: Meskipun ada penerangan, membawa senter pribadi akan sangat membantu.
Kenakan sepatu yang nyaman: Jalur menuju gua bisa licin, jadi pastikan menggunakan sepatu yang tepat.
Jangan merusak stalaktit dan stalagmit: Jaga kelestarian alam gua dengan tidak merusak ornamen alamnya.
Waspada terhadap hewan: Beberapa gua bisa menjadi habitat bagi hewan seperti kelelawar, jadi tetap waspada.","JM59+HV9, Giri Mulyo, Marga Sekapung, Lampung Timur, Lampung 34384","8f6ba969-d3ab-4d75-b8b9-dbc4912f92b2","Wisata Alam","goa pandan, lampung timur, wisata alam","0"
"79fbeb19-07db-433e-8158-0320088ea621","Goa Maria","Goa Maria adalah tempat suci bagi umat Katolik dan destinasi wisata religi yang menarik untuk dikunjungi. Terletak di Seputih Mataram, Lampung Tengah, goa ini menawarkan suasana yang tenang dan damai. Nikmati keindahan alam sekitar sambil merenung dan berdoa.

Fasilitas:

Area parkir yang luas
Tempat duduk untuk beristirahat dan berdoa

Aktivitas:

Berdoa
Berfoto
Menikmati pemandangan

Jam Operasional:

Terbuka 24 jam

Tips:

Sebaiknya berpakaian sopan dan rapi saat mengunjungi Goa Maria.
Jaga kebersihan dan ketenangan selama berada di area goa.","48V7+8X9, Fajar Mataram, Seputih Mataram, Central Lampung Regency, Lampung 34164","b9610dfe-3fdf-498e-a987-b466cb39fe9f","Wisata Religi","goa maria, lampung tengah, seputih, wisata religi","0"
"f67769b8-b8a7-46d3-8afb-8cb580b62a50","Wisata Air Terjun Kinciran","Air Terjun Kinciran adalah salah satu destinasi wisata alam yang semakin populer di Kabupaten Way Kanan, Lampung. Nama ""Kinciran"" yang unik ini mungkin merujuk pada bentuk aliran airnya yang menyerupai kincir atau mungkin ada cerita menarik di balik penamaan tersebut.Air Terjun Kinciran menawarkan keindahan alam yang masih sangat alami. Dikelilingi oleh pepohonan hijau yang rimbun, suara gemericik air yang jatuh dari ketinggian, serta udara yang segar, membuat suasana di sekitar air terjun terasa sangat menenangkan.Air terjun ini biasanya memiliki kolam alami yang terbentuk di bawahnya, sehingga pengunjung dapat berenang atau bermain air sepuasnya.Dengan latar belakang air terjun yang indah dan alam sekitar yang asri, Air Terjun Kinciran menjadi spot foto yang sangat menarik.","7J3C+43W, Central Bengkulu, Gunung Labuhan, Way Kanan Regency, Lampung 34768","8f6ba969-d3ab-4d75-b8b9-dbc4912f92b2","Wisata Alam","air terjun, air terjun kinciran, way kanan, wisata lampung, wisata way kanan","20000"
"f39756e0-03d4-43e5-8de2-ccedf461bfe1","Balai Benih Induk Pekalongan","Wisata Balai Benih Induk [BBI] Pekalongan adalah tempat wisata yang terletak di Pekalongan, Lampung Timur. Tempat ini menawarkan berbagai macam tanaman dan hewan yang dapat dilihat oleh pengunjung.

Fasilitas:
Berbagai macam tanaman dan hewan
Area bermain anak
Tempat piknik

Aktivitas yang dapat dilakukan:
Melihat tanaman dan hewan
Bermain di area bermain anak
Berpiknik","Jl. Pertanian No.18, Pekalongan, Kec. Pekalongan, Kabupaten Lampung Timur, Lampung 34391","18ac88c6-7cfa-4a02-bd37-9be79d112fa1","Wisata Agro","bbi pekalongan, lampung timur, wisata agro","0"
"4f946a3a-74e8-4b62-b3bb-28851ff03b3c","Air Terjun Putri Munggah Lanang Way Kanan","Air Terjun Putri Munggah Lanang merupakan salah satu destinasi wisata alam yang cukup populer di Kabupaten Way Kanan, Lampung. Nama yang indah dan unik ini seakan mengajak kita untuk menjelajahi keindahan alam yang tersembunyi di baliknya.Konon, nama ""Putri Munggah Lanang"" berasal dari sebuah legenda setempat yang menceritakan tentang seorang putri yang sering mandi di air terjun ini. Cerita rakyat ini menambah daya tarik tersendiri bagi tempat wisata ini.Selain legendanya yang menarik, air terjun ini juga menawarkan keindahan alam yang memukau. Dikelilingi oleh pepohonan hijau yang rimbun, suara gemericik air yang jatuh dari ketinggian, serta kolam alami yang jernih, membuat suasana di sekitar air terjun terasa sangat tenang dan menyegarkan.Air Terjun Putri Munggah Lanang memiliki potensi yang sangat besar untuk dikembangkan menjadi destinasi wisata yang lebih baik lagi. Beberapa aktivitas yang bisa dilakukan di sini antara lain","Bumi Harjo, Buay Bahuga, Way Kanan Regency, Lampung 34767","8f6ba969-d3ab-4d75-b8b9-dbc4912f92b2","Wisata Alam","air terjun, putrimunggahlanang, way kanan, wisata way kanan","15000"
"8557721f-a730-4f71-a4cd-858fe643ada7","Pemandian Air Panas Perdana Wisata Lestari","Pemandian Air Panas Perdana Wisata Lestari adalah pemandian air panas yang terletak di Jl. Gadjah Mada No.50, Jatimulyo, Kec. Jati Agung, Kabupaten Lampung Selatan, Lampung 35365, Indonesia. Pemandian ini menawarkan air panas alami yang dapat digunakan untuk berendam dan merelaksasi tubuh.

Fasilitas:
Kolam air panas
Kamar mandi
Tempat parkir
Warung makan
Aktivitas yang dapat dilakukan:

Berendam di air panas
Merelaksasi tubuh
Menikmati pemandangan alam

Jam operasional:
Buka setiap hari, 24 jam.

Tips:
Datanglah dengan pakaian yang nyaman dan handuk.
Jangan berendam terlalu lama di air panas.
Minumlah air putih yang cukup setelah berendam.

Akomodasi terdekat:
Hotel Sentral (jarak 1,5 km)
Hotel Bumi Kedaton (jarak 2,1 km)","Jl. Gadjah Mada No.50, Jatimulyo, Kec. Jati Agung, Kabupaten Lampung Selatan, Lampung 35365","8f6ba969-d3ab-4d75-b8b9-dbc4912f92b2","Wisata Alam","lampung selatan, pemandian air panas perdana wisata lestari, wisata alam","10000"
"bb58d4ed-878f-4354-8695-c173366a7bb9","Air Terjun Lembah Hijau Bahuga","Air Terjun Lembah Hijau adalah salah satu destinasi wisata alam yang semakin populer di Kabupaten Way Kanan, Lampung. Terletak di daerah Bahuga, air terjun ini menawarkan keindahan alam yang masih sangat alami dan menyegarkan.Sesuai dengan namanya, air terjun ini dikelilingi oleh pepohonan hijau yang rimbun, menciptakan suasana yang sejuk dan asri.Airnya yang jernih dan segar sangat menggoda untuk berenang atau sekadar merendam kaki.Formasi bebatuan di sekitar air terjun menambah keindahan alamnya, menciptakan pemandangan yang unik dan menarik untuk diabadikan.","PHPQ+9V2, Bumi Harjo, Buay Bahuga, Way Kanan Regency, Lampung 34767","8f6ba969-d3ab-4d75-b8b9-dbc4912f92b2","Wisata Alam","lembah hijau, mekar jaya, way kanan, wisata lampung, wisata way kanan","15000"
"c14cf73e-4210-477b-b327-f31e386ae7dd","Gunung Anak Krakatau","Gunung Anak Krakatau adalah gunung berapi muda yang terbentuk setelah letusan dahsyat Gunung Krakatau pada tahun 1883. Terletak di Selat Sunda, gunung ini menjadi salah satu destinasi wisata yang unik dan menarik bagi para petualang dan pecinta alam. Pemandangan kawah yang aktif dan keindahan alam bawah lautnya menjadi daya tarik utama.

Fasilitas:
Jalur pendakian: Tersedia jalur pendakian yang menantang bagi para pendaki berpengalaman.
Perahu wisata: Untuk mencapai pulau dan menikmati pemandangan dari laut.
Pos pengamatan: Untuk memantau aktivitas vulkanik gunung.
Area berkemah: Tersedia area terbatas untuk berkemah bagi para pendaki.

Aktivitas yang Dapat Dilakukan:
Pendakian: Mencapai puncak gunung untuk melihat pemandangan yang spektakuler.
Snorkeling dan diving: Menjelajahi keindahan bawah laut di sekitar pulau.
Observasi vulkanik: Melihat langsung aktivitas vulkanik gunung dari jarak aman.
Fotografi: Mengabadikan keindahan alam Gunung Anak Krakatau.

Jam Operasional:
Tidak ada jam operasional tetap: Kunjungan ke Gunung Anak Krakatau sangat tergantung pada kondisi cuaca dan aktivitas vulkanik. Sebaiknya selalu cek informasi terbaru sebelum melakukan perjalanan.

Catatan Penting:
Keamanan: Pendakian ke Gunung Anak Krakatau memerlukan izin khusus dan harus didampingi oleh pemandu yang berpengalaman. Aktivitas vulkanik dapat berubah sewaktu-waktu, sehingga keamanan harus menjadi prioritas utama.
Persiapan: Persiapkan fisik dan mental yang kuat, serta perlengkapan pendakian yang lengkap sebelum melakukan pendakian.
Lingkungan: Jaga kebersihan dan kelestarian lingkungan sekitar gunung.

Tips:
Musim terbaik: Kunjungi saat musim kemarau untuk menghindari hujan dan gelombang tinggi.
Perizinan: Pastikan memiliki izin dari pihak berwenang sebelum melakukan pendakian.
Pemandu lokal: Sewa pemandu lokal yang berpengalaman untuk membantu perjalanan Anda.

Tambahan:
Sejarah: Anda bisa menambahkan informasi tentang sejarah letusan Gunung Krakatau dan proses terbentuknya Gunung Anak Krakatau.
Ekosistem: Jelaskan keunikan ekosistem di sekitar gunung, seperti flora dan fauna yang ada.
Pentingnya konservasi: Tekankan pentingnya menjaga kelestarian lingkungan Gunung Anak Krakatau.","Pulau Anak Krakatau, Pulau, Lampung Selatan, Lampung","8f6ba969-d3ab-4d75-b8b9-dbc4912f92b2","Wisata Alam","gunung anak krakatau, lampung selatan, wisata alam","0"
"fc56eefb-3aa7-4736-9726-ebfeb5999038","Wisata Air Terjun Curup Kenangan Way Kanan","Air Terjun Curup Kenangan adalah salah satu destinasi wisata alam yang patut dikunjungi di Kabupaten Way Kanan, Lampung. Tersembunyi di tengah keindahan alam yang masih asri, air terjun ini menawarkan kesegaran dan ketenangan bagi para pengunjung.Air terjun ini memiliki aliran air yang jernih dan segar, sangat cocok untuk berenang atau sekadar merendam kaki.Dikelilingi oleh pepohonan hijau yang rimbun, membuat suasana di sekitar air terjun terasa sangat sejuk dan nyaman.Formasi bebatuan di sekitar air terjun juga menambah keindahan alamnya.","6C2F+RWQ, Hutan Register 24, Banjit, Way Kanan Regency, Lampung 34766","8f6ba969-d3ab-4d75-b8b9-dbc4912f92b2","Wisata Alam","air terjun, kenangan waterfall, way kanan, wisata lampung, wisata way kanan","29000"
"aeb01d76-7d14-4540-8fed-35ce7f7f9154","Tugu Kopiah Emas","Tugu Kopiah Emas adalah salah satu tempat wisata yang memberikan nilai keindahan dan juga nilai sejarah. Tugu ini dibangun dan didesain dengan unik sehingga dapat menarik wisatawan yang datang. Tugu ini bernama Tugu Kopiah Emas karena memang bentuknya sama dengan kopiah emas yang digunakan sebagai tutup kepala adat sekitar.

Fasilitas: 
Area parkir luas, taman, spot foto, dan warung makan

Aktivitas: 
Berfoto, menikmati pemandangan, dan kulineran

Jam operasional: 
Buka 24 Jam","26F7+R7J, Jl. Lintas Sumatra, Gunung Sugih, Gn. Sugih, Kec. Gn. Sugih, Kabupaten Lampung Tengah, Lampung 34161","bc7c6dcb-d4d3-4158-97ac-e447b2878f3f","Wisata Budaya","gunung sugih, lampung tengah, tugu kopiah emas, wisata budaya","0"
"dfb728b4-f41c-4003-97f9-2afb6869058b","Bendungan Perjaya","Bendungan Bukit Gemuruh yang dahulunya telah berubah menjadi salah satu bendungan terluas yaitu Bendungan Perjaya. Bendungan Perjaya menjadi ikon dalam oku timur palembang dari arah way kanan yang biasanya digunakan oleh masyarakat setempat berfoto-foto dan melakukan kegiatan bersama keluarga","M9VJ+XCM, Perjaya, Martapura, East Ogan Komering Ulu Regency, South Sumatra 32381","78c80a91-ae92-4127-89e6-d56c1c1c470d","Wisata Rekreasi (Buatan)","bendungan perjaya, bendungan waykanan, wisata lampung, wisata way kanan","0"
"d89df97f-1ca5-48fd-99f6-be06b3e0ce3e","Telaga Gupid","Telaga Gupid adalah destinasi wisata yang menawarkan keindahan dan kesegaran alam. Terletak di Gadingrejo, Pringsewu, Lampung, telaga ini menjadi tempat yang tepat untuk melepas penat dan menikmati keindahan alam. Menikmati suasana pedesaan yang tenang dan udara segar sambil melakukan berbagai aktivitas menarik.

Fasilitas:
Area parkir yang luas
Gazebo untuk bersantai
Warung makan yang menyediakan makanan dan minuman

Aktivitas:
Memancing
Piknik
Bersantai
Fotografi

Jam Operasional:
Buka 24 jam","M376+689, Mataram Gading Rejo, Karangrejo, Kec. Negeri Katon, Kabupaten Pringsewu, Lampung 35372","8f6ba969-d3ab-4d75-b8b9-dbc4912f92b2","Wisata Alam","pringsewu, telaga gupid, wisata alam","5000"
"ca56fcce-29de-4b05-94f9-65ecdce36e79","Krakatau Park","Krakatau Park adalah taman rekreasi yang terletak di Kawasan Pelabuhan Penyeberangan, Bakauheni, Kabupaten Lampung Selatan, Lampung. Taman ini menawarkan berbagai fasilitas dan kegiatan yang menarik untuk pengunjung, seperti taman bermain, kolam renang, dan wahana air. Krakatau Park juga merupakan tempat yang ideal untuk menikmati pemandangan Gunung Krakatau yang megah.

Fasilitas:
Taman bermain
Kolam renang
Wahana air
Restoran
Kafe
Toko souvenir
Area parkir

Aktivitas yang Dapat Dilakukan:
Bermain di taman bermain
Berenang di kolam renang
Menikmati wahana air
Menikmati pemandangan Gunung Krakatau
Berbelanja di toko souvenir
Menikmati makanan dan minuman di restoran atau kafe

Jam Operasional:
Senin - Kamis: 09.00 - 17.00 WIB
Jumat: Tutup
Sabtu - Minggu: 09.00 - 18.00 WIB

Tips:
Datanglah lebih awal untuk menghindari keramaian.
Bawa pakaian renang dan handuk jika ingin berenang.
Gunakan alas kaki yang nyaman saat berjalan-jalan di taman.
Bawa kamera untuk mengabadikan momen indah di Krakatau Park.

Tambahan:
Krakatau Park juga menawarkan paket wisata yang menarik, seperti paket wisata keluarga dan paket wisata sekolah.
Taman ini dapat diakses dengan kendaraan pribadi atau angkutan umum.
Krakatau Park adalah tempat yang ideal untuk menghabiskan waktu bersama keluarga atau teman.","Kawasan Pelabuhan Penyeberangan, Bakauheni, Kec. Bakauheni, Kabupaten Lampung Selatan, Lampung 35592","78c80a91-ae92-4127-89e6-d56c1c1c470d","Wisata Rekreasi (Buatan)","krakatau park, lampung selatan, wisata buatan","100000"
"0f8a8233-06b6-4841-8469-1c95b1f87360","Wisata Air Terjun Way Kawat","Air Terjun Way Kawat adalah salah satu keajaiban alam yang dimiliki Kabupaten Way Kanan, Lampung. Tersembunyi di Kampung Gunung Sangkaran, Kecamatan Blambangan Umpu, air terjun ini menawarkan pesona alam yang begitu memukau dan menjadi surga bagi para pencinta petualangan dan keindahan alam.Air terjun ini memiliki aliran air yang sangat jernih dan segar, berasal langsung dari sumber mata air pegunungan.Formasi bebatuan di sekitar air terjun sangat unik dan menarik, menciptakan pemandangan yang eksotis.Dikelilingi oleh hutan yang masih alami, membuat udara di sekitar air terjun terasa sangat segar dan menenangkan.","GCGJ+4VG, Gunung Sangkaran, Blambangan Umpu, Way Kanan Regency, Lampung 34764","8f6ba969-d3ab-4d75-b8b9-dbc4912f92b2","Wisata Alam","air terjun, way kanan, waykawat, wisata lampung, wisata way kanan","5000"
"c431b0c2-512f-4dc3-83ed-30141c781178","Tugu Pepadun","Tugu Pepadun adalah ikon Kota Gunung Sugih yang menjadi kebanggaan masyarakat Lampung. Tugu ini merupakan representasi dari sejarah dan budaya Lampung. Dengan desain yang unik dan lokasi yang strategis, Tugu Pepadun menjadi tempat yang tepat untuk bersantai dan menikmati pemandangan kota.

Fasilitas:

Area parkir yang luas
Taman yang indah
Spot foto yang Instagramable
Tempat duduk untuk bersantai

Aktivitas:

Berfoto
Menikmati pemandangan
Bersantai
Berjalan-jalan

Jam Operasional:

Terbuka 24 jam

Tips:

Sebaiknya membawa kamera untuk mengabadikan momen indah di Tugu Pepadun.
Jaga kebersihan dan kelestarian lingkungan sekitar.","26F7+H7P, Jl. Lintas Sumatra, Gn. Sugih, Kec. Gn. Sugih, Kabupaten Lampung Tengah, Lampung 34161","bc7c6dcb-d4d3-4158-97ac-e447b2878f3f","Wisata Budaya","gunung sugih, lampung tengah, tugu pepadun, wisata budaya","0"
"a29581fc-20e3-4a66-9eab-0fd75c112a80","Bendungan Way Mencar/Manak Way Kanan","Bendungan Way Mencar merupakan salah satu aset berharga Kabupaten Way Kanan, Lampung. Selain berfungsi sebagai pengendali banjir dan penyediaan air untuk berbagai keperluan, bendungan ini juga memiliki potensi besar sebagai destinasi wisata baru yang menarik.Dengan luas genangan air yang cukup besar, bendungan ini menawarkan pemandangan alam yang indah dan menyegarkan. Pemandangan matahari terbit dan terbenam di atas bendungan menjadi daya tarik tersendiri bagi para pengunjung.Potensi wisata air di Bendungan Way Mencar sangat besar. Pengunjung dapat menikmati berbagai aktivitas seperti memancing, berperahu, atau sekadar bersantai di tepi danau.Bendungan Way Mencar juga dapat dijadikan sebagai objek wisata edukasi, terutama bagi pelajar. Pengunjung dapat belajar tentang proses pembangunan bendungan, fungsi bendungan, serta pentingnya menjaga kelestarian lingkungan.","https://maps.app.goo.gl/LQLzqoHeCSAtdLmx5","78c80a91-ae92-4127-89e6-d56c1c1c470d","Wisata Rekreasi (Buatan)","bendungan way manak, bendungan waymencar, wisata lampung, wisata way kanan","0"
"f6ed0a30-f2bf-44bb-9911-42cdb0dbec2e","Rio By The Beach","Rio by the Beach adalah tempat wisata pantai yang terletak di Bulok, Kecamatan Kalianda, Kabupaten Lampung Selatan. Tempat ini menawarkan pemandangan pantai yang indah dan berbagai fasilitas yang lengkap. Rio by the Beach adalah tempat yang cocok untuk menghabiskan waktu bersama keluarga atau teman sambil menikmati suasana pantai yang santai.

Fasilitas:
Kolam renang: Kolam renang dewasa dan anak-anak.
Warung makan: Menyediakan berbagai macam makanan dan minuman.
Toilet umum: Tersedia dalam kondisi bersih.
Area bermain anak: Perosotan, ayunan, dan wahana lainnya.
Tempat ibadah: Mushola untuk umat muslim.
Spot foto: Berbagai spot menarik untuk berfoto.

Aktivitas yang Dapat Dilakukan:
Bermain air: Berenang, berselancar, atau sekadar bermain pasir.
Bersantai: Membaca buku, mendengarkan musik, atau menikmati pemandangan matahari terbenam.
Berkumpul bersama keluarga: Piknik, bermain bersama anak-anak.
Menikmati kuliner seafood: Mencicipi berbagai hidangan laut segar di warung makan sekitar pantai.
Berfoto: Mengabadikan momen indah di pantai.

Jam Operasional:
Buka setiap hari: 07.00 - 20.00 WIB

Tips:
Bawa perlengkapan pribadi: Seperti sunscreen, topi, dan pakaian ganti.
Jaga kebersihan: Buang sampah pada tempatnya.
Hati-hati saat bermain air: Perhatikan ombak dan arus pantai.

Tambahan:
Akomodasi terdekat: Tersedia beberapa hotel dan penginapan di sekitar pantai.
Event-event khusus: Rio by the Beach sering mengadakan acara khusus, seperti pesta pantai dan acara musik.","8GG4+QR, Bulok, Kalianda, South Lampung Regency, Lampung","8f6ba969-d3ab-4d75-b8b9-dbc4912f92b2","Wisata Alam","lampung selatan, rio by the beach, wisata alam","35000"
"ea992baa-2751-4b69-9c2d-1cf06526c96c","Danau Bekri","Danau Bekri adalah surga tersembunyi bagi pecinta alam. Terletak di tengah perkebunan sawit, danau ini menawarkan keindahan alam yang masih asri dan suasana yang tenang. Nikmati pengalaman memancing yang menyenangkan, piknik bersama keluarga, atau sekadar bersantai di tepi danau sambil menikmati pemandangan yang indah.

Fasilitas:

Area parkir yang luas
Spot memancing yang nyaman

Aktivitas:

Memancing
Menikmati keindahan alam

Jam Operasional:

Buka setiap hari, 09.00 - 17.00 WIB

Tips:

Jaga kebersihan dan kelestarian lingkungan sekitar.","W48C+39F, Unnamed Road, Sinar Banten/Bekri, Kec. Bekri, Kabupaten Lampung Tengah, Lampung 34162","8f6ba969-d3ab-4d75-b8b9-dbc4912f92b2","Wisata Alam","bekri, danau bekri, lampung tengah, wisata alam","0"
"a2c52674-4372-4590-b783-fc58ab97d45e","Situs Pugung Raharjo","Situs Pugung Raharjo adalah desa di Kecamatan Sekampung Udik, Kabupaten Lampung Timur, Lampung, Indonesia. Desa ini memiliki banyak tempat wisata yang menarik, seperti pantai, air terjun, dan gua.

Fasilitas:
Pantai
Air terjun
Gua

Aktivitas yang dapat dilakukan:
Bermain pasir
Trekking
Menjelajahi gua","MHXC+MF9, Pugung Raharjo, Sekampung Udik, East Lampung Regency, Lampung 34384","bc7c6dcb-d4d3-4158-97ac-e447b2878f3f","Wisata Budaya","lampung timur, situs pugung raharjo, wisata budaya","0"
"6ded4887-bf29-43b2-913c-fc6d1dd552ee","Gua Maria Padang Bulan","Gua Maria Padang Bulan adalah tempat suci bagi umat Katolik dan destinasi wisata religi yang populer. Terletak di Pringsewu, Lampung, gua ini menawarkan suasana tenang dan damai yang cocok untuk berdoa dan merenung. Nikmati keindahan alam sekitar sambil merasakan kedamaian spiritual.

Fasilitas:
Area parkir yang luas
Jalan setapak yang tertata rapi
Tempat berdoa yang nyaman
Toilet

Aktivitas:
Ziarah dan berdoa
Meditasi
Piknik
Fotografi

Jam Operasional:
Buka jam 09.00 - 17.00 WIB","Pajaresuk Kec., Jl. Raya Sampang No.16, Fajar Esuk, Kec. Pringsewu, Kabupaten Pringsewu, Lampung 35373","b9610dfe-3fdf-498e-a987-b466cb39fe9f","Wisata Religi","gua maria padang bulan, pringsewu, wisata religi","0"
"78eb86be-2870-43e7-997f-d363cb551832","Wisata Air Terjun Batu Mahligai","Air Terjun Batu Mahligai adalah salah satu destinasi wisata alam yang belum banyak terekspos di Kabupaten Way Kanan, Lampung. Tersembunyi di tengah hutan yang masih asri, air terjun ini menawarkan keindahan alam yang menawan dan suasana yang tenang. Air Terjun Batu Mahligai memiliki ketinggian yang cukup signifikan, dengan aliran air yang deras dan jernih. Deburan airnya yang menggelegar menciptakan suasana yang begitu menyegarkan.Dikelilingi oleh hutan hujan tropis yang lebat, air terjun ini menawarkan udara segar dan pemandangan hijau yang memanjakan mata.Di sekitar air terjun terdapat berbagai jenis batuan dengan bentuk yang unik, yang terbentuk secara alami akibat erosi air.","WPJJ+H4R, Marga Jaya, Selagai Lingga, Central Lampung Regency, Lampung 34176","8f6ba969-d3ab-4d75-b8b9-dbc4912f92b2","Wisata Alam","air terjun, batu mahligai, waykanan, wisata lampung, wisata way kanan","5000"
"990fec63-7921-4cad-b1f7-386cd8ade4b0","Pantai Sebalang","Pantai Sebalang adalah salah satu destinasi wisata pantai yang populer di Lampung Selatan. Pantai ini menawarkan pemandangan yang indah, dengan pasir putih yang lembut, air laut yang jernih, dan pepohonan yang rindang. Pantai Sebalang juga dikenal dengan sunset-nya yang sangat indah.

Fasilitas:
Area parkir yang luas
Gazebo untuk bersantai
Warung makan yang menyediakan berbagai hidangan laut
Toilet umum
Spot foto yang menarik

Aktivitas yang dapat dilakukan:
Berenang
Berjemur
Bermain pasir
Menikmati sunset
Berfoto

Jam operasional:
Buka setiap hari, 9 pagi sampai 5 sore (jam dapat berubah sewaktu-waktu).

Tips:
Datanglah pada pagi atau sore hari untuk menghindari terik matahari.
Bawa perlengkapan pantai seperti handuk, kacamata hitam, dan sunscreen.
Jaga kebersihan pantai dengan tidak membuang sampah sembarangan.","C9MH+GVJ, sebalang, Dusun Sebalang, Tarahan, Kec. Katibung, Kabupaten Lampung Selatan, Lampung 35452","8f6ba969-d3ab-4d75-b8b9-dbc4912f92b2","Wisata Alam","lampung selatan, pantai sebalang, wisata alam","10000"
"30241e39-4210-40ab-bfab-2acdda3e9ca8","Desa Tradisional Wana","Desa Tradisional Wana adalah desa yang terletak di Kecamatan Melinting, Kabupaten Lampung Timur, Lampung. Desa ini dikenal sebagai desa tradisional karena masih mempertahankan banyak tradisi dan adat istiadat yang khas. Desa ini juga memiliki beberapa tempat wisata yang menarik, seperti Museum Desa Tradisional Wana dan Pasar Tradisional Wana.

Fasilitas:
Museum Desa Tradisional Wana
Pasar Tradisional Wana
Rumah adat
Masjid
Gereja

Aktivitas yang dapat dilakukan:
Melihat-lihat Museum Desa Tradisional Wana
Berbelanja di Pasar Tradisional Wana
Menikmati keindahan alam
Berinteraksi dengan masyarakat setempat","JPVX+79P, Wana, Melinting, East Lampung Regency, Lampung 34377","bc7c6dcb-d4d3-4158-97ac-e447b2878f3f","Wisata Budaya","desa tradisional wana, lampung timur, wisata budaya","0"
"d3f8143e-7aa5-4416-abb6-18438d7a59ad","Danau Telogo Rejo","Danau Telogo Rejo adalah surga tersembunyi bagi pecinta alam. Terletak di Sendang Baru, Sendang Agung, Lampung Tengah, danau ini menawarkan keindahan alam yang masih asri dan suasana yang tenang. Nikmati pengalaman memancing yang menyenangkan, piknik bersama keluarga, atau sekadar bersantai di tepi danau sambil menikmati pemandangan yang indah.

Fasilitas:

Area parkir yang luas
Spot memancing yang nyaman

Aktivitas:

Memancing
Piknik
Bersepeda
Menikmati keindahan alam

Jam Operasional:

Buka 24 jam

Tips:

Pertama, ketika berwisata ke Telogo Rejo usahakan untuk selalu berhati hati ketika  berkendara, karena kondisi jalannya yang masih kurang baik untuk dilalui.
Kedua, Selalu jaga kebersihan tempat wisata tersebut, jangan membuah sampah serta jangan merusak fasilitas yang ada.","Dusun 5 Sendang Baru, Kota Batu, Kec. Sendang Agung, Kabupaten Lampung Tengah, Lampung 34174","8f6ba969-d3ab-4d75-b8b9-dbc4912f92b2","Wisata Alam","danau telogo rejo, lampung tengah, sendang agung, wisata alam","5000"
"6a34084e-3c44-4ba7-a1db-bd40272d9a07","Kampung Wisata Lestari Way Kanan","Kampung Wisata Lestari Way Kanan adalah sebuah desa yang telah berhasil menggabungkan keindahan alam dengan kekayaan budaya menjadi sebuah destinasi wisata yang unik dan menarik. Terletak di Kabupaten Way Kanan, Lampung, kampung ini menawarkan pengalaman wisata yang berbeda dari yang lain. Masyarakat setempat masih menjaga kelestarian budaya dan tradisi leluhur. Anda dapat menyaksikan berbagai pertunjukan seni tradisional, seperti tari-tarian dan musik daerah. Beberapa rumah penduduk telah disulap menjadi homestay yang nyaman. Ini memungkinkan pengunjung untuk berinteraksi langsung dengan masyarakat setempat dan merasakan kehidupan sehari-hari mereka. Anda dapat menemukan berbagai produk lokal seperti kerajinan tangan, makanan khas, dan minuman tradisional.","3CH7+V7C, Basungan, Pagar Dewa, West Lampung Regency, Lampung 34766","bc7c6dcb-d4d3-4158-97ac-e447b2878f3f","Wisata Budaya","curup lestari, kampung lestari, wisata lampung, wisata way kanan","5000"
"65708095-37d8-4fa1-b611-ffe69f9c999a","Taman Wisata Wira Garden","Taman Wisata Wira Garden adalah taman rekreasi yang terletak di Jalan Wan Abdurrahman, Batu Putuk, Kecamatan Teluk Betung Utara, Kota Bandar Lampung. Taman ini menawarkan berbagai fasilitas rekreasi dan olahraga, menjadikannya tempat yang sempurna untuk menghabiskan waktu bersama keluarga atau teman. Dengan suasana yang asri dan sejuk, taman ini juga cocok bagi Anda yang ingin bersantai sambil menikmati keindahan alam.

Fasilitas:
Area bermain anak: Perosotan, ayunan, dan berbagai permainan anak lainnya untuk menghibur si kecil.
Lapangan olahraga: Sepak bola, basket, voli, badminton, tenis, dan futsal.
Kolam renang: Kolam renang dewasa dan anak-anak dengan fasilitas lengkap.
Trek jogging dan sepeda: Jalur yang nyaman untuk berolahraga di tengah alam.
Gazebo dan tempat duduk: Untuk bersantai sambil menikmati pemandangan.
Toilet dan kamar mandi: Tersedia dalam kondisi bersih.
Area parkir: Luas dan mudah diakses.
Kantin dan warung makan: Menawarkan berbagai pilihan makanan dan minuman.

Aktivitas yang Dapat Dilakukan:
Berolahraga: Jogging, bersepeda, bermain bola, berenang, dan berbagai olahraga lainnya.
Bermain bersama keluarga: Di area bermain anak atau sekadar piknik di bawah pohon.
Bersantai: Membaca buku, mendengarkan musik, atau menikmati pemandangan.
Berfoto: Mengabadikan momen bersama keluarga atau teman di berbagai spot menarik di taman.
Acara keluarga atau komunitas: Taman ini sering digunakan untuk berbagai acara seperti ulang tahun, piknik bersama, atau acara komunitas.

Jam Operasional:
Senin - Minggu: 09.00 - 17.00 WIB (dapat berubah sewaktu-waktu, sebaiknya cek informasi terbaru sebelum berkunjung)

Tips Pengunjung:
Bawa perlengkapan pribadi: Seperti topi, sunscreen, dan air minum, terutama jika berkunjung pada siang hari.
Jaga kebersihan: Buang sampah pada tempatnya dan rawat fasilitas yang ada.
Patuhi peraturan: Ikuti aturan yang berlaku di taman untuk kenyamanan bersama.

Akomodasi Terdekat:
Hotel dan penginapan: Tersedia berbagai pilihan di sekitar Bandar Lampung, mulai dari yang budget hingga bintang.","Jl. Wan Abdurrahman, Batu Putuk, Kec. Tlk. Betung Utara, Kota Bandar Lampung, Lampung 35239","78c80a91-ae92-4127-89e6-d56c1c1c470d","Wisata Rekreasi (Buatan)","bandar lampung, taman wisata wira garden, wisata buatan","15000"
"22331f84-ceed-43eb-9497-bea37c041b0a","Air Terjun Curup Panyandingan Way Kanan","Curup Panyandingan memiliki lebar air terjun mencapai 50 meter dan tinggi sekitar 15 meter. Deburan air yang deras dan pemandangan air terjun yang megah akan membuat Anda terpesona.Curup Panyandingan memiliki lebar air terjun mencapai 50 meter dan tinggi sekitar 15 meter. Deburan air yang deras dan pemandangan air terjun yang megah akan membuat Anda terpesona.Curup Panyandingan dikelilingi oleh hutan yang masih alami. Udara segar dan suara gemericik air akan membuat Anda merasa tenang dan nyaman.Di sekitar air terjun terdapat bebatuan dengan bentuk yang unik dan menarik. Bebatuan ini menjadi spot foto yang instagramable.","CC5X+J6P, Panca Negeri, Blambangan Umpu, Way Kanan Regency, Lampung 34764","8f6ba969-d3ab-4d75-b8b9-dbc4912f92b2","Wisata Alam","curup, curup penyandingan, penyandingan way kanan, wisata lampung, wisata way kanan","10000"
"7590c4f6-706d-4d84-921e-55b632e2896e","Makam KH. Ghalib","Makam KH Ghalib adalah tempat peristirahatan terakhir seorang ulama besar dan pejuang kemerdekaan. Makam ini menjadi tujuan ziarah bagi umat Islam yang ingin mengenang jasa-jasa beliau. Selain sebagai tempat ziarah, makam ini juga memiliki nilai sejarah dan budaya yang tinggi.

Fasilitas: 
Area parkir, mushala, museum, tempat wudhu, toilet

Aktivitas: 
Ziarah, berdoa, membaca Al-Quran, belajar sejarah

Jam operasional: 
Terbuka untuk umum 24 jam","Jl. Makam KH. Ghalib, Pringsewu Utara, Kec. Pringsewu, Kabupaten Pringsewu, Lampung 35373","b9610dfe-3fdf-498e-a987-b466cb39fe9f","Wisata Religi","makam kh ghalib, pringsewu barat, wisata religi","0"
"e502d0e8-74d2-431d-adf7-7fe765899cdc","Taman Palem Indah","Taman Palem Indah adalah taman rekreasi yang terletak di Kota Metro, Lampung. Taman ini memiliki luas sekitar 10 hektar dan menawarkan berbagai fasilitas, seperti taman bermain, kolam renang, dan tempat piknik. Taman ini juga memiliki beberapa tempat wisata, seperti Museum Lampung dan Taman Mini Indonesia.

Fasilitas:
Taman bermain
Kolam renang
Tempat piknik
Museum Lampung
Taman Mini Indonesia","Jl. Jendral Sudirman, Ganjaragung, Kec. Metro Bar., Kota Metro, Lampung 34114","78c80a91-ae92-4127-89e6-d56c1c1c470d","Wisata Rekreasi (Buatan)","metro, palem indah, wisata rekreasi","25000"
"d1b9eae2-5667-4298-9cbd-5360bda2ff0e","Vihara Thai Hin Bio","Vihara Thai Hin Bio adalah vihara Buddha yang terletak di Jalan Ikan Kakap No. 35, Pesawahan, Teluk Betung Selatan, Pesawahan, Bandar Lampung, Kota Bandar Lampung, Lampung, Indonesia. Vihara ini memiliki arsitektur yang indah dan merupakan salah satu vihara terbesar di Bandar Lampung.

Fasilitas:
Aula utama
Ruang meditasi
Ruang belajar
Perpustakaan
Kantin

Aktivitas yang dapat dilakukan:
Beribadah
Belajar agama
Bermeditasi
Berorganisasi
Beramal

Jam operasional:
Buka setiap hari, 06.00-18.00 WIB.

Tips:
Datanglah dengan pakaian yang sopan dan rapi.
Lepas alas kaki sebelum memasuki vihara.
Jangan berbicara keras di dalam vihara.
Matikan ponsel Anda saat berada di dalam vihara.
Hormatilah orang lain yang sedang beribadah.

Akomodasi terdekat:
Hotel Grand Elty Krakatau (jarak 1,5 km)
Hotel Sentral (jarak 1,7 km)
Hotel Bumi Kedaton (jarak 2,1 km)","Jalan Ikan Kakap No. 35, Pesawahan, Teluk Betung Selatan, Pesawahan, Bandar Lampung, Kota Bandar Lampung, Lampung","b9610dfe-3fdf-498e-a987-b466cb39fe9f","Wisata Religi","bandar lampung, vihara thai hin bio, wisata religi","0"
"6538d14a-b4c8-4e26-900a-17c9c7123d3c","Air Terjun Curup Ranggal Way Kanan","Curup Ranggal adalah salah satu destinasi wisata alam yang menarik di Kabupaten Way Kanan, Lampung. Air terjun ini menawarkan keindahan alam yang masih sangat alami dengan air yang jernih dan segar. Keindahannya yang memukau membuat Curup Ranggal menjadi salah satu tujuan favorit para wisatawan yang menyukai petualangan alam. Dikelilingi oleh hutan hijau yang lebat, Curup Ranggal menyajikan pemandangan alam yang sangat menyegarkan mata.Air terjun ini memiliki air yang sangat jernih dan segar, sehingga sangat cocok untuk berenang atau sekadar merendam kaki. Di sekitar air terjun terdapat bebatuan dengan bentuk yang unik, yang menjadi spot foto yang menarik.","7F48+8JJ, Kedaton, Kasui, Way Kanan Regency, Lampung 34765","8f6ba969-d3ab-4d75-b8b9-dbc4912f92b2","Wisata Alam","curup, curup ranggal, curup waykanan, wisata lampung, wisata way kanan","5000"
"300b173f-8317-4ab0-9ee6-c2769cb2e322","Air Terjun Curup Kereta Way Kanan","Curup kereta merupakan salah satu destinasi wisata jika kamu sedang berada di Way Kanan Lampung, lokasinya ada di Kecamatan Kasui.Pada saat pertama kali ditemukan oleh penduduk sekitar  air yang jatuh diantara lubuk dan cerukan setiap tingkatan curup ini akan mengeluarkan suara seperti kereta api yang sedang berjalan. Jug jug jug jug. Keunikan ini hanya bisa di dengarkan pada saat air tidak terlalu deras, cuaca tenang terang benderang dan angin tidak terlalu kencang.Keunikan lainnya jika air  deras, maka air terjun bak layar, tapi jika aliran air tak terlalu deras, ada aliran air yang nampak apik dari beberapa ruas yang ada di pancuran curup ini, di bagian bawah terdapat cerukan yang bisa digunakan untuk mandi, spot ini sangat luas sehingga pengunjung bisa mandi dengan puas. Tebing curup ini pun bisa dinaiki karena bentuknya seperti tangga, ada batu yang bisa dipijak untuk kemudian menaikinya","8FJ6+RHH, Kotabumi waykanan Blambangan, Tangkas, Kec. Kasui, Kabupaten Way Kanan, Lampung 34765","8f6ba969-d3ab-4d75-b8b9-dbc4912f92b2","Wisata Alam","curup, curup kereta, curupkereta, wisata lampung, wisata way kanan","5000"
"e57d1b5d-0a08-4ca7-93e9-70ed7ae662f0","Air Terjun Curup Gangsa Way Kanan","Nama Curup Gangsa diambil dari kata “Gangsa” berasal dari legenda masyarakat setempat yang artinya suara gemerincing air terjun ini bagaikan suara seruling Gangsa. Seruling Gangsa sendiri merupakan seruling bambu yang biasa digunakan oleh masyarakat pada masa lalu. Nama Curup Gangsa kemudian disematkan pada air terjun yang masih alami.Sumber Air Terjun bersumber dari patahan sungai way tangkas yang mengalir dari Bukit Punggur melalu beberapa kampung di Kecamatan Kasui seperti Tanjung Kurung dan Lebak Peniangan. Tepatnya berada di bawah kaki bukit Dusun Tanjung Raya. air terjun yang berpadu dengan asrinya hutan di lereng pegunungan. Untuk menikmati deburan sungai dan derasnya debit air sungai curup gangsa kita harus menuruni anak tangga yang berjumlah kurang lebih 67 anak tungga. Ketinggian air terjun ini mencapai ± 50 m dengan lebar bentang air sekitar 20 meter, disisi lain ada juga air terjun kecil yang terpisah tetapi masih dalam satu kawasan.","8CJ8+FRQ, Way City, Kasui, Way Kanan Regency, Lampung 34767","8f6ba969-d3ab-4d75-b8b9-dbc4912f92b2","Wisata Alam","air terjun, curup gangsa, curupgangsa, wisata lampung, wisata way kanan","10000"
"0f0d4523-9e87-46b4-8c61-7a82c4dd9276","Taman Metro Indonesia Indah (TMII)","Taman Metro Indonesia Indah (TMII) adalah taman rekreasi yang terletak di Kota Metro, Lampung. Taman ini memiliki luas sekitar 10 hektar dan menawarkan berbagai fasilitas, seperti taman bermain, kolam renang, dan tempat piknik. Taman ini juga memiliki beberapa tempat wisata, seperti Museum Lampung dan Taman Mini Indonesia.

Fasilitas:
Taman bermain
Kolam renang
Tempat piknik
Museum Lampung
Taman Mini Indonesia","Jl. Imam Bonjol No.8, Hadimulyo Bar., Kec. Metro Utara, Kota Metro, Lampung 34114","78c80a91-ae92-4127-89e6-d56c1c1c470d","Wisata Rekreasi (Buatan)","metro, taman metro indonesia indah, wisata rekreasi","25000"
"34c60771-ab09-46ba-92da-c4dff97e0ed5","Air Terjun Curup Tujuh","Air Terjun Curup Tujuh adalah destinasi wisata alam yang wajib dikunjungi bagi para petualang dan pencinta keindahan alam. Terletak di Marga Jaya, Selanggai Lingga, Lampung, Curup Tujuh menyuguhkan panorama air terjun bertingkat yang memukau. Nikmati kesegaran air terjun, keindahan hutan tropis, dan udara segar yang menyegarkan.

Fasilitas:

Area parkir yang luas
Tersedia Mushola dan Toilet
Tersedia persewaan motor trail
Tersedia lahan perkemahan

Aktivitas:

Berenang
Camping
Piknik
Fotografi
Menikmati keindahan alam

Jam Operasional:
Buka 24 jam

Biaya:
Tiket masuk  : Rp. 5.000
Parkir Motor : Rp. 5.000

Tips:
Sebaiknya membawa perlengkapan yang lengkap seperti pakaian ganti, tenda, makanan dan minuman, serta obat-obatan.
Jaga kebersihan dan kelestarian lingkungan sekitar.","Marga Jaya, Selagai Lingga, Central Lampung Regency, Lampung 34176","8f6ba969-d3ab-4d75-b8b9-dbc4912f92b2","Wisata Alam","air terjun curup tujuh, lampung tengah, wisata alam","5000"
"647741d4-41d5-4155-9563-7d050ad52975","Wisata Batu Betangkup Way Kanan","Batu Betangkup adalah salah satu destinasi wisata alam yang menarik di Kabupaten Way Kanan, Lampung. Terletak di ketinggian, tempat ini menawarkan pemandangan alam yang spektakuler dan udara yang segar.Dari puncak Batu Betangkup, Anda dapat menikmati pemandangan panoramik yang menakjubkan. Anda bisa melihat perbukitan, sawah, dan juga sungai yang mengalir.Karena terletak di ketinggian, udara di Batu Betangkup sangat sejuk dan nyaman. Ini menjadi tempat yang ideal untuk melepas penat dari hiruk pikuk kota.Batu Betangkup merupakan habitat bagi berbagai jenis flora dan fauna. Anda bisa menemukan berbagai jenis tumbuhan dan juga satwa liar di sekitar lokasi.","5CXW+M55, Menanga Siamang, Kec. Banjit, Kabupaten Way Kanan, Lampung","8f6ba969-d3ab-4d75-b8b9-dbc4912f92b2","Wisata Alam","batu alam, batubetungkub, wisata lampung, wisata way kanan","0"
"a3edb3f1-6d56-45f9-a4ff-5e163361773d","Curup Pinang Indah Way Kanan","Curup Pinang Indah adalah sebuah destinasi wisata alam yang menawarkan keindahan air terjun yang menakjubkan di Kabupaten Way Kanan, Lampung. Tersembunyi di tengah hutan yang masih asri, air terjun ini menjadi primadona bagi para pecinta alam dan petualang. Air terjun Curup Pinang Indah memiliki ketinggian yang cukup tinggi dan aliran air yang deras. Kejernihan air dan keindahan alam sekitar membuat tempat ini sangat instagramable. Curup Pinang Indah dikelilingi oleh hutan yang masih alami. Udara segar dan suara gemericik air akan membuat Anda merasa tenang dan nyaman. Di sekitar air terjun terdapat bebatuan dengan bentuk yang unik dan menarik. Anda bisa berpose di atas bebatuan ini sambil menikmati pemandangan alam. Bagi yang berani, Anda bisa mencoba berenang di kolam alami di bawah air terjun. Namun, pastikan Anda berhati-hati dan tidak berenang terlalu jauh. Untuk mencapai air terjun, Anda perlu melakukan sedikit hiking. Perjalanan menuju air terjun akan menjadi petualangan yang seru.","89XC+M9P, Gunung Sari, Rebang Tangkas, Way Kanan Regency, Lampung 34767","8f6ba969-d3ab-4d75-b8b9-dbc4912f92b2","Wisata Alam","airterjun, curup, curup pinang indah, pinang indah, wisata lampung, wisata way kanan","5000"
"a61ed868-f4b7-47ba-b3e9-da433c193484","Kampung Bali Sadhar Way Kanan","Kampung Bali Sadar adalah sebuah perkampungan unik yang terletak di Kabupaten Way Kanan, Lampung. Meski berada jauh dari Pulau Bali, kampung ini memiliki keunikan tersendiri dengan nuansa Bali yang sangat kental. Keberadaan pura-pura Hindu, tarian tradisional Bali, serta adat istiadat yang masih dijaga dengan baik membuat tempat ini menjadi destinasi wisata yang menarik. Salah satu daya tarik utama Kampung Tua Gedung Batin adalah rumah-rumah adatnya yang masih terjaga keasliannya. Rumah-rumah panggung dengan arsitektur khas Lampung ini menjadi saksi bisu perjalanan sejarah masyarakat setempat.Terdapat prasasti kuno yang terbuat dari fosil kayu yang sudah membatu. Prasasti ini merupakan bukti sejarah penting tentang keberadaan kampung ini. Anda dapat menyaksikan langsung kehidupan masyarakat Kampung Tua Gedung Batin yang masih mempertahankan tradisi dan adat istiadat leluhur.Selain nilai sejarah dan budaya, Kampung Tua Gedung Batin juga dikelilingi oleh keindahan alam yang masih asri. Anda dapat menikmati suasana pedesaan yang tenang dan udara yang segar.","https://maps.app.goo.gl/wi1QSktKF1fLNs7Q7","bc7c6dcb-d4d3-4158-97ac-e447b2878f3f","Wisata Budaya","kampung bali lampung, kampung bali waykanan, way kanan, wisata way kanan","5000"
"cbe732de-af51-41f7-a53e-e6d8b0593279","Dam Raman","Dam Raman adalah bendungan yang terletak di Kota Metro, Lampung. Bendungan ini dibangun pada tahun 1970-an dan memiliki ketinggian 30 meter. Bendungan ini berfungsi sebagai sumber air untuk irigasi dan pembangkit listrik. Meskipun Dam Raman tidak lagi digunakan untuk pembangkit listrik seperti pada awal pembangunannya, ia tetap memiliki peran penting dalam memenuhi kebutuhan air dan mendukung perekonomian lokal.

Fasilitas:
- Area rekreasi
- Taman bermain
- Tempat memancing
- Tempat piknik

Aktivitas yang dapat dilakukan:
- Berenang
- Bermain air
- Memancing
- Bersepeda
- Berjalan-jalan","Jl. Dam Raman No.1, Purwoasri, Kec. Metro Utara, Kota Metro, Lampung 34119","78c80a91-ae92-4127-89e6-d56c1c1c470d","Wisata Rekreasi (Buatan)","dam raman, metro, wisata rekreasi","5000"
"ea4ff208-85a0-436c-977a-4e55cafbf0d9","Pantai Gunung Kunyit","Pantai Gunung Kunyit adalah destinasi wisata pantai yang unik di Bandar Lampung. Terkenal dengan pasirnya yang halus dan air lautnya yang tenang, pantai ini menawarkan pengalaman yang berbeda dari pantai-pantai lainnya. Keunikannya terletak pada hamparan pasir putih yang luas dan lembut, mirip seperti gurun pasir.

Fasilitas:
Area parkir: Cukup luas untuk menampung kendaraan pengunjung.
Warung makan: Menyediakan berbagai macam makanan dan minuman.
Toilet umum: Tersedia untuk kenyamanan pengunjung.
Spot foto: Banyak spot menarik untuk berfoto dengan latar belakang pasir putih dan laut biru.

Aktivitas yang Dapat Dilakukan:
Bersantai di pantai: Menikmati suasana pantai yang tenang dan damai.
Berjalan-jalan di pantai: Menjelajahi hamparan pasir putih yang luas.
Berfoto: Mengabadikan momen indah di pantai dengan latar belakang yang unik.
Bermain pasir: Membangun istana pasir atau sekadar bermain dengan pasir.
Mandi di laut: Menikmati segarnya air laut di pantai yang tenang.

Jam Operasional:
Buka 24 jam.

Tips:
Bawa perlengkapan pribadi: Seperti topi, sunscreen, dan air minum.
Jaga kebersihan: Buang sampah pada tempatnya.
Hati-hati saat bermain di pantai: Perhatikan ombak dan arus laut.","H72J+9QG, Jl. Ikan Terbang, Bumi Waras, Kec. Telukbetung Selatan, Kota Bandar Lampung, Lampung","8f6ba969-d3ab-4d75-b8b9-dbc4912f92b2","Wisata Alam","bandar lampung, pantai gunung kunyit, wisata alam","10000"
"badd687f-91bf-483f-8a94-ba76ee8ee04b","Air Terjun Batu Putu","Air Terjun Batu Putu adalah hidden gem di Bandar Lampung. Tersembunyi di tengah perkotaan, air terjun ini menawarkan kesegaran dan keindahan alam yang menenangkan. Dengan ketinggian yang cukup dan aliran air yang deras, air terjun ini menjadi tempat yang sempurna untuk melepas penat dan menikmati keindahan alam.

Fasilitas:
Area parkir: Cukup luas untuk menampung kendaraan pengunjung.
Jalur trekking: Jalur setapak yang mudah dilalui menuju air terjun.
Tempat duduk: Tersedia beberapa tempat duduk untuk bersantai.
Toilet umum: Tersedia fasilitas toilet untuk pengunjung.
Warung makan: Terdapat beberapa warung makan kecil yang menjual makanan dan minuman ringan.

Aktivitas yang Dapat Dilakukan:
Bermain air: Berenang di kolam alami di bawah air terjun (jika memungkinkan).
Trekking: Menikmati keindahan alam sepanjang jalur menuju air terjun.
Berfoto: Mengabadikan momen di sekitar air terjun dengan latar belakang yang indah.
Piknik: Bersantai sambil menikmati pemandangan alam.

Jam Operasional:
Buka setiap hari: 24 jam

Tips:
Bawa perlengkapan pribadi: Seperti pakaian ganti, handuk, dan alas kaki yang nyaman.
Hati-hati saat bermain air: Pastikan kondisi air aman sebelum bermain.
Jaga kebersihan: Buang sampah pada tempatnya.","H6F9+38M, Sukadana Ham, Tanjungkarang Barat, Bandar Lampung City, Lampung 35156","8f6ba969-d3ab-4d75-b8b9-dbc4912f92b2","Wisata Alam","air terjun batu putu, bandar lampung, wisata alam","0"
"a4b32691-772f-4afa-a134-542a60308a4f","Kampung Tua Gedung Batin Way Kanan","Kampung Tua Gedung Batin merupakan salah satu destinasi wisata sejarah dan budaya yang menarik di Kabupaten Way Kanan, Lampung. Desa ini menyimpan kekayaan sejarah dan budaya yang begitu kental, tercermin dari bangunan-bangunan tua, tradisi masyarakat, serta keindahan alamnya. Salah satu daya tarik utama Kampung Tua Gedung Batin adalah rumah-rumah adatnya yang masih terjaga keasliannya. Rumah-rumah panggung dengan arsitektur khas Lampung ini menjadi saksi bisu perjalanan sejarah masyarakat setempat. Terdapat prasasti kuno yang terbuat dari fosil kayu yang sudah membatu. Prasasti ini merupakan bukti sejarah penting tentang keberadaan kampung ini. Anda dapat menyaksikan langsung kehidupan masyarakat Kampung Tua Gedung Batin yang masih mempertahankan tradisi dan adat istiadat leluhur. elain nilai sejarah dan budaya, Kampung Tua Gedung Batin juga dikelilingi oleh keindahan alam yang masih asri. Anda dapat menikmati suasana pedesaan yang tenang dan udara yang segar.","MPCM+PR4, Gunung Cahya, Pakuan Ratu, Way Kanan Regency, Lampung","bc7c6dcb-d4d3-4158-97ac-e447b2878f3f","Wisata Budaya","bersejarah, kampung tua, kampungsakral, waykanan, wisata way kanan","0"
"db8e284e-9572-48dc-b482-5ae593664cd2","Sungai Sialang Badas Way Umpu","Sungai Way Umpu merupakan salah satu anugerah alam yang dimiliki oleh Kabupaten Way Kanan, Lampung. Sungai yang mengalir sepanjang tahun ini menawarkan pesona alam yang luar biasa dan menjadi destinasi wisata yang menarik bagi wisatawan lokal maupun mancanegara. Salah satu daya tarik utama Sungai Way Umpu adalah airnya yang jernih dan segar. Anda dapat menikmati sensasi berenang atau sekadar merendam kaki di air yang menyegarkan.Sungai Way Umpu dikelilingi oleh pepohonan hijau yang rindang dan tebing-tebing batu yang menjulang tinggi. Pemandangan alam yang asri ini sangat cocok bagi Anda yang ingin melepas penat dari hiruk pikuk kota.Sungai Way Umpu juga menjadi habitat bagi berbagai jenis ikan dan satwa liar lainnya. Anda dapat mencoba memancing atau sekadar mengamati kehidupan satwa di sekitar sungai.","JPQC+WFV, Pakuan Ratu, Way Kanan Regency, Lampung 34762","8f6ba969-d3ab-4d75-b8b9-dbc4912f92b2","Wisata Alam","sungaiumpu, way kanan, wisata sungai, wisata way kanan","0"
"a77f5268-8af7-4ffc-803f-93fa63ec63bd","Teropong Kota Bukit Sindy","Teropong Kota adalah spot wisata yang menawarkan pemandangan kota Bandar Lampung dari ketinggian. Dengan letaknya yang strategis, pengunjung dapat menikmati panorama kota yang indah, mulai dari gedung-gedung pencakar langit hingga garis pantai. Tempat ini sangat cocok bagi Anda yang ingin mencari ketenangan sambil menikmati keindahan alam kota.

Fasilitas:
Dek observasi: Tempat utama untuk menikmati pemandangan kota.
Area parkir: Cukup luas untuk menampung kendaraan pengunjung.
Warung makan: Menjual berbagai macam makanan dan minuman ringan.
Toilet umum: Tersedia untuk kenyamanan pengunjung.
Spot foto: Beberapa spot menarik untuk berfoto dengan latar belakang pemandangan kota.

Aktivitas yang Dapat Dilakukan:
Menikmati pemandangan kota: Mengagumi keindahan Bandar Lampung dari ketinggian.
Berfoto: Mengabadikan momen dengan latar belakang pemandangan kota yang indah.
Bersantai: Menikmati suasana yang tenang sambil menikmati pemandangan.
Berkunjung bersama keluarga atau teman: Tempat yang cocok untuk menghabiskan waktu bersama orang terkasih.

Jam Operasional:
Biasanya buka 24 jam, namun disarankan untuk datang saat cuaca cerah agar pemandangan lebih jelas.

Tips:
Datang saat cuaca cerah: Untuk mendapatkan pemandangan kota yang terbaik.
Bawa kamera: Agar bisa mengabadikan momen indah di sini.
Kenakan pakaian yang nyaman: Karena Anda akan banyak berjalan-jalan.
Hati-hati saat mengambil foto: Pastikan Anda berada di tempat yang aman.","H7W3+59C, Jl. Tamin, Pasir Gintung, Kec. Tj. Karang Pusat, Kota Bandar Lampung, Lampung 35121","78c80a91-ae92-4127-89e6-d56c1c1c470d","Wisata Rekreasi (Buatan)","bandar lampung, teropong kota, wisata buatan","0"
"b9aff4ed-1d30-4c75-b4bf-09c342de747f","Air Terjun Putri Malu","Air Terjun Putri Malu adalah salah satu destinasi wisata alam yang semakin populer di Kabupaten Way Kanan, Lampung. Tersembunyi di tengah keindahan alam yang masih asri, air terjun ini menawarkan pesona alam yang memukau dan pengalaman yang menyegarkan.Air terjun ini memiliki ketinggian sekitar 60 meter dengan aliran air yang deras dan jernih. Deburan air yang menabrak bebatuan menciptakan suara yang menenangkan dan pemandangan yang indah. Air terjun ini dikelilingi oleh pepohonan hijau yang rindang, menciptakan suasana yang sejuk dan asri. Udara segar dan pemandangan alam yang hijau akan membuat Anda merasa tenang dan jauh dari hiruk pikuk kota.Di bawah air terjun terdapat kolam alami yang terbentuk dari aliran air. Pengunjung dapat berenang atau sekadar merendam kaki di kolam ini untuk merasakan kesegaran airnya. Bagi Anda yang menyukai aktivitas air, berenang di kolam alami di bawah air terjun adalah pilihan yang tepat. Untuk mencapai air terjun, Anda perlu melakukan sedikit hiking menyusuri jalan setapak yang telah disediakan.Anda bisa membawa bekal dan menikmati piknik di sekitar area air terjun.Keindahan alam Air Terjun Putri Malu sangat cocok untuk dijadikan latar belakang foto yang instagramable !","Hutan Register 24, Banjit, Hutan Register 24, Kec. Banjit, Kabupaten Way Kanan, Lampung 34766","8f6ba969-d3ab-4d75-b8b9-dbc4912f92b2","Wisata Alam","airterjun, putri malu waterfall, waykanan, wisata way kanan, wisataalam","20000"
"dac57f60-4d3e-4582-aaf0-03228584e476","Monumen Krakatau","Monumen Krakatau adalah monumen bersejarah yang dibangun untuk mengenang peristiwa letusan Gunung Krakatau tahun 1883. Monumen ini terletak di Kota Bandar Lampung dan menjadi saksi bisu dari dahsyatnya letusan gunung berapi yang pernah terjadi di Indonesia. Selain sebagai tempat bersejarah, monumen ini juga menjadi destinasi wisata yang menarik, terutama bagi mereka yang tertarik dengan sejarah dan ilmu pengetahuan.

Fasilitas:
Tugu peringatan: Tugu utama yang menggambarkan kekuatan letusan Gunung Krakatau.
Panel informasi: Panel-panel yang berisi informasi mengenai sejarah letusan Gunung Krakatau dan dampaknya.
Taman: Area hijau di sekitar monumen yang cocok untuk bersantai.
Area parkir: Tersedia tempat parkir yang cukup luas.
Toilet umum: Tersedia fasilitas toilet untuk pengunjung.

Aktivitas yang Dapat Dilakukan:
Belajar sejarah: Membaca panel-panel informasi untuk mengetahui lebih dalam tentang letusan Gunung Krakatau.
Berfoto: Mengabadikan momen di sekitar monumen, terutama di tugu peringatan.
Bersantai: Menikmati suasana tenang di taman sekitar monumen.
Edukasi: Tempat yang cocok untuk pembelajaran sejarah bagi pelajar.

Jam Operasional:
Buka setiap hari: 24 jam

Tips:
Bawa kamera: Untuk mengabadikan momen bersejarah di monumen ini.
Kenakan pakaian yang nyaman: Karena Anda akan banyak berjalan-jalan.
Jangan buang sampah sembarangan: Jaga kebersihan lingkungan sekitar monumen.","JL. WR. Supratman, Kangkung, 35224 Bandar Lampung, Indonesia, Talang, Telukbetung Selatan, Bandar Lampung City, Lampung 35224","bc7c6dcb-d4d3-4158-97ac-e447b2878f3f","Wisata Budaya","bandar lampung, monumen krakatau, wisata budaya","0"
"4b259635-df6d-4e1e-b18d-1903d62c5bbf","Bendungan Green Park Way Umpu","Bendungan Green Park Way Umpu adalah sebuah destinasi wisata alam yang semakin populer di Way Kanan, Lampung. Terletak di tengah-tengah keindahan alam yang masih asri, bendungan ini menawarkan pengalaman yang menyegarkan dan menenangkan bagi para pengunjung. Pemandangan utama yang paling menarik adalah keindahan bendungan dengan airnya yang jernih dan dikelilingi oleh perbukitan hijau. Anda bisa bersantai di tepi bendungan, menikmati semilir angin, dan menyaksikan matahari terbit atau terbenam. Bagi yang suka aktivitas air, Anda bisa mencoba memancing, berenang (di area yang telah ditentukan), atau bahkan menyewa perahu untuk menyusuri bendungan.Bagi pecinta alam, tersedia area camping yang nyaman untuk menikmati malam di bawah langit berbintang.Jangan lewatkan kesempatan untuk mencicipi berbagai kuliner khas Lampung yang tersedia di sekitar area bendungan!!","5F9C+997, Rantau Temiang, Banjit, Way Kanan Regency, Lampung 34766","78c80a91-ae92-4127-89e6-d56c1c1c470d","Wisata Rekreasi (Buatan)","bendungan, bendunganumpu, camping, memancing, waykanan, wisata way kanan","20000"
"c603f1fb-0113-45c8-a8c7-2ccd8f2f0317","Gereja Katedral Kristus Raja","Gereja Katedral Kristus Raja adalah sebuah gereja Katolik yang megah dan bersejarah di Bandar Lampung. Dengan arsitektur yang indah dan suasana yang tenang, gereja ini menjadi tempat ibadah sekaligus destinasi wisata religi yang menarik.

Fasilitas:
Ruang utama: Tempat perayaan Ekaristi Kudus dan kegiatan keagamaan lainnya.
Ruang pertemuan: Digunakan untuk pertemuan komunitas, seminar, dan kegiatan sosial.
Koor: Tempat paduan suara berlatih dan tampil.
Kantor paroki: Menyediakan pelayanan administrasi dan informasi.
Taman: Area terbuka yang asri untuk bersantai.

Aktivitas yang Dapat Dilakukan:
Ibadah: Mengikuti misa kudus dan doa bersama.
Berwisata religi: Mengagumi arsitektur gereja dan suasana spiritualnya.
Berdoa dan merenung: Mencari ketenangan dan kedamaian di dalam gereja.
Mengikuti kegiatan komunitas: Bergabung dalam kegiatan sosial dan rohani yang diselenggarakan oleh paroki.

Jam Operasional:
Hari Minggu: Misa Kudus sesuai jadwal yang telah ditentukan (silakan cek jadwal misa terkini di situs web paroki atau menghubungi kantor paroki).
Hari Biasa: Gereja umumnya terbuka untuk umum, namun waktu kunjungan sebaiknya disesuaikan dengan jadwal kegiatan paroki.

Tips:
Berpakaian sopan: Saat berkunjung ke gereja, sebaiknya mengenakan pakaian yang sopan dan tertutup.
Matikan ponsel: Saat berada di dalam gereja, sebaiknya mematikan ponsel atau mengatur ke mode senyap.
Hormati umat lain: Jaga ketenangan dan ketertiban selama berada di dalam gereja.","Jl. Kota Raja No.14, Gn. Sari, Kec. Tj. Karang Pusat, Kota Bandar Lampung, Lampung 35128","b9610dfe-3fdf-498e-a987-b466cb39fe9f","Wisata Religi","bandar lampung, gereja katedral kristus raja, wisata religi","0"
"8e8123ac-d743-4e84-8cd9-7a3492631b86","Masjid Al-Anwar","Masjid Jami' Al-Anwar adalah masjid yang terletak di Jalan Laksamana Malahayati No. 100, Kangkung, Teluk Betung Selatan, Pesawahan, Kec. Telukbetung Selatan, Kota Bandar Lampung, Lampung, Indonesia. Masjid ini memiliki arsitektur yang indah dan merupakan salah satu masjid terbesar di Bandar Lampung.

Fasilitas:
Tempat wudhu
Toilet
Ruang shalat
Perpustakaan
Aula
Kantor
Kantin

Aktivitas yang dapat dilakukan:
Shalat
Belajar agama
Berdakwah
Berorganisasi
Beramal

Jam operasional:
Buka setiap hari, 24 jam.

Tips:
Datanglah dengan pakaian yang sopan dan rapi.
Lepas alas kaki sebelum memasuki masjid.
Jangan berbicara keras di dalam masjid.
Matikan ponsel Anda saat berada di dalam masjid.
Hormatilah orang lain yang sedang beribadah.

Akomodasi terdekat:
Hotel Grand Elty Krakatau (jarak 1,5 km)
Hotel Sentral (jarak 1,7 km)
Hotel Bumi Kedaton (jarak 2,1 km)","Jalan Laksamana Malahayati No. 100, Kangkung, Teluk Betung Selatan, Pesawahan, Kec. Telukbetung Selatan, Kota Bandar Lampung, Lampung, Indonesia.","b9610dfe-3fdf-498e-a987-b466cb39fe9f","Wisata Religi","bandar lampung, masjid al anwar, wisata religi","0"
"898b1825-0cd2-490c-9e5f-59a6039481ea","Pantai Duta Wisata","Pantai Duta Wisata adalah salah satu destinasi wisata pantai yang populer di Bandar Lampung. Dengan lokasinya yang strategis dan mudah dijangkau, pantai ini menawarkan keindahan alam yang memukau serta berbagai fasilitas yang lengkap. Cocok untuk menghabiskan waktu bersama keluarga atau teman sambil menikmati suasana pantai yang santai.

Fasilitas:
Area parkir: Luas dan dapat menampung banyak kendaraan.
Gazebo: Tempat bersantai sambil menikmati pemandangan pantai.
Warung makan: Menyediakan berbagai macam makanan dan minuman.
Toilet umum: Tersedia dalam kondisi bersih.
Wahana bermain anak: Perosotan, ayunan, dan wahana lainnya.
Tempat ibadah: Mushola untuk umat muslim.
Spot foto: Berbagai spot menarik untuk berfoto.

Aktivitas yang Dapat Dilakukan:
Bermain air: Berenang, berselancar, atau sekadar bermain pasir.
Bersantai: Membaca buku, mendengarkan musik, atau menikmati pemandangan matahari terbenam.
Berkumpul bersama keluarga: Piknik, bermain bersama anak-anak.
Menikmati kuliner seafood: Mencicipi berbagai hidangan laut segar di warung makan sekitar pantai.
Berfoto: Mengabadikan momen indah di pantai.

Jam Operasional:
Buka setiap hari, 24 jam.

Tips:
Bawa perlengkapan pribadi: Seperti sunscreen, topi, dan pakaian ganti.
Jaga kebersihan: Buang sampah pada tempatnya.
Hati-hati saat bermain air: Perhatikan ombak dan arus pantai.","Jl. Laksamana R.E.Martadinata, Kec. Tlk. Betung Bar., Lampung 35236","8f6ba969-d3ab-4d75-b8b9-dbc4912f92b2","Wisata Alam","bandar lampung, pantai duta wisata, wisata alam","20000"
"f498e0df-40e2-4a3f-a895-3b3aa0beb334","Taman Wisata Bumi Kedaton","Taman Wisata Bumi Kedaton adalah oasis hijau di tengah kota Bandar Lampung. Taman ini menawarkan beragam fasilitas rekreasi dan olahraga, menjadikannya tempat yang sempurna untuk menghabiskan waktu bersama keluarga atau teman. Dengan suasana yang asri dan sejuk, taman ini juga cocok bagi Anda yang ingin bersantai sambil menikmati keindahan alam.

Fasilitas:
Area bermain anak: Perosotan, ayunan, dan berbagai permainan anak lainnya untuk menghibur si kecil.
Lapangan olahraga: Sepak bola, basket, voli, badminton, tenis, dan futsal.
Kolam renang: Kolam renang dewasa dan anak-anak dengan fasilitas lengkap.
Trek jogging dan sepeda: Jalur yang nyaman untuk berolahraga di tengah alam.
Gazebo dan tempat duduk: Untuk bersantai sambil menikmati pemandangan.
Toilet dan kamar mandi: Tersedia dalam kondisi bersih.
Area parkir: Luas dan mudah diakses.
Kantin dan warung makan: Menawarkan berbagai pilihan makanan dan minuman.

Aktivitas yang Dapat Dilakukan:
Berolahraga: Jogging, bersepeda, bermain bola, berenang, dan berbagai olahraga lainnya.
Bermain bersama keluarga: Di area bermain anak atau sekadar piknik di bawah pohon.
Bersantai: Membaca buku, mendengarkan musik, atau menikmati pemandangan.
Berfoto: Mengabadikan momen bersama keluarga atau teman di berbagai spot menarik di taman.
Acara keluarga atau komunitas: Taman ini sering digunakan untuk berbagai acara seperti ulang tahun, piknik bersama, atau acara komunitas.

Jam Operasional:
Senin - Minggu: 08.30 - 17.00 WIB (dapat berubah sewaktu-waktu, sebaiknya cek informasi terbaru sebelum berkunjung)

Tips Pengunjung:
Bawa perlengkapan pribadi: Seperti topi, sunscreen, dan air minum, terutama jika berkunjung pada siang hari.
Jaga kebersihan: Buang sampah pada tempatnya dan rawat fasilitas yang ada.
Patuhi peraturan: Ikuti aturan yang berlaku di taman untuk kenyamanan bersama.

Akomodasi Terdekat:
Hotel dan penginapan: Tersedia berbagai pilihan di sekitar Bandar Lampung, mulai dari yang budget hingga bintang.","H67F+75P, Batu Putuk, Teluk Betung Utara, Bandar Lampung City, Lampung 35234","78c80a91-ae92-4127-89e6-d56c1c1c470d","Wisata Rekreasi (Buatan)","bandar lampung, taman wisata bumi kedaton, wisata buatan","0"
"1181605c-1099-4624-9759-6958db448fb3","Pasar Yosomulyo Pelangi","Pasar Yosomulyo Pelangi adalah pasar tradisional yang terletak di Jalan Kedondong, Yosomulyo, Kec. Metro Pusat, Kota Metro, Lampung 34111, Indonesia. Pasar ini buka setiap hari Minggu dari pukul 06.00 hingga 11.00.

Fasilitas:
- Kios-kios pedagang
- Area parkir
- Toilet umum

Aktivitas yang dapat dilakukan:
- Berbelanja
- Menikmati makanan dan minuman
- Berinteraksi dengan masyarakat setempat
- Jam operasional:","Jl. Kedondong, Yosomulyo, Kec. Metro Pusat, Kota Metro, Lampung 34111","81b85a03-97bb-4a84-bbe5-fb8fa8a81e9c","Wisata Kuliner","kota metro, pasar yosomulyo pelangi, wisata kuliner","0"
"324df871-4263-41f1-b551-8c5b1412a3fa","Masjid Agung Taqwa Kota Metro","Masjid Agung Taqwa Kota Metro adalah masjid besar yang terletak di Jalan Letjend Alamsyah Ratu Prawira Negara No.1, Imopuro, Kec. Metro Pusat, Kota Metro, Lampung 34124, Indonesia. Masjid ini memiliki arsitektur yang indah dan kubah yang menjulang tinggi. Masjid ini juga memiliki halaman yang luas dan taman yang indah.

Fasilitas:
- Ruang sholat yang luas
- Menara
- Kubah
- Halaman yang luas
- Taman yang indah

Aktivitas yang dapat dilakukan:
- Sholat
- Belajar agama
- Bertemu dengan teman dan keluarga","Jl. Letjend Alamsyah Ratu Prawira Negara No.1, Imopuro, Kec. Metro Pusat, Kota Metro, Lampung 34124","b9610dfe-3fdf-498e-a987-b466cb39fe9f","Wisata Religi","kota metro, masjid taqwa metro, wisata religi","0"
"3ff405b2-3ab8-41be-9412-99353a68a8ec","Dinas Perpustakaan dan Kearsipan Daerah Kota Metro","Berikut adalah deskripsi singkat dari Dinas Perpustakaan dan Kearsipan Daerah Kota Metro, Lampung:

Deskripsi singkat:
Dinas Perpustakaan dan Kearsipan Daerah Kota Metro adalah tempat yang ideal untuk mencari buku, majalah, dan koran. Tempat ini juga memiliki koleksi arsip yang luas.

Fasilitas:
- Koleksi buku, majalah, dan koran
- Koleksi arsip
- Ruang baca
- Layanan internet gratis

Aktivitas yang dapat dilakukan:
- Membaca buku, majalah, dan koran
- Mencari informasi di arsip
- Menggunakan layanan internet gratis","V8M4+R73, Imopuro, Metro Pusat, Metro City, Lampung 34125","449fee2f-1791-4a99-9049-61d75548b5ae","Wisata Edukasi","kota metro, perpustakaan daerah, wisata edukasi","0"
"515cca0e-2904-4afd-a5a4-39ebc872ca3d","Lapangan Samber Park","Lapangan Samber Park Metro adalah taman bermain dan rekreasi yang terletak di Jl. Adeirma Sutlryani Jl. Brigjend Sutiyoso, Metro, Kec. Metro Pusat, Kota Metro, Lampung 34111, Indonesia. Taman ini menawarkan berbagai fasilitas dan kegiatan untuk anak-anak dan orang dewasa.

Fasilitas:
- Tempat makan
- Area parkir
- Area bermain

Aktivitas:
- Makan di tempat makan
- Memilih banyak pilihan area bermain","jl.adeirma sutlryani Jl. Brigjend Sutiyoso, Metro, Kec. Metro Pusat, Kota Metro, Lampung 34111","78c80a91-ae92-4127-89e6-d56c1c1c470d","Wisata Rekreasi (Buatan)","lapangan samber, metro, wisata buatan, wisata rekreasi","0"
"5da19fc0-a0af-4f0c-a5e2-670b95d4e4bc","Taman Merdeka Kota Metro","Taman Merdeka Kota Metro adalah taman kota yang terletak di Jalan AH Nasution, Imopuro, Kecamatan Metro Pusat, Kota Metro, Lampung. Taman ini merupakan tempat yang populer untuk bersantai dan beraktivitas di luar ruangan. Taman ini memiliki luas sekitar 1,5 hektar dan dilengkapi dengan berbagai fasilitas, seperti taman bermain, dan jogging track.

Fasilitas:
- Taman bermain
- Lapangan sepak bola
- Jogging track
- Monumen dan patung

Aktivitas:
- Bermain di taman bermain
- Berlari atau jogging
- Bersepeda
- Bermain skateboard
- Berfoto

Jam operasional:
Taman Merdeka Kota Metro buka setiap hari, 24 jam.","V8P5+38R, Jl. AH Nasution, Imopuro, Kec. Metro Pusat, Kota Metro, Lampung 34111","78c80a91-ae92-4127-89e6-d56c1c1c470d","Wisata Rekreasi (Buatan)","metro, taman merdeka kota metro, taman rekreasi, wisata buatan","0"
