"id","userId","refId","refModule","type","value","createdAt"
"0445a5e3-4653-4034-bfe5-774a79670e5b","859e8f39-8052-4043-b0df-f08b48fac26e","ca56fcce-29de-4b05-94f9-65ecdce36e79","PLACE","PLACE_LIKE","1","2026-06-01 04:36:22.208"
"0ae9f8bc-3586-42d6-820e-060d2fbe86a2","859e8f39-8052-4043-b0df-f08b48fac26e","ea19f6d8-2166-4204-a076-d555e4a75dcb","PLACE","PLACE_LIKE","1","2026-06-01 04:21:10.154"
"2b82c04e-343c-4a7e-bd58-996a4fc1fb31","90ca3254-c4fc-42bc-99ed-92564ccf8a18","cc5d5eee-7682-4e1c-afe9-5d18ee380b81","PLACE","PLACE_SHARE","1","2026-05-30 06:11:58.143"
"4e101048-c2e9-484f-b02d-a94e6973adcf","8e9f6f9f-fe77-45d8-bc76-cb84224d040d","ca56fcce-29de-4b05-94f9-65ecdce36e79","PLACE","PLACE_LIKE","1","2026-05-29 10:07:00.844"
"2725cdd3-c832-40ee-905f-2229d1a928ec","8e9f6f9f-fe77-45d8-bc76-cb84224d040d","31c72d55-d320-4db2-b232-01a008ce7af0","PLACE","PLACE_LIKE","1","2026-05-29 10:06:48.890"
"2566a114-ddf0-4f37-9698-54acdedb640e","8e9f6f9f-fe77-45d8-bc76-cb84224d040d","1707aa84-3811-4e10-bf15-7af5ef79b518","PLACE","PLACE_LIKE","1","2026-05-29 10:06:42.307"
"50e578d2-52c9-4648-acb9-b84b39cae569","8e9f6f9f-fe77-45d8-bc76-cb84224d040d","1707aa84-3811-4e10-bf15-7af5ef79b518","PLACE","PLACE_SHARE","1","2026-05-29 10:06:36.556"
"8264ac7b-6825-4514-89d1-d908fcbd98cb","8e9f6f9f-fe77-45d8-bc76-cb84224d040d","c71ee7cc-a091-418d-9972-8e7265b41acb","PLACE","PLACE_SHARE","1","2026-05-29 10:06:26.966"
"e053641e-5f11-49e9-b49d-1a49dbdfcca6","8e9f6f9f-fe77-45d8-bc76-cb84224d040d","cc5d5eee-7682-4e1c-afe9-5d18ee380b81","PLACE","PLACE_SHARE","1","2026-05-29 10:06:05.996"
"98ebf614-40aa-42e1-955c-85ff145d2739","8e9f6f9f-fe77-45d8-bc76-cb84224d040d","cc5d5eee-7682-4e1c-afe9-5d18ee380b81","PLACE","PLACE_BOOKMARK","1","2026-05-29 10:05:53.238"
"0041f7b8-351a-423e-ae17-f3b0a341bbec","8e9f6f9f-fe77-45d8-bc76-cb84224d040d","fd4a315c-ca33-493f-a7d5-46e851b6f099","PLACE","PLACE_BOOKMARK","1","2026-05-29 10:05:45.227"
"6d525ffa-3da8-431e-b2fa-3b19eee7ecbe","8e9f6f9f-fe77-45d8-bc76-cb84224d040d","d1b9eae2-5667-4298-9cbd-5360bda2ff0e","PLACE","PLACE_BOOKMARK","1","2026-05-29 10:05:37.052"
"1b00120c-8299-476b-b2ce-f8c5703d57bf","8e9f6f9f-fe77-45d8-bc76-cb84224d040d","ca56fcce-29de-4b05-94f9-65ecdce36e79","PLACE","PLACE_BOOKMARK","1","2026-05-29 10:05:30.906"
"d1a7a64b-277f-4da5-8316-503d51947ead","8e9f6f9f-fe77-45d8-bc76-cb84224d040d","5b24781f-c134-430c-aa1e-a690e4fe3edf","PLACE","PLACE_BOOKMARK","1","2026-05-29 10:05:20.032"
"b9cd8ab9-f892-426c-8cf1-4857ce816c19","8e9f6f9f-fe77-45d8-bc76-cb84224d040d","5b24781f-c134-430c-aa1e-a690e4fe3edf","PLACE","PLACE_LIKE","1","2026-05-29 10:05:14.077"
"31147fa6-31a6-4545-be7d-73a8166336ef","8e9f6f9f-fe77-45d8-bc76-cb84224d040d","80ba8f06-6597-4d8e-b90f-890650c36e40","PLACE","PLACE_LIKE","1","2026-05-29 10:04:56.878"
"d868bd8c-bef8-4cdf-9aa8-24dc9c90b513","8e9f6f9f-fe77-45d8-bc76-cb84224d040d","ea19f6d8-2166-4204-a076-d555e4a75dcb","PLACE","PLACE_LIKE","1","2026-05-29 10:04:43.213"
"0e118ec2-4b58-4474-a8c5-49df09f6dc4a","6b3f87b4-14c4-4f98-8228-0dc65fb5efd5","b88b78c9-4efb-4aca-ae62-ff235829b83e","PLACE","PLACE_REVIEW","1","2026-05-29 05:39:52.009"
"9d017d89-0d34-47a9-90b6-bbfae3fe8fb9","488a3152-e83c-4a52-a452-90dcd9d58d1a","b88b78c9-4efb-4aca-ae62-ff235829b83e","PLACE","PLACE_SHARE","1","2026-05-29 05:37:31.568"
"de523fd5-504c-4410-ab62-a1dc65927091","488a3152-e83c-4a52-a452-90dcd9d58d1a","ea19f6d8-2166-4204-a076-d555e4a75dcb","PLACE","PLACE_REVIEW","5","2026-05-29 05:34:11.022"
"e33a07f8-c459-4fb3-a48d-ed530a952be6","488a3152-e83c-4a52-a452-90dcd9d58d1a","aff6f631-6e69-4b4a-b6d2-94ffc9a46edf","PLACE","PLACE_REVIEW","5","2026-05-29 05:33:52.512"
"2f16c812-5de4-40d8-bae6-3f2c76f2d9d3","488a3152-e83c-4a52-a452-90dcd9d58d1a","4ef1d09f-839a-4085-973b-4e359232025c","PLACE","PLACE_REVIEW","5","2026-05-29 05:33:32.973"
"36167dd6-0b35-45a3-b6ef-90a965e96e9a","488a3152-e83c-4a52-a452-90dcd9d58d1a","a26134dd-21ea-45dd-9f72-0b96d026229f","PLACE","PLACE_REVIEW","5","2026-05-29 05:33:11.655"
"0989900b-8330-47ff-b606-95429077cb88","488a3152-e83c-4a52-a452-90dcd9d58d1a","5569a4af-d2c4-4e9a-b8ca-a727eff162c8","PLACE","PLACE_REVIEW","5","2026-05-29 05:32:47.228"
"99800f30-732b-4472-8092-59342348d4cf","488a3152-e83c-4a52-a452-90dcd9d58d1a","0b889eb5-c3b5-49fd-8781-4aec8c9c8836","PLACE","PLACE_REVIEW","5","2026-05-29 05:32:31.520"
"60553b2d-15f0-4104-92ba-d641989e434c","488a3152-e83c-4a52-a452-90dcd9d58d1a","d1b9eae2-5667-4298-9cbd-5360bda2ff0e","PLACE","PLACE_REVIEW","5","2026-05-29 05:32:13.377"
"ff65326b-6d28-43b0-b1fd-81fbfb9fb940","488a3152-e83c-4a52-a452-90dcd9d58d1a","512493bd-7e6c-481b-8f9f-2ab477ec260b","PLACE","PLACE_REVIEW","5","2026-05-29 05:31:59.592"
"1f6459ba-9d80-41f1-a336-ee02fcfb8134","488a3152-e83c-4a52-a452-90dcd9d58d1a","0bb7f261-f639-4ccb-affe-70e9675ad2a5","PLACE","PLACE_REVIEW","1","2026-05-29 05:31:42.308"
"4b973ed3-88d0-47aa-bab9-4ea861633f69","1ef1da35-84ba-420e-9c3f-68cf297a8585","e13256d2-820e-4eb3-898f-c590c39a5d3e","PLACE","PLACE_LIKE","1","2026-05-29 05:31:03.505"
"7c14303b-0a78-41bc-ac18-738aee69e5ad","1ef1da35-84ba-420e-9c3f-68cf297a8585","ea19f6d8-2166-4204-a076-d555e4a75dcb","PLACE","PLACE_LIKE","1","2026-05-29 05:30:58.716"
"7f08d779-5e84-46c9-8961-a4d0e1ea293d","1ef1da35-84ba-420e-9c3f-68cf297a8585","1707aa84-3811-4e10-bf15-7af5ef79b518","PLACE","PLACE_LIKE","1","2026-05-29 05:30:55.939"
"134ca2bb-20b6-4c2a-b55a-e8da0484f4ec","1ef1da35-84ba-420e-9c3f-68cf297a8585","4ef1d09f-839a-4085-973b-4e359232025c","PLACE","PLACE_SHARE","1","2026-05-29 05:30:30.760"
"4ffdcfa6-aa50-49fd-8b74-c9b5e17f70a1","1ef1da35-84ba-420e-9c3f-68cf297a8585","1bb7b2e7-4b9f-42c8-bb4f-0c17b3bbbc4f","PLACE","PLACE_SHARE","1","2026-05-29 05:30:07.684"
"85e5c7d0-0efd-4ba2-8430-6c9b58866e6a","1ef1da35-84ba-420e-9c3f-68cf297a8585","8821376f-58ac-4d2e-a96b-fdeabca46556","PLACE","PLACE_SHARE","1","2026-05-29 05:29:45.400"
"117d2b86-da29-4c70-acde-9c82a4548358","1ef1da35-84ba-420e-9c3f-68cf297a8585","a2c52674-4372-4590-b783-fc58ab97d45e","PLACE","PLACE_UNBOOKMARK","1","2026-05-29 05:29:10.598"
"5c633f35-aa95-4f57-bb4a-893ade6371a9","1ef1da35-84ba-420e-9c3f-68cf297a8585","a2c52674-4372-4590-b783-fc58ab97d45e","PLACE","PLACE_BOOKMARK","1","2026-05-29 05:29:08.407"
"aaf0669c-34c7-4fac-970f-0cef077e53f8","1ef1da35-84ba-420e-9c3f-68cf297a8585","3b5a747b-8835-471f-a984-01e598a29ace","PLACE","PLACE_BOOKMARK","1","2026-05-29 05:29:05.906"
"c371381c-c4f5-4c7d-a3ef-398ee89111f5","1ef1da35-84ba-420e-9c3f-68cf297a8585","30241e39-4210-40ab-bfab-2acdda3e9ca8","PLACE","PLACE_UNBOOKMARK","1","2026-05-29 05:29:04.168"
"2f6398bb-fd9b-4cb2-bd20-f82b4360b6e6","1ef1da35-84ba-420e-9c3f-68cf297a8585","30241e39-4210-40ab-bfab-2acdda3e9ca8","PLACE","PLACE_BOOKMARK","1","2026-05-29 05:29:03.652"
"32f5bf0a-8fbb-4e23-8764-82a8d160a80b","1ef1da35-84ba-420e-9c3f-68cf297a8585","30241e39-4210-40ab-bfab-2acdda3e9ca8","PLACE","PLACE_BOOKMARK","1","2026-05-29 05:29:03.154"
"66ff0bbb-c832-40bc-80c3-63b164ba1a2c","1ef1da35-84ba-420e-9c3f-68cf297a8585","24044edf-44c8-4d66-bea3-2263d784e1b1","PLACE","PLACE_BOOKMARK","1","2026-05-29 05:28:56.804"
"8acaf52d-d117-40e8-8be2-caeb60f7b562","1ef1da35-84ba-420e-9c3f-68cf297a8585","eb09c8c6-099c-4610-ac40-d0f8b639b244","PLACE","PLACE_BOOKMARK","1","2026-05-29 05:28:49.971"
"43ea9934-b1bb-42f1-992b-e1647bf38942","1ef1da35-84ba-420e-9c3f-68cf297a8585","429d0f40-69fa-4a70-9c00-51cb63d47de8","PLACE","PLACE_LIKE","1","2026-05-29 05:28:10.870"
"f0e97e88-b029-4775-8441-0f608f6a3de6","1ef1da35-84ba-420e-9c3f-68cf297a8585","a26134dd-21ea-45dd-9f72-0b96d026229f","PLACE","PLACE_LIKE","1","2026-05-29 05:28:02.923"
"4152b199-c2aa-4bf0-bf92-3e5895f61bdf","1ef1da35-84ba-420e-9c3f-68cf297a8585","5569a4af-d2c4-4e9a-b8ca-a727eff162c8","PLACE","PLACE_LIKE","1","2026-05-29 05:27:54.754"
"77fb0bca-07fd-4dba-8840-4053010f19d7","0c3a36fe-19be-4d6c-998c-a501b796b072","84dbddc5-9ab7-4e02-b767-a8869579fb39","PLACE","PLACE_LIKE","1","2026-05-28 10:44:04.329"
"c7d80a53-9372-4a47-bfa3-3269878396a0","0c3a36fe-19be-4d6c-998c-a501b796b072","55fb2ccd-4749-4556-a511-a196222117a1","PLACE","PLACE_LIKE","1","2026-05-28 10:43:58.717"
"ce7e211b-7de7-4995-b26a-f1f1a3898f08","0c3a36fe-19be-4d6c-998c-a501b796b072","d258e668-0d07-4302-9101-b14f85220672","PLACE","PLACE_LIKE","1","2026-05-28 10:43:47.858"
"641b89df-71a1-4087-9612-c0e3f9d62618","0c3a36fe-19be-4d6c-998c-a501b796b072","c1a15fe1-05c8-4405-b243-b5eb0b4bc3d1","PLACE","PLACE_SHARE","1","2026-05-28 10:43:40.119"
"42ae6bd6-7a4e-456d-98ba-a4a924ed34c6","0c3a36fe-19be-4d6c-998c-a501b796b072","37220de0-ce12-456b-8aef-956e17f5003d","PLACE","PLACE_SHARE","1","2026-05-28 10:43:26.917"
"1dbf1cc6-d7b9-4d28-a099-a801377f7788","0c3a36fe-19be-4d6c-998c-a501b796b072","64fca42c-bc77-49a8-a2bd-0c09b97dcc18","PLACE","PLACE_SHARE","1","2026-05-28 10:43:14.488"
"593cf221-8cb2-4f56-a356-60a3e81c792e","0c3a36fe-19be-4d6c-998c-a501b796b072","96ca8921-faf6-40a9-b4aa-b6caa921a492","PLACE","PLACE_BOOKMARK","1","2026-05-28 10:43:00.304"
"f5c94813-7182-4337-8833-ec0351ceae8a","0c3a36fe-19be-4d6c-998c-a501b796b072","e6c6f49d-024d-4590-9a09-b037d5056632","PLACE","PLACE_BOOKMARK","1","2026-05-28 10:42:31.765"
"5953c23c-f91b-4287-9bb7-dd9fad4d26ff","0c3a36fe-19be-4d6c-998c-a501b796b072","31c72d55-d320-4db2-b232-01a008ce7af0","PLACE","PLACE_BOOKMARK","1","2026-05-28 10:42:18.392"
"6f269eca-3b9e-4092-851f-f2ecd6d85400","0c3a36fe-19be-4d6c-998c-a501b796b072","dac57f60-4d3e-4582-aaf0-03228584e476","PLACE","PLACE_BOOKMARK","1","2026-05-28 10:42:07.161"
"0b30c589-26fa-46d3-984f-ba07c1ea07c5","0c3a36fe-19be-4d6c-998c-a501b796b072","eb09c8c6-099c-4610-ac40-d0f8b639b244","PLACE","PLACE_BOOKMARK","1","2026-05-28 10:41:46.986"
"bbb0e274-cfa3-4206-91c3-1cc483587920","0c3a36fe-19be-4d6c-998c-a501b796b072","52d4485b-ad05-4ea5-b308-3b3699e6d621","PLACE","PLACE_LIKE","1","2026-05-28 10:41:33.527"
"d12cf563-771e-4501-9e73-d91c335372ba","0c3a36fe-19be-4d6c-998c-a501b796b072","429d0f40-69fa-4a70-9c00-51cb63d47de8","PLACE","PLACE_LIKE","1","2026-05-28 10:41:15.606"
"37bc503c-8824-416b-b6b1-32812a5e3ec9","0c3a36fe-19be-4d6c-998c-a501b796b072","a26134dd-21ea-45dd-9f72-0b96d026229f","PLACE","PLACE_LIKE","1","2026-05-28 10:40:28.136"
"479ab29d-58d8-48bc-a518-e2e6c03f5930","fe96fa12-3a7b-4474-b29b-f744e7a5d6ec","ea19f6d8-2166-4204-a076-d555e4a75dcb","PLACE","PLACE_LIKE","1","2026-05-28 10:34:39.818"
"b054e14f-95cf-4613-83e7-a55a865d9bf8","fe96fa12-3a7b-4474-b29b-f744e7a5d6ec","e36ad921-4d32-49be-b6a2-fd3065907dcf","PLACE","PLACE_LIKE","1","2026-05-28 10:34:33.295"
"f7943e22-b696-4169-99ae-d1a785c1698a","fe96fa12-3a7b-4474-b29b-f744e7a5d6ec","2e369faf-b82f-43a3-8b47-88f31dc9cc0d","PLACE","PLACE_LIKE","1","2026-05-28 10:34:25.023"
"fc853f8f-fda3-427a-ad92-9850035858d9","fe96fa12-3a7b-4474-b29b-f744e7a5d6ec","2e369faf-b82f-43a3-8b47-88f31dc9cc0d","PLACE","PLACE_SHARE","1","2026-05-28 10:34:20.991"
"4f7238b1-8208-4e41-bf9a-b200a475777e","fe96fa12-3a7b-4474-b29b-f744e7a5d6ec","e36ad921-4d32-49be-b6a2-fd3065907dcf","PLACE","PLACE_SHARE","1","2026-05-28 10:34:05.251"
"517ff5f8-480d-4f72-9e04-fa8a6d6cf941","fe96fa12-3a7b-4474-b29b-f744e7a5d6ec","80ba8f06-6597-4d8e-b90f-890650c36e40","PLACE","PLACE_SHARE","1","2026-05-28 10:33:54.464"
"b5ac2c15-113f-4b84-a1ae-aff8fc2faf5d","fe96fa12-3a7b-4474-b29b-f744e7a5d6ec","a2c52674-4372-4590-b783-fc58ab97d45e","PLACE","PLACE_BOOKMARK","1","2026-05-28 10:33:20.115"
"3282867e-c952-44eb-93a2-53835bbe7a98","fe96fa12-3a7b-4474-b29b-f744e7a5d6ec","3b5a747b-8835-471f-a984-01e598a29ace","PLACE","PLACE_BOOKMARK","1","2026-05-28 10:33:13.734"
"e2200452-4b9b-4e7d-ac86-8d7c2d4c0782","fe96fa12-3a7b-4474-b29b-f744e7a5d6ec","30241e39-4210-40ab-bfab-2acdda3e9ca8","PLACE","PLACE_BOOKMARK","1","2026-05-28 10:33:08.782"
"ba39fd5d-162b-4632-8d25-efac3c97783c","fe96fa12-3a7b-4474-b29b-f744e7a5d6ec","24044edf-44c8-4d66-bea3-2263d784e1b1","PLACE","PLACE_BOOKMARK","1","2026-05-28 10:33:03.519"
"429bc322-1e89-4e58-9bf2-3907f0b451be","fe96fa12-3a7b-4474-b29b-f744e7a5d6ec","eb09c8c6-099c-4610-ac40-d0f8b639b244","PLACE","PLACE_BOOKMARK","1","2026-05-28 10:32:57.039"
"74853f9c-bed6-4926-9587-e35124ca5406","fe96fa12-3a7b-4474-b29b-f744e7a5d6ec","eb09c8c6-099c-4610-ac40-d0f8b639b244","PLACE","PLACE_LIKE","1","2026-05-28 10:32:49.935"
"de4f1f92-40ba-41a7-a54a-078ee1af633b","fe96fa12-3a7b-4474-b29b-f744e7a5d6ec","b165a65d-124a-410e-ae67-2d0b45a568be","PLACE","PLACE_LIKE","1","2026-05-28 10:32:36.267"
"14b229ae-eefd-449f-ada0-d9e2f2e334bc","fe96fa12-3a7b-4474-b29b-f744e7a5d6ec","4e5edfed-51e5-499f-9c37-428427227502","PLACE","PLACE_LIKE","1","2026-05-28 10:32:30.496"
"eaf616e3-3ee5-4d39-a1bb-c785749b9539","fe96fa12-3a7b-4474-b29b-f744e7a5d6ec","a26134dd-21ea-45dd-9f72-0b96d026229f","PLACE","PLACE_LIKE","1","2026-05-28 10:32:18.487"
"4806bc05-a222-4afd-93f9-aa502aee6894","7d125cdd-f3fc-4111-b998-76622baf9511","1181605c-1099-4624-9759-6958db448fb3","PLACE","PLACE_LIKE","1","2026-05-28 10:09:08.960"
"13d1a114-fee9-4e6b-9f4c-7cd4c7be6c70","7d125cdd-f3fc-4111-b998-76622baf9511","512493bd-7e6c-481b-8f9f-2ab477ec260b","PLACE","PLACE_LIKE","1","2026-05-28 10:08:53.728"
"325ee35d-f5d0-4b5a-8e66-2a183ac0e709","7d125cdd-f3fc-4111-b998-76622baf9511","31c72d55-d320-4db2-b232-01a008ce7af0","PLACE","PLACE_LIKE","1","2026-05-28 10:08:26.204"
"b0f3ec4e-9530-4420-81f1-75cc66b00a6b","7d125cdd-f3fc-4111-b998-76622baf9511","31c72d55-d320-4db2-b232-01a008ce7af0","PLACE","PLACE_SHARE","1","2026-05-28 10:08:11.269"
"f77b28b7-fae4-4876-aaf8-592a5408a773","7d125cdd-f3fc-4111-b998-76622baf9511","dac57f60-4d3e-4582-aaf0-03228584e476","PLACE","PLACE_SHARE","1","2026-05-28 10:07:46.228"
"1d4dc940-fb6d-44d7-85b9-b723da00ed3d","7d125cdd-f3fc-4111-b998-76622baf9511","a2c52674-4372-4590-b783-fc58ab97d45e","PLACE","PLACE_SHARE","1","2026-05-28 10:04:21.552"
"2076a28b-f842-4bda-9357-0c030d67bc68","7d125cdd-f3fc-4111-b998-76622baf9511","a2c52674-4372-4590-b783-fc58ab97d45e","PLACE","PLACE_BOOKMARK","1","2026-05-28 10:04:12.205"
"806cbb8a-443f-4f5f-bac6-13ba006d8c0e","7d125cdd-f3fc-4111-b998-76622baf9511","3b5a747b-8835-471f-a984-01e598a29ace","PLACE","PLACE_BOOKMARK","1","2026-05-28 10:04:06.530"
"84503453-b200-449b-92aa-f9407f7b13ec","7d125cdd-f3fc-4111-b998-76622baf9511","30241e39-4210-40ab-bfab-2acdda3e9ca8","PLACE","PLACE_BOOKMARK","1","2026-05-28 10:04:03.963"
"c33f4c55-8a3d-4620-919a-6adc5c7b8196","7d125cdd-f3fc-4111-b998-76622baf9511","24044edf-44c8-4d66-bea3-2263d784e1b1","PLACE","PLACE_BOOKMARK","1","2026-05-28 10:03:52.636"
"fdb55582-919c-475f-adf3-78e307a513aa","7d125cdd-f3fc-4111-b998-76622baf9511","eb09c8c6-099c-4610-ac40-d0f8b639b244","PLACE","PLACE_BOOKMARK","1","2026-05-28 10:03:34.052"
"c55c1a8e-d2e6-40ef-a704-85b45b106480","7d125cdd-f3fc-4111-b998-76622baf9511","fd4a315c-ca33-493f-a7d5-46e851b6f099","PLACE","PLACE_LIKE","1","2026-05-28 10:02:47.622"
"c6be8367-aae4-4b51-ac7c-1cec56594422","7d125cdd-f3fc-4111-b998-76622baf9511","9f7fb803-d7ed-4c5e-9de2-e757fe4b8459","PLACE","PLACE_LIKE","1","2026-05-28 10:02:36.490"
"b1629218-2498-487a-9abd-6ebf751e8573","7d125cdd-f3fc-4111-b998-76622baf9511","ea19f6d8-2166-4204-a076-d555e4a75dcb","PLACE","PLACE_LIKE","1","2026-05-28 10:02:07.875"
"6461d47b-d67c-43ae-9b9a-df9a27499d0f","cd1f8144-92fe-47b1-8899-03d48989d062","ca56fcce-29de-4b05-94f9-65ecdce36e79","PLACE","PLACE_LIKE","1","2026-05-27 15:50:55.036"
"62e6e698-663c-4e7f-ad22-c640b8e867ab","cd1f8144-92fe-47b1-8899-03d48989d062","ea4ff208-85a0-436c-977a-4e55cafbf0d9","PLACE","PLACE_LIKE","1","2026-05-27 15:50:47.023"
"4149037d-fbdf-425b-a452-28798112c68f","cd1f8144-92fe-47b1-8899-03d48989d062","cc5d5eee-7682-4e1c-afe9-5d18ee380b81","PLACE","PLACE_LIKE","1","2026-05-27 15:50:40.772"
"5827c4b4-2ce2-48e6-a64c-67fa66d355c7","cd1f8144-92fe-47b1-8899-03d48989d062","ca56fcce-29de-4b05-94f9-65ecdce36e79","PLACE","PLACE_SHARE","1","2026-05-27 15:50:33.723"
"8d7788e6-e7b0-4242-bab1-732cca128d8a","cd1f8144-92fe-47b1-8899-03d48989d062","ea4ff208-85a0-436c-977a-4e55cafbf0d9","PLACE","PLACE_SHARE","1","2026-05-27 15:50:14.753"
"47c439cf-7093-4ece-9248-c17056c4edcb","cd1f8144-92fe-47b1-8899-03d48989d062","da8fa2cf-3663-4922-855c-52c230d73de7","PLACE","PLACE_SHARE","1","2026-05-27 15:49:59.504"
"fe8feece-8b19-4788-aba1-8d4db13c7ab2","cd1f8144-92fe-47b1-8899-03d48989d062","a2c52674-4372-4590-b783-fc58ab97d45e","PLACE","PLACE_BOOKMARK","1","2026-05-27 15:49:14.161"
"77f5a092-fc47-4a8e-bf10-29c37c469177","cd1f8144-92fe-47b1-8899-03d48989d062","a2c52674-4372-4590-b783-fc58ab97d45e","PLACE","PLACE_BOOKMARK","1","2026-05-27 15:49:13.687"
"7e1386dc-4426-48de-be5d-c4da7dd224c7","cd1f8144-92fe-47b1-8899-03d48989d062","3b5a747b-8835-471f-a984-01e598a29ace","PLACE","PLACE_BOOKMARK","1","2026-05-27 15:49:09.875"
"f53d44b0-4c97-478a-9ec3-459b713d1d19","cd1f8144-92fe-47b1-8899-03d48989d062","3b5a747b-8835-471f-a984-01e598a29ace","PLACE","PLACE_BOOKMARK","1","2026-05-27 15:49:09.509"
"bd291012-5bf3-477e-9bd0-e36e645998b8","cd1f8144-92fe-47b1-8899-03d48989d062","30241e39-4210-40ab-bfab-2acdda3e9ca8","PLACE","PLACE_UNBOOKMARK","1","2026-05-27 15:49:07.124"
"a7ec1066-6a4a-4af8-aff1-cbb6f49fd016","cd1f8144-92fe-47b1-8899-03d48989d062","30241e39-4210-40ab-bfab-2acdda3e9ca8","PLACE","PLACE_BOOKMARK","1","2026-05-27 15:49:06.740"
"3b835f66-15f7-49a6-8811-7345ad2ffb1d","cd1f8144-92fe-47b1-8899-03d48989d062","24044edf-44c8-4d66-bea3-2263d784e1b1","PLACE","PLACE_UNBOOKMARK","1","2026-05-27 15:49:03.992"
"3e0a8b88-a0bc-44ba-88c7-422e0fa80c2a","cd1f8144-92fe-47b1-8899-03d48989d062","24044edf-44c8-4d66-bea3-2263d784e1b1","PLACE","PLACE_BOOKMARK","1","2026-05-27 15:49:03.299"
"f5d30069-7531-45a1-b401-6bc02a69d43c","cd1f8144-92fe-47b1-8899-03d48989d062","eb09c8c6-099c-4610-ac40-d0f8b639b244","PLACE","PLACE_BOOKMARK","1","2026-05-27 15:48:53.003"
"e7a6edbd-f497-46b0-9088-d95b3bc4b511","cd1f8144-92fe-47b1-8899-03d48989d062","4e5edfed-51e5-499f-9c37-428427227502","PLACE","PLACE_LIKE","1","2026-05-27 15:48:13.915"
"1064c1d5-9b05-4161-80fe-ced99970c65d","cd1f8144-92fe-47b1-8899-03d48989d062","a26134dd-21ea-45dd-9f72-0b96d026229f","PLACE","PLACE_LIKE","1","2026-05-27 15:48:03.033"
"fd251f33-059a-4404-beba-2395641f066a","cd1f8144-92fe-47b1-8899-03d48989d062","5569a4af-d2c4-4e9a-b8ca-a727eff162c8","PLACE","PLACE_LIKE","1","2026-05-27 15:47:51.182"
"78069470-9a70-4fbc-89ea-19f85353ec7e","dad8a9bf-c2ee-4103-9955-da42d13c938f","248bfd6a-6a69-41ad-a853-1f07337a77d1","PLACE","PLACE_LIKE","1","2026-05-27 07:58:41.338"
"85a1a3db-53e9-4f76-bec7-f1170af1c02e","dad8a9bf-c2ee-4103-9955-da42d13c938f","1fe8c4b4-216f-40a8-bef1-b8aeea213967","PLACE","PLACE_LIKE","1","2026-05-27 07:58:33.337"
"59e9f670-ae6e-4686-84a2-11ed0f0ea9f2","859e8f39-8052-4043-b0df-f08b48fac26e","8557721f-a730-4f71-a4cd-858fe643ada7","PLACE","PLACE_REVIEW","5","2026-05-27 07:43:07.295"
"b698b57c-f901-4f5c-ab6d-ee1c0341e925","859e8f39-8052-4043-b0df-f08b48fac26e","8557721f-a730-4f71-a4cd-858fe643ada7","PLACE","PLACE_LIKE","1","2026-05-27 07:42:49.349"
"c48f13ee-ad45-45ac-afe5-12584e513866","859e8f39-8052-4043-b0df-f08b48fac26e","41acb503-cacc-4091-ba8a-05151b8c5465","PLACE","PLACE_LIKE","1","2026-05-27 07:42:44.092"
"fde13f5b-59fb-4c5f-a7e2-f9aaf3b93c78","859e8f39-8052-4043-b0df-f08b48fac26e","083de88f-afd7-4274-8ded-58ec202c7517","PLACE","PLACE_LIKE","1","2026-05-27 07:42:36.311"
"a746ff70-d819-40ec-887e-388a246e240e","859e8f39-8052-4043-b0df-f08b48fac26e","64fca42c-bc77-49a8-a2bd-0c09b97dcc18","PLACE","PLACE_SHARE","1","2026-05-27 07:42:17.737"
"05e98158-11f1-411e-91b0-1e4a34f0bc97","859e8f39-8052-4043-b0df-f08b48fac26e","41acb503-cacc-4091-ba8a-05151b8c5465","PLACE","PLACE_SHARE","1","2026-05-27 07:42:08.159"
"63b07220-91eb-4c6c-8e11-a3fcf77d8a50","859e8f39-8052-4043-b0df-f08b48fac26e","0bb7f261-f639-4ccb-affe-70e9675ad2a5","PLACE","PLACE_SHARE","1","2026-05-27 07:41:41.055"
"df300417-55fc-4cd3-be5f-cf24954988ff","859e8f39-8052-4043-b0df-f08b48fac26e","0bb7f261-f639-4ccb-affe-70e9675ad2a5","PLACE","PLACE_BOOKMARK","1","2026-05-27 07:41:25.984"
"4cb4724b-8091-4407-a416-638288c3ebac","859e8f39-8052-4043-b0df-f08b48fac26e","ea4ff208-85a0-436c-977a-4e55cafbf0d9","PLACE","PLACE_BOOKMARK","1","2026-05-27 07:41:22.633"
"5eb11a9d-b5f6-4bba-935e-f72e6ab091a5","859e8f39-8052-4043-b0df-f08b48fac26e","ca56fcce-29de-4b05-94f9-65ecdce36e79","PLACE","PLACE_BOOKMARK","1","2026-05-27 07:41:18.403"
"6db8e428-f164-473f-aa77-9154efc77b40","859e8f39-8052-4043-b0df-f08b48fac26e","a3ae9386-0be0-4845-b7c9-d956661044c6","PLACE","PLACE_BOOKMARK","1","2026-05-27 07:41:13.975"
"33b2e008-9e08-4a92-be03-30d202540b5a","859e8f39-8052-4043-b0df-f08b48fac26e","da8fa2cf-3663-4922-855c-52c230d73de7","PLACE","PLACE_BOOKMARK","1","2026-05-27 07:41:09.320"
"1ef06841-5a87-4ded-9523-c94bef5319a5","859e8f39-8052-4043-b0df-f08b48fac26e","da8fa2cf-3663-4922-855c-52c230d73de7","PLACE","PLACE_LIKE","1","2026-05-27 07:41:02.241"
"744bbed7-55b3-4e0f-bc61-da41b2667831","859e8f39-8052-4043-b0df-f08b48fac26e","e13256d2-820e-4eb3-898f-c590c39a5d3e","PLACE","PLACE_LIKE","1","2026-05-27 07:40:59.433"
"68c7c5c2-0a9b-4fa8-a2eb-398620172846","859e8f39-8052-4043-b0df-f08b48fac26e","d1b9eae2-5667-4298-9cbd-5360bda2ff0e","PLACE","PLACE_LIKE","1","2026-05-27 07:40:52.613"
"9f6bdab2-f15c-4f4a-bae8-943f1ecf0226","859e8f39-8052-4043-b0df-f08b48fac26e","512493bd-7e6c-481b-8f9f-2ab477ec260b","PLACE","PLACE_LIKE","1","2026-05-27 07:40:48.447"
"519c3984-2031-4400-bf06-62855e9bf30b","859e8f39-8052-4043-b0df-f08b48fac26e","512493bd-7e6c-481b-8f9f-2ab477ec260b","PLACE","PLACE_UNLIKE","1","2026-05-27 07:40:47.351"
"7c8f637f-6a1d-404c-ba85-b7ed70c92381","4ccc9b9e-4d58-4fa6-b028-c336700bc425","fd4a315c-ca33-493f-a7d5-46e851b6f099","PLACE","PLACE_LIKE","1","2026-05-25 10:20:33.219"
"816e78b1-f696-4fff-9f48-cc7fc52bfc7b","4ccc9b9e-4d58-4fa6-b028-c336700bc425","6a34084e-3c44-4ba7-a1db-bd40272d9a07","PLACE","PLACE_LIKE","1","2026-05-25 10:19:28.231"
"47a8d4db-490d-4c4c-8e53-7e882d472bfc","4ccc9b9e-4d58-4fa6-b028-c336700bc425","d258e668-0d07-4302-9101-b14f85220672","PLACE","PLACE_LIKE","1","2026-05-25 10:17:30.244"
"fde2b257-500f-4978-b680-a5fca62b15c7","4ccc9b9e-4d58-4fa6-b028-c336700bc425","fe594032-0399-4645-b25f-97db90b84562","PLACE","PLACE_SHARE","1","2026-05-25 10:15:51.899"
"3f281f25-4746-4d42-ae49-c7da97bceef0","4ccc9b9e-4d58-4fa6-b028-c336700bc425","ea19f6d8-2166-4204-a076-d555e4a75dcb","PLACE","PLACE_SHARE","1","2026-05-25 10:15:46.304"
"8b2766bf-fb04-411f-a03c-f9caba49730e","4ccc9b9e-4d58-4fa6-b028-c336700bc425","38d70383-0fb4-45cf-ad7e-da90385072af","PLACE","PLACE_SHARE","1","2026-05-25 10:14:11.778"
"1c88e0fb-00ba-4fc8-ae2a-6b4a013aec21","4ccc9b9e-4d58-4fa6-b028-c336700bc425","dac57f60-4d3e-4582-aaf0-03228584e476","PLACE","PLACE_LIKE","1","2026-05-25 10:13:01.687"
"b2bb49b8-ed27-406d-b7a1-f6d5efa85e48","4ccc9b9e-4d58-4fa6-b028-c336700bc425","dac57f60-4d3e-4582-aaf0-03228584e476","PLACE","PLACE_BOOKMARK","1","2026-05-25 10:12:59.708"
"201a5138-4c58-424b-a91a-0c9dfca2ae27","4ccc9b9e-4d58-4fa6-b028-c336700bc425","78332bc9-bcd5-45bf-87f8-2f97ba77b337","PLACE","PLACE_LIKE","1","2026-05-25 10:12:39.784"
"a7d1b14f-79c5-4206-898b-90885e21244c","4ccc9b9e-4d58-4fa6-b028-c336700bc425","78332bc9-bcd5-45bf-87f8-2f97ba77b337","PLACE","PLACE_BOOKMARK","1","2026-05-25 10:12:37.093"
"6246d1d7-1670-4664-8742-f6a336db39ac","4ccc9b9e-4d58-4fa6-b028-c336700bc425","30241e39-4210-40ab-bfab-2acdda3e9ca8","PLACE","PLACE_LIKE","1","2026-05-25 10:12:15.630"
"6e675a98-cc98-43bb-affc-f1297e2cfa9b","4ccc9b9e-4d58-4fa6-b028-c336700bc425","30241e39-4210-40ab-bfab-2acdda3e9ca8","PLACE","PLACE_BOOKMARK","1","2026-05-25 10:12:14.928"
"897f9200-d447-4b98-873c-803a670cf0ab","4ccc9b9e-4d58-4fa6-b028-c336700bc425","6a34084e-3c44-4ba7-a1db-bd40272d9a07","PLACE","PLACE_BOOKMARK","1","2026-05-25 10:11:58.258"
"220df74d-fabf-4c25-9715-d6d552bb42c2","4ccc9b9e-4d58-4fa6-b028-c336700bc425","9f7fb803-d7ed-4c5e-9de2-e757fe4b8459","PLACE","PLACE_BOOKMARK","1","2026-05-25 10:11:25.080"
"508db39f-6fcd-4a06-a8db-fa9326ed64a5","4ccc9b9e-4d58-4fa6-b028-c336700bc425","9f7fb803-d7ed-4c5e-9de2-e757fe4b8459","PLACE","PLACE_LIKE","1","2026-05-25 10:11:12.193"
"96950278-0823-4ef2-b62e-a73ee9e24f06","4ccc9b9e-4d58-4fa6-b028-c336700bc425","de1e86f3-1d95-4cfe-9425-040fec0ffd5c","PLACE","PLACE_LIKE","1","2026-05-25 10:09:54.868"
"7f579728-b4b7-43a9-9324-58e1f1b8f69f","4ccc9b9e-4d58-4fa6-b028-c336700bc425","78e1e791-64a3-49c6-b560-0f345d39170c","PLACE","PLACE_LIKE","1","2026-05-25 10:09:29.928"
"c52690fd-2d9a-45ac-a4b2-3ad7a8d87ba8","4ccc9b9e-4d58-4fa6-b028-c336700bc425","9c92cd5f-6ab0-43d0-b24a-83e39152b1e9","PLACE","PLACE_LIKE","1","2026-05-25 10:07:18.843"
"d70ff08c-9c9d-495d-9b4c-ee7074620108","4ccc9b9e-4d58-4fa6-b028-c336700bc425","512493bd-7e6c-481b-8f9f-2ab477ec260b","PLACE","PLACE_LIKE","1","2026-05-25 10:06:55.985"
"0fe20bd8-7a3d-493b-8b0e-ebcf837abde6","4ccc9b9e-4d58-4fa6-b028-c336700bc425","a26134dd-21ea-45dd-9f72-0b96d026229f","PLACE","PLACE_LIKE","1","2026-05-25 10:06:10.750"
"65646382-3018-4772-a3c8-0a4f9045f775","93886924-5568-40d6-83ce-9222a297333b","0bb7f261-f639-4ccb-affe-70e9675ad2a5","PLACE","PLACE_LIKE","1","2026-05-25 09:58:59.339"
"1dfb3b28-8550-430e-b6c4-335f91b91c63","93886924-5568-40d6-83ce-9222a297333b","fd4a315c-ca33-493f-a7d5-46e851b6f099","PLACE","PLACE_LIKE","1","2026-05-25 09:58:52.830"
"4c2a6702-00e4-48c1-bcfe-a4453530a690","93886924-5568-40d6-83ce-9222a297333b","c71ee7cc-a091-418d-9972-8e7265b41acb","PLACE","PLACE_LIKE","1","2026-05-25 09:58:13.941"
"2eff15fe-2a98-4339-a00f-432f76919d4b","93886924-5568-40d6-83ce-9222a297333b","c71ee7cc-a091-418d-9972-8e7265b41acb","PLACE","PLACE_SHARE","1","2026-05-25 09:58:06.378"
"6d23f4cb-3cf0-4f6d-b823-29bea2249d5b","93886924-5568-40d6-83ce-9222a297333b","ccee39f5-fba6-47a5-8acc-66f2ede15e47","PLACE","PLACE_SHARE","1","2026-05-25 09:57:31.057"
"4ca250ea-f10e-4ee0-a27a-5f01214ba4b0","93886924-5568-40d6-83ce-9222a297333b","6a34084e-3c44-4ba7-a1db-bd40272d9a07","PLACE","PLACE_SHARE","1","2026-05-25 09:57:09.445"
"7f806e47-e5ae-472b-bba8-c9b6210ebbd2","93886924-5568-40d6-83ce-9222a297333b","f6c186aa-10bc-4ad7-8fd8-3e05c9b91227","PLACE","PLACE_BOOKMARK","1","2026-05-25 09:56:40.519"
"2a18879b-f651-45da-a0fc-c37261969e2e","93886924-5568-40d6-83ce-9222a297333b","c71ee7cc-a091-418d-9972-8e7265b41acb","PLACE","PLACE_BOOKMARK","1","2026-05-25 09:56:32.503"
"5d6853fe-5d3e-4803-8fa0-3bd40d823540","93886924-5568-40d6-83ce-9222a297333b","3b5a747b-8835-471f-a984-01e598a29ace","PLACE","PLACE_BOOKMARK","1","2026-05-25 09:56:16.297"
"e2b36648-663e-42af-a86e-f5ec0638fe50","93886924-5568-40d6-83ce-9222a297333b","de1e86f3-1d95-4cfe-9425-040fec0ffd5c","PLACE","PLACE_BOOKMARK","1","2026-05-25 09:56:01.211"
"f8876d6d-f13d-4112-9774-b6dcad8cbeee","93886924-5568-40d6-83ce-9222a297333b","78e1e791-64a3-49c6-b560-0f345d39170c","PLACE","PLACE_BOOKMARK","1","2026-05-25 09:55:47.934"
"3b131055-b905-4ca9-925f-6fba405e699a","93886924-5568-40d6-83ce-9222a297333b","aecdcab5-daa0-495f-b282-0b04ae760d81","PLACE","PLACE_LIKE","1","2026-05-25 09:55:24.503"
"10464524-1307-4210-b246-2fe142a65b11","93886924-5568-40d6-83ce-9222a297333b","aff6f631-6e69-4b4a-b6d2-94ffc9a46edf","PLACE","PLACE_LIKE","1","2026-05-25 09:54:56.891"
"2be7f701-922c-46b3-bb39-8fea5b3192a5","93886924-5568-40d6-83ce-9222a297333b","ea19f6d8-2166-4204-a076-d555e4a75dcb","PLACE","PLACE_LIKE","1","2026-05-25 09:54:27.020"
"8b4422e1-2266-46b7-87d7-b3e2020d0c46","90ca3254-c4fc-42bc-99ed-92564ccf8a18","1707aa84-3811-4e10-bf15-7af5ef79b518","PLACE","PLACE_UNLIKE","1","2026-05-24 04:46:57.179"
"512bc446-9715-4fff-8101-28b26de52d27","90ca3254-c4fc-42bc-99ed-92564ccf8a18","1707aa84-3811-4e10-bf15-7af5ef79b518","PLACE","PLACE_LIKE","1","2026-05-24 04:46:56.408"
"5f274860-f338-4835-b485-224219776445","90ca3254-c4fc-42bc-99ed-92564ccf8a18","fd4a315c-ca33-493f-a7d5-46e851b6f099","PLACE","PLACE_UNLIKE","1","2026-05-24 01:50:08.603"
"bf65f62a-d1c8-41b5-9dc4-402b6da8f861","90ca3254-c4fc-42bc-99ed-92564ccf8a18","fd4a315c-ca33-493f-a7d5-46e851b6f099","PLACE","PLACE_LIKE","1","2026-05-24 01:50:07.258"
"0fbf967f-4c71-4ac3-94a6-6aace4f1f303","2178a22c-faa6-4117-a31e-be606755596e","d258e668-0d07-4302-9101-b14f85220672","PLACE","PLACE_LIKE","1","2026-02-22 05:57:22.720"
"537bb915-315e-43cd-a6f0-fa3e034c9bac","2178a22c-faa6-4117-a31e-be606755596e","fd4a315c-ca33-493f-a7d5-46e851b6f099","PLACE","PLACE_LIKE","1","2026-02-22 05:57:17.515"
"73bdd9a9-2998-4798-90d9-c2d50f0ff9af","90ca3254-c4fc-42bc-99ed-92564ccf8a18","0b889eb5-c3b5-49fd-8781-4aec8c9c8836","PLACE","PLACE_UNLIKE","1","2025-11-23 05:19:40.728"
"3bbf171f-6fae-46f9-bab9-6b5a5a462ed4","90ca3254-c4fc-42bc-99ed-92564ccf8a18","0b889eb5-c3b5-49fd-8781-4aec8c9c8836","PLACE","PLACE_LIKE","1","2025-11-23 05:19:39.927"
"0dcf581e-d6d3-4b32-bfd7-11c49c68a22b","90ca3254-c4fc-42bc-99ed-92564ccf8a18","0b889eb5-c3b5-49fd-8781-4aec8c9c8836","PLACE","PLACE_UNLIKE","1","2025-11-23 05:19:27.053"
"07ebeb9c-4592-4d54-b9a5-8fc662bc5874","90ca3254-c4fc-42bc-99ed-92564ccf8a18","0b889eb5-c3b5-49fd-8781-4aec8c9c8836","PLACE","PLACE_LIKE","1","2025-11-23 05:19:23.911"
"84c9fcd9-e545-42c1-9f77-9514977213d4","687fd043-f5fc-49c0-a236-5e22d396b9a3","ca56fcce-29de-4b05-94f9-65ecdce36e79","PLACE","PLACE_LIKE","1","2025-11-14 05:59:20.499"
"50cff67b-988b-4868-8530-e665e0676897","687fd043-f5fc-49c0-a236-5e22d396b9a3","53d1584a-8e54-4c4c-a2a9-d05c3e1a23eb","PLACE","PLACE_LIKE","1","2025-11-14 05:59:06.105"
"a01d053b-8acf-43ee-a87b-96afa3b5846f","687fd043-f5fc-49c0-a236-5e22d396b9a3","512493bd-7e6c-481b-8f9f-2ab477ec260b","PLACE","PLACE_LIKE","1","2025-11-14 05:58:54.178"
"b621cccf-c8fb-44dc-bbc5-f09b72e55cdd","687fd043-f5fc-49c0-a236-5e22d396b9a3","512493bd-7e6c-481b-8f9f-2ab477ec260b","PLACE","PLACE_SHARE","1","2025-11-14 05:58:47.592"
"1315559a-3110-4d99-a0cf-2de25cf76060","687fd043-f5fc-49c0-a236-5e22d396b9a3","d2cae632-bd18-45af-9595-62f072681ad3","PLACE","PLACE_SHARE","1","2025-11-14 05:58:35.251"
"c3a555f8-43ea-49ba-ad85-c2f2df310ff1","687fd043-f5fc-49c0-a236-5e22d396b9a3","d258e668-0d07-4302-9101-b14f85220672","PLACE","PLACE_SHARE","1","2025-11-14 05:58:24.620"
"634b3168-e693-45ca-bded-de143b8ca978","687fd043-f5fc-49c0-a236-5e22d396b9a3","dac57f60-4d3e-4582-aaf0-03228584e476","PLACE","PLACE_UNBOOKMARK","1","2025-11-14 05:57:46.487"
"0aaad212-c010-4827-95d7-c50728a5e57b","687fd043-f5fc-49c0-a236-5e22d396b9a3","dac57f60-4d3e-4582-aaf0-03228584e476","PLACE","PLACE_BOOKMARK","1","2025-11-14 05:57:44.117"
"7597b7ed-d4cd-479b-a6f9-1fa0633b4366","687fd043-f5fc-49c0-a236-5e22d396b9a3","f6c186aa-10bc-4ad7-8fd8-3e05c9b91227","PLACE","PLACE_BOOKMARK","1","2025-11-14 05:57:38.108"
"10ede868-3ecb-4447-916d-c2115b117e2f","687fd043-f5fc-49c0-a236-5e22d396b9a3","a2c52674-4372-4590-b783-fc58ab97d45e","PLACE","PLACE_BOOKMARK","1","2025-11-14 05:57:33.503"
"28b18ba1-43f5-443b-96b4-90aad83b57a0","687fd043-f5fc-49c0-a236-5e22d396b9a3","3b5a747b-8835-471f-a984-01e598a29ace","PLACE","PLACE_BOOKMARK","1","2025-11-14 05:57:26.865"
"1209d9a2-f41d-471d-af39-5eac5ce7e172","687fd043-f5fc-49c0-a236-5e22d396b9a3","30241e39-4210-40ab-bfab-2acdda3e9ca8","PLACE","PLACE_BOOKMARK","1","2025-11-14 05:57:22.762"
"13f80412-4f26-4ff5-81ad-cf2847e79cbe","687fd043-f5fc-49c0-a236-5e22d396b9a3","24044edf-44c8-4d66-bea3-2263d784e1b1","PLACE","PLACE_BOOKMARK","1","2025-11-14 05:57:15.814"
"19f404bb-a15c-4794-951e-f687aa705392","687fd043-f5fc-49c0-a236-5e22d396b9a3","eb09c8c6-099c-4610-ac40-d0f8b639b244","PLACE","PLACE_BOOKMARK","1","2025-11-14 05:57:03.596"
"f94d63fb-24f5-4edc-bc7f-e220983f4982","687fd043-f5fc-49c0-a236-5e22d396b9a3","da8fa2cf-3663-4922-855c-52c230d73de7","PLACE","PLACE_LIKE","1","2025-11-14 05:56:10.105"
"c5046731-3e3f-433d-8c61-a203f56a878c","687fd043-f5fc-49c0-a236-5e22d396b9a3","ea4ff208-85a0-436c-977a-4e55cafbf0d9","PLACE","PLACE_LIKE","1","2025-11-14 05:56:00.107"
"a685f241-89b3-4034-a6db-416028fe343c","687fd043-f5fc-49c0-a236-5e22d396b9a3","0b889eb5-c3b5-49fd-8781-4aec8c9c8836","PLACE","PLACE_LIKE","1","2025-11-14 05:55:48.094"
"05385fdb-e3fa-4c76-ba10-0b9ab59a660f","859e8f39-8052-4043-b0df-f08b48fac26e","cc5d5eee-7682-4e1c-afe9-5d18ee380b81","PLACE","PLACE_LIKE","1","2025-11-11 16:03:25.587"
"4b7eaed3-bb4d-403b-8127-246e80028589","90ca3254-c4fc-42bc-99ed-92564ccf8a18","9de3fd85-bd78-4807-99dd-4360eb4788c5","PLACE","PLACE_SHARE","1","2025-11-09 15:05:17.508"
"c5780b21-cf66-4239-b10f-31e953e876db","90ca3254-c4fc-42bc-99ed-92564ccf8a18","9de3fd85-bd78-4807-99dd-4360eb4788c5","PLACE","PLACE_BOOKMARK","1","2025-11-09 15:05:09.339"
"e430e464-01fe-4c98-9207-0d452e291cbf","90ca3254-c4fc-42bc-99ed-92564ccf8a18","9de3fd85-bd78-4807-99dd-4360eb4788c5","PLACE","PLACE_LIKE","1","2025-11-09 15:05:07.882"
"d99adfe3-1775-4962-a1d9-31595705c9ed","90ca3254-c4fc-42bc-99ed-92564ccf8a18","31c72d55-d320-4db2-b232-01a008ce7af0","PLACE","PLACE_BOOKMARK","1","2025-11-09 15:04:48.491"
"48a9c4e7-5bf8-4c2d-bbdc-21e921e367a6","90ca3254-c4fc-42bc-99ed-92564ccf8a18","31c72d55-d320-4db2-b232-01a008ce7af0","PLACE","PLACE_LIKE","1","2025-11-09 15:04:47.155"
"6f72b403-a7f6-4603-aa09-0cb8ee4659b4","90ca3254-c4fc-42bc-99ed-92564ccf8a18","78332bc9-bcd5-45bf-87f8-2f97ba77b337","PLACE","PLACE_BOOKMARK","1","2025-11-08 11:27:10.521"
"d7ce0441-4cf5-4501-beeb-8ec248ecd297","90ca3254-c4fc-42bc-99ed-92564ccf8a18","78332bc9-bcd5-45bf-87f8-2f97ba77b337","PLACE","PLACE_LIKE","1","2025-11-08 11:27:05.991"
"8879f66a-6d8f-453e-a742-86aad350ae0f","90ca3254-c4fc-42bc-99ed-92564ccf8a18","03070dae-5e12-42c0-b214-395c0899396a","PLACE","PLACE_LIKE","1","2025-11-03 23:57:09.449"
"c6a676cd-1536-4a75-89a4-67b22d64191c","90ca3254-c4fc-42bc-99ed-92564ccf8a18","03070dae-5e12-42c0-b214-395c0899396a","PLACE","PLACE_BOOKMARK","1","2025-11-03 23:57:07.119"
"31a6e7ae-ff66-4fd6-b170-260e64d34e97","90ca3254-c4fc-42bc-99ed-92564ccf8a18","d2cae632-bd18-45af-9595-62f072681ad3","PLACE","PLACE_BOOKMARK","1","2025-11-03 22:47:29.072"
"a17cdbae-62ce-462c-b3ec-f080239a96e1","90ca3254-c4fc-42bc-99ed-92564ccf8a18","d2cae632-bd18-45af-9595-62f072681ad3","PLACE","PLACE_UNBOOKMARK","1","2025-11-03 22:47:27.666"
"57b284f4-eb9a-4923-8413-d80be57b5674","90ca3254-c4fc-42bc-99ed-92564ccf8a18","d2cae632-bd18-45af-9595-62f072681ad3","PLACE","PLACE_LIKE","1","2025-11-03 22:47:24.801"
"ff75cca2-971f-475e-8770-01d5342df72c","90ca3254-c4fc-42bc-99ed-92564ccf8a18","d2cae632-bd18-45af-9595-62f072681ad3","PLACE","PLACE_BOOKMARK","1","2025-11-03 22:47:23.673"
"77bb6a18-bcee-4ac6-adcb-730ccd8e0b4b","90ca3254-c4fc-42bc-99ed-92564ccf8a18","e13256d2-820e-4eb3-898f-c590c39a5d3e","PLACE","PLACE_UNLIKE","1","2025-11-03 22:46:44.760"
"24a10cdf-207d-438c-877f-f7d0a566783a","90ca3254-c4fc-42bc-99ed-92564ccf8a18","e13256d2-820e-4eb3-898f-c590c39a5d3e","PLACE","PLACE_UNBOOKMARK","1","2025-11-03 22:46:43.898"
"6230bdb0-fdda-4ddf-a673-88acfabf5792","90ca3254-c4fc-42bc-99ed-92564ccf8a18","51e4f8a2-aa90-45b0-90f2-bf3ba57ce635","PLACE","PLACE_BOOKMARK","1","2025-11-03 22:46:12.532"
"e0baf9c2-a98b-48b1-9d49-e8c949dc93e8","90ca3254-c4fc-42bc-99ed-92564ccf8a18","51e4f8a2-aa90-45b0-90f2-bf3ba57ce635","PLACE","PLACE_LIKE","1","2025-11-03 22:46:09.409"
"2738e033-46fd-416b-9dcd-1c8c6bd2f407","096b7084-aa12-4617-9a2a-d8da16b7dd1e","da8fa2cf-3663-4922-855c-52c230d73de7","PLACE","PLACE_LIKE","1","2025-11-03 10:23:13.210"
"008c18a9-55b3-49d5-8274-0ce395dd9c10","096b7084-aa12-4617-9a2a-d8da16b7dd1e","ccb6ade6-6dbd-443f-8ffc-38ce7c331392","PLACE","PLACE_LIKE","1","2025-11-03 10:22:59.442"
"f54fda41-55df-4a2f-8514-b0a9fa80f8df","096b7084-aa12-4617-9a2a-d8da16b7dd1e","0bb7f261-f639-4ccb-affe-70e9675ad2a5","PLACE","PLACE_LIKE","1","2025-11-03 10:22:49.433"
"2522ae24-7567-4443-a592-9d5ed93a6e7e","096b7084-aa12-4617-9a2a-d8da16b7dd1e","0bb7f261-f639-4ccb-affe-70e9675ad2a5","PLACE","PLACE_SHARE","1","2025-11-03 10:22:35.423"
"d6c53700-aa39-404b-a68f-904eac676191","096b7084-aa12-4617-9a2a-d8da16b7dd1e","da8fa2cf-3663-4922-855c-52c230d73de7","PLACE","PLACE_SHARE","1","2025-11-03 10:22:22.465"
"806ecf1d-2de6-4df7-b1e8-79b31568cb26","096b7084-aa12-4617-9a2a-d8da16b7dd1e","512493bd-7e6c-481b-8f9f-2ab477ec260b","PLACE","PLACE_SHARE","1","2025-11-03 10:22:13.248"
"10760294-49fd-48d8-889c-6cd788204623","096b7084-aa12-4617-9a2a-d8da16b7dd1e","512493bd-7e6c-481b-8f9f-2ab477ec260b","PLACE","PLACE_BOOKMARK","1","2025-11-03 10:21:57.491"
"a51d7d5b-2aca-472a-b8d4-7499e0c35721","096b7084-aa12-4617-9a2a-d8da16b7dd1e","e13256d2-820e-4eb3-898f-c590c39a5d3e","PLACE","PLACE_BOOKMARK","1","2025-11-03 10:20:53.968"
"6cae3b17-6001-4ace-b2a6-1d2f6d24bc84","096b7084-aa12-4617-9a2a-d8da16b7dd1e","1707aa84-3811-4e10-bf15-7af5ef79b518","PLACE","PLACE_BOOKMARK","1","2025-11-03 10:20:41.617"
"af7e7240-9774-4988-87ba-fa01ddf6e3e3","096b7084-aa12-4617-9a2a-d8da16b7dd1e","ea19f6d8-2166-4204-a076-d555e4a75dcb","PLACE","PLACE_BOOKMARK","1","2025-11-03 10:20:18.931"
"c470b668-19b9-417a-8421-eacae54d48ce","096b7084-aa12-4617-9a2a-d8da16b7dd1e","c71ee7cc-a091-418d-9972-8e7265b41acb","PLACE","PLACE_BOOKMARK","1","2025-11-03 10:19:27.047"
"532728a1-fd5c-41b3-a2f5-5ffb9e505674","096b7084-aa12-4617-9a2a-d8da16b7dd1e","512493bd-7e6c-481b-8f9f-2ab477ec260b","PLACE","PLACE_LIKE","1","2025-11-03 10:19:10.950"
"c78b0564-f9e3-45e1-bf66-65189432a35f","096b7084-aa12-4617-9a2a-d8da16b7dd1e","d1b9eae2-5667-4298-9cbd-5360bda2ff0e","PLACE","PLACE_LIKE","1","2025-11-03 10:18:57.100"
"c928c3cd-536d-4cd3-b59a-1264b8db3ea7","096b7084-aa12-4617-9a2a-d8da16b7dd1e","ca56fcce-29de-4b05-94f9-65ecdce36e79","PLACE","PLACE_LIKE","1","2025-11-03 10:18:42.897"
"df12c587-2cf1-4fd1-a369-13b0fc350f0f","90ca3254-c4fc-42bc-99ed-92564ccf8a18","53d1584a-8e54-4c4c-a2a9-d05c3e1a23eb","PLACE","PLACE_UNBOOKMARK","1","2025-11-01 14:47:34.454"
"00ee6603-b14c-4608-85a8-2d6728748181","838bd137-4de9-4ed3-92c6-79133e7b182f","03070dae-5e12-42c0-b214-395c0899396a","PLACE","PLACE_LIKE","1","2025-11-01 09:40:43.994"
"ab4681b0-d8ad-4bc5-ad2a-d51e2c01503f","838bd137-4de9-4ed3-92c6-79133e7b182f","d258e668-0d07-4302-9101-b14f85220672","PLACE","PLACE_LIKE","1","2025-11-01 09:40:32.679"
"c33ea837-37f5-493e-9098-aef53e3c34bf","838bd137-4de9-4ed3-92c6-79133e7b182f","da8fa2cf-3663-4922-855c-52c230d73de7","PLACE","PLACE_LIKE","1","2025-11-01 09:40:14.835"
"6f5cf6bf-8269-4af6-b087-107ac17def0b","90ca3254-c4fc-42bc-99ed-92564ccf8a18","ea19f6d8-2166-4204-a076-d555e4a75dcb","PLACE","PLACE_UNBOOKMARK","1","2025-11-01 03:55:33.794"
"9f96dda2-2d40-4227-b26c-3fa78ace5549","90ca3254-c4fc-42bc-99ed-92564ccf8a18","ea19f6d8-2166-4204-a076-d555e4a75dcb","PLACE","PLACE_UNBOOKMARK","1","2025-11-01 03:55:30.882"
"3c699932-c644-4a38-b4ea-c35fe56f8d05","90ca3254-c4fc-42bc-99ed-92564ccf8a18","ea19f6d8-2166-4204-a076-d555e4a75dcb","PLACE","PLACE_UNBOOKMARK","1","2025-11-01 03:55:28.616"
"676a5e46-37e3-4709-bb57-ecf1d0470124","90ca3254-c4fc-42bc-99ed-92564ccf8a18","ea19f6d8-2166-4204-a076-d555e4a75dcb","PLACE","PLACE_BOOKMARK","1","2025-11-01 03:55:28.074"
"0880cc23-b913-478b-a145-4f36b4d5e6ff","90ca3254-c4fc-42bc-99ed-92564ccf8a18","ea19f6d8-2166-4204-a076-d555e4a75dcb","PLACE","PLACE_BOOKMARK","1","2025-11-01 03:55:27.558"
"0d61a647-83b2-404e-b3a1-430225b78161","90ca3254-c4fc-42bc-99ed-92564ccf8a18","ea19f6d8-2166-4204-a076-d555e4a75dcb","PLACE","PLACE_BOOKMARK","1","2025-11-01 03:55:26.461"
"21e1e114-a681-4bb8-9e4c-a9cc1f37a3c1","61c682da-77fc-421b-aa06-ebdf2a0047a6","e9001d6f-5566-42eb-a1fc-81272c4edd55","PLACE","PLACE_LIKE","1","2025-10-31 13:01:58.644"
"54052228-f6f2-4983-8789-5e6965ac50a7","61c682da-77fc-421b-aa06-ebdf2a0047a6","9f7fb803-d7ed-4c5e-9de2-e757fe4b8459","PLACE","PLACE_LIKE","1","2025-10-31 13:01:51.642"
"d61899cb-8fc2-43c8-b160-7e5a7a8ddfe9","61c682da-77fc-421b-aa06-ebdf2a0047a6","c71ee7cc-a091-418d-9972-8e7265b41acb","PLACE","PLACE_LIKE","1","2025-10-31 13:01:41.184"
"df8b380b-01a4-4ff1-9610-6b341d198add","61c682da-77fc-421b-aa06-ebdf2a0047a6","c71ee7cc-a091-418d-9972-8e7265b41acb","PLACE","PLACE_SHARE","1","2025-10-31 13:01:33.790"
"8502565e-9af5-4d41-9260-9b7b30f04f89","61c682da-77fc-421b-aa06-ebdf2a0047a6","6a34084e-3c44-4ba7-a1db-bd40272d9a07","PLACE","PLACE_SHARE","1","2025-10-31 13:01:15.973"
"8fba6e8a-3ef6-49e4-b10b-3b5a0d23d35a","61c682da-77fc-421b-aa06-ebdf2a0047a6","38d70383-0fb4-45cf-ad7e-da90385072af","PLACE","PLACE_SHARE","1","2025-10-31 13:00:50.799"
"749f47fe-155f-4dd9-bf2d-4bbbca7c34e7","61c682da-77fc-421b-aa06-ebdf2a0047a6","24044edf-44c8-4d66-bea3-2263d784e1b1","PLACE","PLACE_BOOKMARK","1","2025-10-31 13:00:10.655"
"d68edff1-443d-4464-892d-5b333fb97bf4","61c682da-77fc-421b-aa06-ebdf2a0047a6","66689230-36d6-411c-8535-ae705757eda9","PLACE","PLACE_BOOKMARK","1","2025-10-31 13:00:02.862"
"2966cae0-f1fc-447d-867b-996518487335","61c682da-77fc-421b-aa06-ebdf2a0047a6","96ca8921-faf6-40a9-b4aa-b6caa921a492","PLACE","PLACE_BOOKMARK","1","2025-10-31 12:59:54.928"
"c8a57a16-b683-4621-bc0c-b6b63743d17a","61c682da-77fc-421b-aa06-ebdf2a0047a6","78332bc9-bcd5-45bf-87f8-2f97ba77b337","PLACE","PLACE_BOOKMARK","1","2025-10-31 12:59:42.284"
"241aba12-b2b1-43e3-b79d-e9db05654245","61c682da-77fc-421b-aa06-ebdf2a0047a6","78e1e791-64a3-49c6-b560-0f345d39170c","PLACE","PLACE_BOOKMARK","1","2025-10-31 12:59:32.044"
"e208b047-3fce-44a7-8b1e-4ea3474196aa","61c682da-77fc-421b-aa06-ebdf2a0047a6","ea19f6d8-2166-4204-a076-d555e4a75dcb","PLACE","PLACE_LIKE","1","2025-10-31 12:59:15.508"
"e670441c-268d-49c3-a873-84918c67d265","61c682da-77fc-421b-aa06-ebdf2a0047a6","fd4a315c-ca33-493f-a7d5-46e851b6f099","PLACE","PLACE_LIKE","1","2025-10-31 12:57:40.443"
"3ffc8c57-bbf6-4a92-b56b-a48ba3d4df2b","61c682da-77fc-421b-aa06-ebdf2a0047a6","ca56fcce-29de-4b05-94f9-65ecdce36e79","PLACE","PLACE_LIKE","1","2025-10-31 12:57:24.405"
"284977e0-3acb-48d6-abc5-dde133858d94","973fd4c2-bf41-4779-9256-2ceb3390fd62","ca56fcce-29de-4b05-94f9-65ecdce36e79","PLACE","PLACE_LIKE","1","2025-10-31 12:52:51.027"
"9d0dc354-6b28-412a-b918-1b5b206f908a","973fd4c2-bf41-4779-9256-2ceb3390fd62","30241e39-4210-40ab-bfab-2acdda3e9ca8","PLACE","PLACE_LIKE","1","2025-10-31 12:52:40.973"
"91d34e3d-c385-4b23-842d-286949d6f597","973fd4c2-bf41-4779-9256-2ceb3390fd62","5569a4af-d2c4-4e9a-b8ca-a727eff162c8","PLACE","PLACE_LIKE","1","2025-10-31 12:52:27.160"
"559c6931-e907-447d-be8a-c82ce3a5aeae","973fd4c2-bf41-4779-9256-2ceb3390fd62","5569a4af-d2c4-4e9a-b8ca-a727eff162c8","PLACE","PLACE_UNLIKE","1","2025-10-31 12:52:25.081"
"2600617e-0d4c-4293-8e5b-1ed2fe27c2ed","973fd4c2-bf41-4779-9256-2ceb3390fd62","64fca42c-bc77-49a8-a2bd-0c09b97dcc18","PLACE","PLACE_LIKE","1","2025-10-31 12:52:17.655"
"0cdc70dc-1ea3-42b8-8ea1-d1db9be7b429","973fd4c2-bf41-4779-9256-2ceb3390fd62","64fca42c-bc77-49a8-a2bd-0c09b97dcc18","PLACE","PLACE_UNLIKE","1","2025-10-31 12:52:15.861"
"ff49ebbe-9cd7-4265-9999-cc26c16b1413","973fd4c2-bf41-4779-9256-2ceb3390fd62","64fca42c-bc77-49a8-a2bd-0c09b97dcc18","PLACE","PLACE_SHARE","1","2025-10-31 12:52:11.064"
"10f281bf-c105-4640-a087-28e68f07e1ad","973fd4c2-bf41-4779-9256-2ceb3390fd62","64fca42c-bc77-49a8-a2bd-0c09b97dcc18","PLACE","PLACE_BOOKMARK","1","2025-10-31 12:52:04.197"
"414ead70-4d0e-4176-8db7-d448365c693c","973fd4c2-bf41-4779-9256-2ceb3390fd62","64fca42c-bc77-49a8-a2bd-0c09b97dcc18","PLACE","PLACE_LIKE","1","2025-10-31 12:52:02.625"
"7067bfa9-6dbb-4ba8-99af-0354db53b745","973fd4c2-bf41-4779-9256-2ceb3390fd62","48ce4498-544f-43dc-86bd-806bc876d938","PLACE","PLACE_BOOKMARK","1","2025-10-31 12:51:55.438"
"b9e9f454-b164-4eb0-9333-6684e2e6928a","973fd4c2-bf41-4779-9256-2ceb3390fd62","48ce4498-544f-43dc-86bd-806bc876d938","PLACE","PLACE_LIKE","1","2025-10-31 12:51:54.481"
"2edc81e3-bdde-4764-93ba-c38065910f94","973fd4c2-bf41-4779-9256-2ceb3390fd62","48ce4498-544f-43dc-86bd-806bc876d938","PLACE","PLACE_SHARE","1","2025-10-31 12:51:52.202"
"37986a1a-b7c4-4ac7-9e3c-f3bb6fd3bbd1","973fd4c2-bf41-4779-9256-2ceb3390fd62","83ca982c-825c-49da-ab16-13038535cbb4","PLACE","PLACE_SHARE","1","2025-10-31 12:51:36.085"
"2d24ace0-5d9a-4b21-942f-b728b754e463","973fd4c2-bf41-4779-9256-2ceb3390fd62","83ca982c-825c-49da-ab16-13038535cbb4","PLACE","PLACE_BOOKMARK","1","2025-10-31 12:51:21.262"
"3da5d52f-a792-437e-afc3-60014e152a14","973fd4c2-bf41-4779-9256-2ceb3390fd62","fd4a315c-ca33-493f-a7d5-46e851b6f099","PLACE","PLACE_BOOKMARK","1","2025-10-31 12:51:08.953"
"bda38414-8382-4dcd-9f96-d9e7cdf058c3","973fd4c2-bf41-4779-9256-2ceb3390fd62","9f7fb803-d7ed-4c5e-9de2-e757fe4b8459","PLACE","PLACE_BOOKMARK","1","2025-10-31 12:50:56.456"
"0e244803-a6e3-4774-929f-4968d16e6423","973fd4c2-bf41-4779-9256-2ceb3390fd62","4ef1d09f-839a-4085-973b-4e359232025c","PLACE","PLACE_BOOKMARK","1","2025-10-31 12:50:43.630"
"9ff60fb9-9937-4041-8e32-15f89a84b655","6d4225ca-52e7-47e1-a208-7f82db5879d3","53d1584a-8e54-4c4c-a2a9-d05c3e1a23eb","PLACE","PLACE_LIKE","1","2025-10-31 12:50:31.719"
"cb444ff5-6a8c-41cf-8a97-34743dab4c27","973fd4c2-bf41-4779-9256-2ceb3390fd62","ea19f6d8-2166-4204-a076-d555e4a75dcb","PLACE","PLACE_BOOKMARK","1","2025-10-31 12:50:26.767"
"3c15ef9a-8320-46e1-a248-efeb524a18cb","6d4225ca-52e7-47e1-a208-7f82db5879d3","ea19f6d8-2166-4204-a076-d555e4a75dcb","PLACE","PLACE_LIKE","1","2025-10-31 12:50:25.931"
"f37a0d40-b506-4bf2-9146-2e17f3b11d25","973fd4c2-bf41-4779-9256-2ceb3390fd62","ea19f6d8-2166-4204-a076-d555e4a75dcb","PLACE","PLACE_LIKE","1","2025-10-31 12:50:21.906"
"2e5d03db-42de-4602-913c-dcb05212f77a","878b2930-431c-429b-9500-ff3e2394b7c5","6d2f307c-00ab-43e8-b0cf-899934e3ea0d","PLACE","PLACE_REVIEW","1","2025-10-31 12:50:21.724"
"5b134bf1-231a-4199-9469-bf9d68a9092e","6d4225ca-52e7-47e1-a208-7f82db5879d3","ca56fcce-29de-4b05-94f9-65ecdce36e79","PLACE","PLACE_LIKE","1","2025-10-31 12:50:20.959"
"59d25465-18e4-4d28-978b-fbc8b9ff14a0","6d4225ca-52e7-47e1-a208-7f82db5879d3","ca56fcce-29de-4b05-94f9-65ecdce36e79","PLACE","PLACE_SHARE","1","2025-10-31 12:50:10.145"
"f516b405-0f10-48b3-8721-a4d2534bfbae","973fd4c2-bf41-4779-9256-2ceb3390fd62","5569a4af-d2c4-4e9a-b8ca-a727eff162c8","PLACE","PLACE_LIKE","1","2025-10-31 12:50:03.650"
"b10c6598-75d5-47b6-bfad-e42b55cd740e","878b2930-431c-429b-9500-ff3e2394b7c5","248bfd6a-6a69-41ad-a853-1f07337a77d1","PLACE","PLACE_LIKE","1","2025-10-31 12:49:55.528"
"c51af57e-2511-4b67-a651-b4355f0544fc","6d4225ca-52e7-47e1-a208-7f82db5879d3","ea19f6d8-2166-4204-a076-d555e4a75dcb","PLACE","PLACE_SHARE","1","2025-10-31 12:49:54.906"
"b086e7fa-7967-4d5a-a690-18d4fa6f2ded","973fd4c2-bf41-4779-9256-2ceb3390fd62","a26134dd-21ea-45dd-9f72-0b96d026229f","PLACE","PLACE_LIKE","1","2025-10-31 12:49:52.305"
"47b59355-539a-47d6-9c1d-5c9c3a99d545","878b2930-431c-429b-9500-ff3e2394b7c5","1707aa84-3811-4e10-bf15-7af5ef79b518","PLACE","PLACE_LIKE","1","2025-10-31 12:49:49.742"
"8c80237a-d373-4876-87ac-e321b1fe0a5c","878b2930-431c-429b-9500-ff3e2394b7c5","ccb6ade6-6dbd-443f-8ffc-38ce7c331392","PLACE","PLACE_LIKE","1","2025-10-31 12:49:46.007"
"931ae18c-45b0-42a3-b9ac-6acbb7a8e66c","6d4225ca-52e7-47e1-a208-7f82db5879d3","a3ae9386-0be0-4845-b7c9-d956661044c6","PLACE","PLACE_SHARE","1","2025-10-31 12:49:38.803"
"c0613c02-3127-4f38-84aa-230c0e88bab2","878b2930-431c-429b-9500-ff3e2394b7c5","1fe8c4b4-216f-40a8-bef1-b8aeea213967","PLACE","PLACE_SHARE","1","2025-10-31 12:49:37.452"
"baf7af52-c951-4f49-a242-3e5415ca9a70","973fd4c2-bf41-4779-9256-2ceb3390fd62","eb09c8c6-099c-4610-ac40-d0f8b639b244","PLACE","PLACE_LIKE","1","2025-10-31 12:49:31.936"
"fd67eed3-4e6f-4d3c-af8d-5e1ad01776da","6d4225ca-52e7-47e1-a208-7f82db5879d3","a3ae9386-0be0-4845-b7c9-d956661044c6","PLACE","PLACE_BOOKMARK","1","2025-10-31 12:49:26.806"
"e9b7f897-7e32-4557-9af7-a29e411da760","878b2930-431c-429b-9500-ff3e2394b7c5","d258e668-0d07-4302-9101-b14f85220672","PLACE","PLACE_SHARE","1","2025-10-31 12:49:21.045"
"4ca36931-6c87-4631-98cb-750b557ea535","6d4225ca-52e7-47e1-a208-7f82db5879d3","5569a4af-d2c4-4e9a-b8ca-a727eff162c8","PLACE","PLACE_BOOKMARK","1","2025-10-31 12:49:19.432"
"d65f3e4c-d304-4c70-b621-b929bbb9e83c","6d4225ca-52e7-47e1-a208-7f82db5879d3","a26134dd-21ea-45dd-9f72-0b96d026229f","PLACE","PLACE_BOOKMARK","1","2025-10-31 12:49:13.136"
"67c0bcb1-7eaa-4fdc-8f18-1817c50180fc","6d4225ca-52e7-47e1-a208-7f82db5879d3","eb09c8c6-099c-4610-ac40-d0f8b639b244","PLACE","PLACE_BOOKMARK","1","2025-10-31 12:49:08.732"
"f9dc6585-2714-4a6b-8850-27ce8cab7e14","878b2930-431c-429b-9500-ff3e2394b7c5","ca56fcce-29de-4b05-94f9-65ecdce36e79","PLACE","PLACE_SHARE","1","2025-10-31 12:49:08.066"
"11e24b77-a9fa-4bc7-894a-6f6593e15886","6d4225ca-52e7-47e1-a208-7f82db5879d3","512493bd-7e6c-481b-8f9f-2ab477ec260b","PLACE","PLACE_BOOKMARK","1","2025-10-31 12:48:59.697"
"dff239fb-ac4d-4e4d-8530-eb0b1d1d2940","6d4225ca-52e7-47e1-a208-7f82db5879d3","512493bd-7e6c-481b-8f9f-2ab477ec260b","PLACE","PLACE_LIKE","1","2025-10-31 12:48:54.588"
"707ff7fa-35a7-4ea4-a2ea-cc9402745ad5","878b2930-431c-429b-9500-ff3e2394b7c5","a2c52674-4372-4590-b783-fc58ab97d45e","PLACE","PLACE_BOOKMARK","1","2025-10-31 12:48:46.539"
"b2952a95-dce1-404e-9e73-92c0b92a4ba7","6d4225ca-52e7-47e1-a208-7f82db5879d3","6d2f307c-00ab-43e8-b0cf-899934e3ea0d","PLACE","PLACE_LIKE","1","2025-10-31 12:48:40.861"
"1a91398a-a841-42d2-ae45-0b5282197e2c","878b2930-431c-429b-9500-ff3e2394b7c5","3b5a747b-8835-471f-a984-01e598a29ace","PLACE","PLACE_BOOKMARK","1","2025-10-31 12:48:39.952"
"64c71912-ad34-4006-a089-c88e32fa7fb3","878b2930-431c-429b-9500-ff3e2394b7c5","30241e39-4210-40ab-bfab-2acdda3e9ca8","PLACE","PLACE_BOOKMARK","1","2025-10-31 12:48:37.728"
"ff99938f-f28c-40e5-b6fe-5d6ea03913e9","878b2930-431c-429b-9500-ff3e2394b7c5","30241e39-4210-40ab-bfab-2acdda3e9ca8","PLACE","PLACE_UNBOOKMARK","1","2025-10-31 12:48:34.868"
"fb2128a5-a352-4322-ac12-de10d9e97e22","878b2930-431c-429b-9500-ff3e2394b7c5","30241e39-4210-40ab-bfab-2acdda3e9ca8","PLACE","PLACE_BOOKMARK","1","2025-10-31 12:48:33.971"
"c9a068c9-2294-48a8-b021-7b42db71bae8","6d4225ca-52e7-47e1-a208-7f82db5879d3","0bb7f261-f639-4ccb-affe-70e9675ad2a5","PLACE","PLACE_LIKE","1","2025-10-31 12:48:31.060"
"6b0cc7da-b2df-4271-8e6c-4d8774d15404","878b2930-431c-429b-9500-ff3e2394b7c5","24044edf-44c8-4d66-bea3-2263d784e1b1","PLACE","PLACE_BOOKMARK","1","2025-10-31 12:48:12.765"
"fbf707b2-9f76-4f22-8305-4c051649199e","878b2930-431c-429b-9500-ff3e2394b7c5","24044edf-44c8-4d66-bea3-2263d784e1b1","PLACE","PLACE_UNBOOKMARK","1","2025-10-31 12:48:07.437"
"3c9a0ea2-19cd-4a25-866b-3faf564e440f","878b2930-431c-429b-9500-ff3e2394b7c5","24044edf-44c8-4d66-bea3-2263d784e1b1","PLACE","PLACE_UNBOOKMARK","1","2025-10-31 12:48:06.775"
"b30f3dec-19dd-48bf-9603-a9018d1cf74e","878b2930-431c-429b-9500-ff3e2394b7c5","24044edf-44c8-4d66-bea3-2263d784e1b1","PLACE","PLACE_BOOKMARK","1","2025-10-31 12:48:05.658"
"ac6a19d7-cd29-430e-ab1f-84797bf218bb","878b2930-431c-429b-9500-ff3e2394b7c5","24044edf-44c8-4d66-bea3-2263d784e1b1","PLACE","PLACE_BOOKMARK","1","2025-10-31 12:48:05.153"
"aefce7ac-f3fa-46c7-bb6d-3cdda32da299","878b2930-431c-429b-9500-ff3e2394b7c5","eb09c8c6-099c-4610-ac40-d0f8b639b244","PLACE","PLACE_BOOKMARK","1","2025-10-31 12:47:52.095"
"fffb9b12-415e-4c72-b086-897f9a859867","878b2930-431c-429b-9500-ff3e2394b7c5","eb09c8c6-099c-4610-ac40-d0f8b639b244","PLACE","PLACE_BOOKMARK","1","2025-10-31 12:47:51.411"
"1e42171a-c251-4bb3-bca2-f9939fbf9e9b","878b2930-431c-429b-9500-ff3e2394b7c5","6d2f307c-00ab-43e8-b0cf-899934e3ea0d","PLACE","PLACE_LIKE","1","2025-10-31 12:47:24.830"
"1452d083-0c0d-46af-9870-1a53952af0fe","878b2930-431c-429b-9500-ff3e2394b7c5","512493bd-7e6c-481b-8f9f-2ab477ec260b","PLACE","PLACE_LIKE","1","2025-10-31 12:47:14.896"
"9bb8a6ab-2f49-46dd-9d16-3c2cfa6f56fa","878b2930-431c-429b-9500-ff3e2394b7c5","ca56fcce-29de-4b05-94f9-65ecdce36e79","PLACE","PLACE_LIKE","1","2025-10-31 12:47:06.141"
"7046ebc6-115b-4ba2-8bb5-7e6d90425d07","90ca3254-c4fc-42bc-99ed-92564ccf8a18","248bfd6a-6a69-41ad-a853-1f07337a77d1","PLACE","PLACE_UNLIKE","1","2025-10-31 12:42:52.277"
"cb7da093-db36-4466-813a-0297d1612f7d","90ca3254-c4fc-42bc-99ed-92564ccf8a18","248bfd6a-6a69-41ad-a853-1f07337a77d1","PLACE","PLACE_LIKE","1","2025-10-31 12:42:50.204"
"4ef5cec3-31c6-4fed-8470-1fb650cdf0bc","90ca3254-c4fc-42bc-99ed-92564ccf8a18","a3ae9386-0be0-4845-b7c9-d956661044c6","PLACE","PLACE_SHARE","1","2025-10-31 07:58:07.832"
"5c401234-6d36-4025-bd13-82dd4de57cef","23b113a0-11c5-4b54-a63e-b7ce510ae673","b165a65d-124a-410e-ae67-2d0b45a568be","PLACE","PLACE_REVIEW","1","2025-10-31 06:04:15.617"
"b203c372-f317-4b0d-9bad-35505b895d60","23b113a0-11c5-4b54-a63e-b7ce510ae673","cc5d5eee-7682-4e1c-afe9-5d18ee380b81","PLACE","PLACE_LIKE","1","2025-10-31 06:03:32.172"
"3afc24b5-d702-4ac1-a79a-62fb5f326000","23b113a0-11c5-4b54-a63e-b7ce510ae673","1707aa84-3811-4e10-bf15-7af5ef79b518","PLACE","PLACE_LIKE","1","2025-10-31 06:03:28.226"
"e9ce310d-98f7-4e16-b5d4-65e68acd2d15","23b113a0-11c5-4b54-a63e-b7ce510ae673","03070dae-5e12-42c0-b214-395c0899396a","PLACE","PLACE_LIKE","1","2025-10-31 06:03:23.173"
"5a4db997-823f-4c6a-bc41-69812aa6407a","23b113a0-11c5-4b54-a63e-b7ce510ae673","03070dae-5e12-42c0-b214-395c0899396a","PLACE","PLACE_SHARE","1","2025-10-31 06:03:19.222"
"e55ba5d8-f2fd-479a-b60d-1c86be59efbb","23b113a0-11c5-4b54-a63e-b7ce510ae673","a3ae9386-0be0-4845-b7c9-d956661044c6","PLACE","PLACE_SHARE","1","2025-10-31 06:02:41.572"
"cbc9a0d7-f2b6-4e3f-a2dc-378e4167da9c","23b113a0-11c5-4b54-a63e-b7ce510ae673","53d1584a-8e54-4c4c-a2a9-d05c3e1a23eb","PLACE","PLACE_SHARE","1","2025-10-31 06:02:20.097"
"8747638c-e314-437f-88a8-35ed88387175","23b113a0-11c5-4b54-a63e-b7ce510ae673","53d1584a-8e54-4c4c-a2a9-d05c3e1a23eb","PLACE","PLACE_BOOKMARK","1","2025-10-31 06:01:44.310"
"ca76cddb-8ca2-487c-ad01-9dbd26d37845","23b113a0-11c5-4b54-a63e-b7ce510ae673","cc5d5eee-7682-4e1c-afe9-5d18ee380b81","PLACE","PLACE_BOOKMARK","1","2025-10-31 06:01:40.096"
"57d5a5ea-418d-413d-b249-7c1950a09d41","23b113a0-11c5-4b54-a63e-b7ce510ae673","fd4a315c-ca33-493f-a7d5-46e851b6f099","PLACE","PLACE_BOOKMARK","1","2025-10-31 06:01:34.125"
"98306fa1-1eab-4a02-a5af-6b558d038de6","23b113a0-11c5-4b54-a63e-b7ce510ae673","6d2f307c-00ab-43e8-b0cf-899934e3ea0d","PLACE","PLACE_BOOKMARK","1","2025-10-31 06:01:29.231"
"3241a981-0349-4156-bac3-618369ddd226","23b113a0-11c5-4b54-a63e-b7ce510ae673","ea4ff208-85a0-436c-977a-4e55cafbf0d9","PLACE","PLACE_BOOKMARK","1","2025-10-31 06:01:21.495"
"2b1e0e9b-f37f-4cf7-b02a-711bccad2e61","23b113a0-11c5-4b54-a63e-b7ce510ae673","ea4ff208-85a0-436c-977a-4e55cafbf0d9","PLACE","PLACE_LIKE","1","2025-10-31 06:01:16.733"
"2f2573c1-e9bf-4424-88f0-d2c42650f4aa","23b113a0-11c5-4b54-a63e-b7ce510ae673","ea19f6d8-2166-4204-a076-d555e4a75dcb","PLACE","PLACE_LIKE","1","2025-10-31 06:01:10.574"
"cb3a201e-26a7-4a84-a18a-34edbf338a21","23b113a0-11c5-4b54-a63e-b7ce510ae673","0bb7f261-f639-4ccb-affe-70e9675ad2a5","PLACE","PLACE_LIKE","1","2025-10-31 06:00:42.932"
"c047f867-2c2c-45ae-88e0-0bb4d5233b8b","7c33adfa-fadb-4db4-b28a-15320f21e39f","ca56fcce-29de-4b05-94f9-65ecdce36e79","PLACE","PLACE_LIKE","1","2025-10-31 05:54:01.517"
"ef1cf50f-1259-43ae-93f8-d92412b3c2e2","7c33adfa-fadb-4db4-b28a-15320f21e39f","53d1584a-8e54-4c4c-a2a9-d05c3e1a23eb","PLACE","PLACE_LIKE","1","2025-10-31 05:53:52.583"
"302b4f73-6365-47fb-97d1-0cca6f2d4caa","7c33adfa-fadb-4db4-b28a-15320f21e39f","da8fa2cf-3663-4922-855c-52c230d73de7","PLACE","PLACE_LIKE","1","2025-10-31 05:53:39.894"
"d83bdd3c-22ab-4354-be66-4be62a81cd1b","7c33adfa-fadb-4db4-b28a-15320f21e39f","da8fa2cf-3663-4922-855c-52c230d73de7","PLACE","PLACE_SHARE","1","2025-10-31 05:53:32.068"
"64f218c8-11e7-4f6c-b5d8-0331d5621aae","7c33adfa-fadb-4db4-b28a-15320f21e39f","ea19f6d8-2166-4204-a076-d555e4a75dcb","PLACE","PLACE_SHARE","1","2025-10-31 05:53:26.210"
"f970375d-1ba1-4972-96ad-d9f4ada5d4f5","7c33adfa-fadb-4db4-b28a-15320f21e39f","0b889eb5-c3b5-49fd-8781-4aec8c9c8836","PLACE","PLACE_SHARE","1","2025-10-31 05:53:12.225"
"d70788ef-caf1-44d7-b536-c58738490650","7c33adfa-fadb-4db4-b28a-15320f21e39f","f6c186aa-10bc-4ad7-8fd8-3e05c9b91227","PLACE","PLACE_BOOKMARK","1","2025-10-31 05:52:15.159"
"eff7a1dd-77ab-4c55-9a33-40a9cd0321c5","7c33adfa-fadb-4db4-b28a-15320f21e39f","a2c52674-4372-4590-b783-fc58ab97d45e","PLACE","PLACE_BOOKMARK","1","2025-10-31 05:51:57.997"
"41d1a563-d88b-464d-a806-afb8f23accca","7c33adfa-fadb-4db4-b28a-15320f21e39f","a2c52674-4372-4590-b783-fc58ab97d45e","PLACE","PLACE_BOOKMARK","1","2025-10-31 05:51:56.144"
"5d5bc2f7-b88a-4496-b357-ef0d981c1e24","7c33adfa-fadb-4db4-b28a-15320f21e39f","3b5a747b-8835-471f-a984-01e598a29ace","PLACE","PLACE_BOOKMARK","1","2025-10-31 05:51:14.093"
"89169498-6057-4d64-8cc4-f38f9f7c1e09","7c33adfa-fadb-4db4-b28a-15320f21e39f","3b5a747b-8835-471f-a984-01e598a29ace","PLACE","PLACE_UNBOOKMARK","1","2025-10-31 05:51:04.718"
"7d8e0ac4-1b19-4346-9f98-d79be9acbf4d","7c33adfa-fadb-4db4-b28a-15320f21e39f","3b5a747b-8835-471f-a984-01e598a29ace","PLACE","PLACE_BOOKMARK","1","2025-10-31 05:51:03.901"
"16d81b42-4c91-4ac7-9b9a-b5a9526ef630","7c33adfa-fadb-4db4-b28a-15320f21e39f","30241e39-4210-40ab-bfab-2acdda3e9ca8","PLACE","PLACE_BOOKMARK","1","2025-10-31 05:50:51.856"
"3fe9405e-f690-425d-ac62-2f666c2a26ec","7c33adfa-fadb-4db4-b28a-15320f21e39f","24044edf-44c8-4d66-bea3-2263d784e1b1","PLACE","PLACE_BOOKMARK","1","2025-10-31 05:50:35.172"
"47ea5037-84c6-41c9-9fda-c6ec6f0d81c2","7c33adfa-fadb-4db4-b28a-15320f21e39f","eb09c8c6-099c-4610-ac40-d0f8b639b244","PLACE","PLACE_BOOKMARK","1","2025-10-31 05:50:17.701"
"4c009cbb-5d1a-4902-8297-3f66d8a49d1c","7c33adfa-fadb-4db4-b28a-15320f21e39f","0b889eb5-c3b5-49fd-8781-4aec8c9c8836","PLACE","PLACE_LIKE","1","2025-10-31 05:49:05.942"
"7dee134d-bb7d-4a26-871c-7552c559c2f0","7c33adfa-fadb-4db4-b28a-15320f21e39f","512493bd-7e6c-481b-8f9f-2ab477ec260b","PLACE","PLACE_LIKE","1","2025-10-31 05:47:53.716"
"b10b857c-7be8-4ea9-8841-efa6422e2e68","7c33adfa-fadb-4db4-b28a-15320f21e39f","fd4a315c-ca33-493f-a7d5-46e851b6f099","PLACE","PLACE_LIKE","1","2025-10-31 05:47:40.129"
"ed656bc2-a7a4-44ff-bd85-cb6566c7642f","9e668177-62fc-461a-8336-15735d9795be","da8fa2cf-3663-4922-855c-52c230d73de7","PLACE","PLACE_LIKE","1","2025-10-30 13:30:03.265"
"e2a06f9c-c142-4ba0-bcf0-e778e0285dc0","9e668177-62fc-461a-8336-15735d9795be","d258e668-0d07-4302-9101-b14f85220672","PLACE","PLACE_LIKE","1","2025-10-30 13:29:58.733"
"e84acf19-4d35-4fd0-90c9-932abf9a6fe1","9e668177-62fc-461a-8336-15735d9795be","03070dae-5e12-42c0-b214-395c0899396a","PLACE","PLACE_LIKE","1","2025-10-30 13:29:52.656"
"f604b2ca-a1c1-4162-ac56-de5a63905314","9e668177-62fc-461a-8336-15735d9795be","e13256d2-820e-4eb3-898f-c590c39a5d3e","PLACE","PLACE_SHARE","1","2025-10-30 13:29:16.532"
"0bb31724-7259-46a9-a03e-40094fa8ad0d","9e668177-62fc-461a-8336-15735d9795be","03070dae-5e12-42c0-b214-395c0899396a","PLACE","PLACE_SHARE","1","2025-10-30 13:28:52.844"
"84858b6d-ee16-4206-a1cc-d96efea50926","9e668177-62fc-461a-8336-15735d9795be","fa1caaed-f086-4198-a5c6-c16c63656749","PLACE","PLACE_SHARE","1","2025-10-30 13:28:30.913"
"6440bcec-6ee2-4d03-bfa5-2fde46862b82","9e668177-62fc-461a-8336-15735d9795be","fa1caaed-f086-4198-a5c6-c16c63656749","PLACE","PLACE_BOOKMARK","1","2025-10-30 13:28:02.160"
"bcdc76b4-1607-48c6-9905-4c8a2d1f6598","9e668177-62fc-461a-8336-15735d9795be","da8fa2cf-3663-4922-855c-52c230d73de7","PLACE","PLACE_BOOKMARK","1","2025-10-30 13:27:57.781"
"7251b809-132a-4f74-8a4a-22e890fca66e","9e668177-62fc-461a-8336-15735d9795be","ca56fcce-29de-4b05-94f9-65ecdce36e79","PLACE","PLACE_BOOKMARK","1","2025-10-30 13:27:28.381"
"a87f4258-b610-4388-bd8e-08b580a3d2f8","9e668177-62fc-461a-8336-15735d9795be","b165a65d-124a-410e-ae67-2d0b45a568be","PLACE","PLACE_BOOKMARK","1","2025-10-30 13:27:21.407"
"d5091ebb-ab80-4147-854a-1536cdc4d647","9e668177-62fc-461a-8336-15735d9795be","6d2f307c-00ab-43e8-b0cf-899934e3ea0d","PLACE","PLACE_BOOKMARK","1","2025-10-30 13:27:15.053"
"d0f2e215-9b49-4d96-bef5-442d5315ed3a","10127424-92d3-421f-95ad-75cb0da19daf","d258e668-0d07-4302-9101-b14f85220672","PLACE","PLACE_LIKE","1","2025-10-30 10:21:48.297"
"cfad9462-5581-4a3e-916f-488a9d9dee70","10127424-92d3-421f-95ad-75cb0da19daf","03070dae-5e12-42c0-b214-395c0899396a","PLACE","PLACE_LIKE","1","2025-10-30 10:21:39.608"
"bea664f3-3e8b-420d-9243-b250fada082b","10127424-92d3-421f-95ad-75cb0da19daf","53d1584a-8e54-4c4c-a2a9-d05c3e1a23eb","PLACE","PLACE_LIKE","1","2025-10-30 10:21:27.265"
"86cdae35-0bd3-4928-96f6-487a35413b56","9e668177-62fc-461a-8336-15735d9795be","ca56fcce-29de-4b05-94f9-65ecdce36e79","PLACE","PLACE_LIKE","1","2025-10-30 10:14:55.947"
"a036f04f-2a6f-48c9-965e-dd8a63f30673","9e668177-62fc-461a-8336-15735d9795be","6d2f307c-00ab-43e8-b0cf-899934e3ea0d","PLACE","PLACE_LIKE","1","2025-10-30 10:14:47.118"
"e44b3559-2722-4006-9b53-243c8dba441b","9e668177-62fc-461a-8336-15735d9795be","e13256d2-820e-4eb3-898f-c590c39a5d3e","PLACE","PLACE_LIKE","1","2025-10-30 10:13:23.534"
"04c135df-eda3-4589-acf5-d7dc3af7f68e","feb323fb-7bca-44f5-af97-f01e9d3c3202","1fe8c4b4-216f-40a8-bef1-b8aeea213967","PLACE","PLACE_LIKE","1","2025-10-30 10:07:28.196"
"e51b4c85-a914-4093-881f-c3c3efeea490","feb323fb-7bca-44f5-af97-f01e9d3c3202","cc5d5eee-7682-4e1c-afe9-5d18ee380b81","PLACE","PLACE_LIKE","1","2025-10-30 10:07:24.117"
"66aea679-40e4-4b2f-acbe-1e94b0914965","feb323fb-7bca-44f5-af97-f01e9d3c3202","b165a65d-124a-410e-ae67-2d0b45a568be","PLACE","PLACE_LIKE","1","2025-10-30 10:07:19.731"
"5aa1f938-c5a7-410e-a0bf-301cf1fea6b7","feb323fb-7bca-44f5-af97-f01e9d3c3202","b165a65d-124a-410e-ae67-2d0b45a568be","PLACE","PLACE_SHARE","1","2025-10-30 10:07:14.763"
"a4266f75-59e7-491a-8e0b-9c45d234db0a","feb323fb-7bca-44f5-af97-f01e9d3c3202","e13256d2-820e-4eb3-898f-c590c39a5d3e","PLACE","PLACE_SHARE","1","2025-10-30 10:07:07.078"
"205cbea4-149f-4194-a233-ed42e65dc48c","feb323fb-7bca-44f5-af97-f01e9d3c3202","1707aa84-3811-4e10-bf15-7af5ef79b518","PLACE","PLACE_SHARE","1","2025-10-30 10:06:49.007"
"9fe8b3ce-6328-425d-9319-9ce61ceb1901","feb323fb-7bca-44f5-af97-f01e9d3c3202","d1b9eae2-5667-4298-9cbd-5360bda2ff0e","PLACE","PLACE_BOOKMARK","1","2025-10-30 10:06:29.775"
"9f33a6c7-16c1-4a6d-9d4e-5a8dd370c900","feb323fb-7bca-44f5-af97-f01e9d3c3202","5569a4af-d2c4-4e9a-b8ca-a727eff162c8","PLACE","PLACE_BOOKMARK","1","2025-10-30 10:06:19.108"
"cfb2e009-464b-4fb1-9b40-26634f829015","feb323fb-7bca-44f5-af97-f01e9d3c3202","ca56fcce-29de-4b05-94f9-65ecdce36e79","PLACE","PLACE_BOOKMARK","1","2025-10-30 10:06:12.967"
"b16c2448-28fe-4b9f-9ac9-eeef222d4c85","feb323fb-7bca-44f5-af97-f01e9d3c3202","512493bd-7e6c-481b-8f9f-2ab477ec260b","PLACE","PLACE_BOOKMARK","1","2025-10-30 10:06:03.749"
"94093c58-93d9-4a02-9ae9-3ea0404964b6","feb323fb-7bca-44f5-af97-f01e9d3c3202","512493bd-7e6c-481b-8f9f-2ab477ec260b","PLACE","PLACE_LIKE","1","2025-10-30 10:06:01.948"
"0ee373ff-99d6-4434-85f4-3e25bb3e3c06","feb323fb-7bca-44f5-af97-f01e9d3c3202","9f7fb803-d7ed-4c5e-9de2-e757fe4b8459","PLACE","PLACE_BOOKMARK","1","2025-10-30 10:05:46.118"
"f1f13ff8-3630-4ae7-991b-adedc4b8506f","feb323fb-7bca-44f5-af97-f01e9d3c3202","9f7fb803-d7ed-4c5e-9de2-e757fe4b8459","PLACE","PLACE_LIKE","1","2025-10-30 10:05:41.466"
"746d8beb-6bdd-41fd-96c0-6f56fe6adfa7","feb323fb-7bca-44f5-af97-f01e9d3c3202","fd4a315c-ca33-493f-a7d5-46e851b6f099","PLACE","PLACE_LIKE","1","2025-10-30 10:05:20.650"
"abaa3b6e-9995-4c81-9ce8-d3c2d5f6da85","feb323fb-7bca-44f5-af97-f01e9d3c3202","e13256d2-820e-4eb3-898f-c590c39a5d3e","PLACE","PLACE_LIKE","1","2025-10-30 10:05:12.053"
"789daa72-f7e8-44b7-a046-7415021d4300","60ada481-38c0-4aa5-8905-64cc59925eb5","0bb7f261-f639-4ccb-affe-70e9675ad2a5","PLACE","PLACE_LIKE","1","2025-10-30 09:59:11.666"
"dcf3d5f3-63ec-4a60-be3f-33c1aeeed036","60ada481-38c0-4aa5-8905-64cc59925eb5","512493bd-7e6c-481b-8f9f-2ab477ec260b","PLACE","PLACE_LIKE","1","2025-10-30 09:59:03.224"
"cfbdc32e-448e-4113-b308-a97fa6cbf6f7","60ada481-38c0-4aa5-8905-64cc59925eb5","1fe8c4b4-216f-40a8-bef1-b8aeea213967","PLACE","PLACE_LIKE","1","2025-10-30 09:58:59.461"
"da567d0f-191b-4fa5-8102-a632a1b46a2b","60ada481-38c0-4aa5-8905-64cc59925eb5","1fe8c4b4-216f-40a8-bef1-b8aeea213967","PLACE","PLACE_SHARE","1","2025-10-30 09:58:53.926"
"05041618-8639-440f-88e2-7fdd6d1276e8","60ada481-38c0-4aa5-8905-64cc59925eb5","f00e9738-747f-4454-adeb-c0e466dda2bd","PLACE","PLACE_SHARE","1","2025-10-30 09:58:41.761"
"c1727078-3527-4c7c-b3e7-e6978c933330","60ada481-38c0-4aa5-8905-64cc59925eb5","f00e9738-747f-4454-adeb-c0e466dda2bd","PLACE","PLACE_UNBOOKMARK","1","2025-10-30 09:58:36.353"
"0b7c9286-2d79-4191-827d-8c800046277c","60ada481-38c0-4aa5-8905-64cc59925eb5","f00e9738-747f-4454-adeb-c0e466dda2bd","PLACE","PLACE_BOOKMARK","1","2025-10-30 09:58:30.147"
"b741d5bf-730a-42ad-8dc4-9f0b821e59a3","60ada481-38c0-4aa5-8905-64cc59925eb5","cc5d5eee-7682-4e1c-afe9-5d18ee380b81","PLACE","PLACE_BOOKMARK","1","2025-10-30 09:58:22.877"
"3062844e-8488-4e24-8505-fb58ee3e7f09","60ada481-38c0-4aa5-8905-64cc59925eb5","cc5d5eee-7682-4e1c-afe9-5d18ee380b81","PLACE","PLACE_UNBOOKMARK","1","2025-10-30 09:58:18.660"
"96c18fe7-d408-4e6d-b9b4-d2752e215355","60ada481-38c0-4aa5-8905-64cc59925eb5","cc5d5eee-7682-4e1c-afe9-5d18ee380b81","PLACE","PLACE_SHARE","1","2025-10-30 09:58:15.608"
"ef45a359-4b7f-4f8d-a3ad-257e2e353076","60ada481-38c0-4aa5-8905-64cc59925eb5","fd4a315c-ca33-493f-a7d5-46e851b6f099","PLACE","PLACE_BOOKMARK","1","2025-10-30 09:58:04.449"
"5a265564-a13e-4443-8cb4-9716c34496b9","60ada481-38c0-4aa5-8905-64cc59925eb5","512493bd-7e6c-481b-8f9f-2ab477ec260b","PLACE","PLACE_BOOKMARK","1","2025-10-30 09:58:00.894"
"46a99c60-04be-4d0c-a9d5-938fa56ca567","60ada481-38c0-4aa5-8905-64cc59925eb5","ca56fcce-29de-4b05-94f9-65ecdce36e79","PLACE","PLACE_BOOKMARK","1","2025-10-30 09:57:55.789"
"b629bbf3-ef48-4a93-bd88-8702191cbd72","60ada481-38c0-4aa5-8905-64cc59925eb5","cc5d5eee-7682-4e1c-afe9-5d18ee380b81","PLACE","PLACE_BOOKMARK","1","2025-10-30 09:57:52.317"
"09326901-2fb0-4dd3-ade2-7d29d600a2e5","60ada481-38c0-4aa5-8905-64cc59925eb5","6d2f307c-00ab-43e8-b0cf-899934e3ea0d","PLACE","PLACE_BOOKMARK","1","2025-10-30 09:57:48.187"
"5b48f967-78b1-4fcc-a8ac-1bcb794b16ce","60ada481-38c0-4aa5-8905-64cc59925eb5","a3ae9386-0be0-4845-b7c9-d956661044c6","PLACE","PLACE_LIKE","1","2025-10-30 09:57:40.032"
"7f638865-0b4e-4245-86f4-25a33a1175b8","60ada481-38c0-4aa5-8905-64cc59925eb5","e13256d2-820e-4eb3-898f-c590c39a5d3e","PLACE","PLACE_LIKE","1","2025-10-30 09:57:33.228"
"31e53353-1e10-4699-a7b2-431de910b794","60ada481-38c0-4aa5-8905-64cc59925eb5","ccb6ade6-6dbd-443f-8ffc-38ce7c331392","PLACE","PLACE_LIKE","1","2025-10-30 09:57:05.670"
"0bbb39c1-059a-4412-ae60-3c40ec4e3b72","60ada481-38c0-4aa5-8905-64cc59925eb5","1707aa84-3811-4e10-bf15-7af5ef79b518","PLACE","PLACE_LIKE","1","2025-10-30 09:56:54.302"
"9450e207-f94f-4424-a4c4-d8da90f2df71","60ada481-38c0-4aa5-8905-64cc59925eb5","b165a65d-124a-410e-ae67-2d0b45a568be","PLACE","PLACE_LIKE","1","2025-10-30 09:56:42.660"
"48beb345-69e4-426a-993d-f71acac732f1","175680f5-a590-422c-aa80-febd98b3c0bd","48ce4498-544f-43dc-86bd-806bc876d938","PLACE","PLACE_LIKE","1","2025-10-30 01:54:21.087"
"2af7d072-dec0-4c5c-bc90-7b2783039d8c","175680f5-a590-422c-aa80-febd98b3c0bd","fd4a315c-ca33-493f-a7d5-46e851b6f099","PLACE","PLACE_LIKE","1","2025-10-30 01:54:07.835"
"4cd1f788-28bb-45cb-a93e-f744cd66cfca","175680f5-a590-422c-aa80-febd98b3c0bd","6d2f307c-00ab-43e8-b0cf-899934e3ea0d","PLACE","PLACE_LIKE","1","2025-10-30 01:53:34.488"
"92dfd9d6-317e-4256-8c4f-2578addbda88","175680f5-a590-422c-aa80-febd98b3c0bd","a26134dd-21ea-45dd-9f72-0b96d026229f","PLACE","PLACE_SHARE","1","2025-10-30 01:52:44.878"
"bc1dd863-33a2-4c56-808a-fa85b32a9889","175680f5-a590-422c-aa80-febd98b3c0bd","ca56fcce-29de-4b05-94f9-65ecdce36e79","PLACE","PLACE_SHARE","1","2025-10-30 01:52:36.898"
"8c9e032c-1bfa-4e4b-9017-fed27ae295cc","175680f5-a590-422c-aa80-febd98b3c0bd","ccb6ade6-6dbd-443f-8ffc-38ce7c331392","PLACE","PLACE_SHARE","1","2025-10-30 01:52:09.673"
"fee551d4-b1f9-46a4-b7e6-78c60683910a","175680f5-a590-422c-aa80-febd98b3c0bd","ea4ff208-85a0-436c-977a-4e55cafbf0d9","PLACE","PLACE_BOOKMARK","1","2025-10-30 01:51:49.159"
"ccfe5550-19ab-45d2-b9a9-30d6f214167a","175680f5-a590-422c-aa80-febd98b3c0bd","a26134dd-21ea-45dd-9f72-0b96d026229f","PLACE","PLACE_BOOKMARK","1","2025-10-30 01:51:07.318"
"e2a58ac4-0a5a-4d73-befa-101a9a0d89d8","175680f5-a590-422c-aa80-febd98b3c0bd","ccb6ade6-6dbd-443f-8ffc-38ce7c331392","PLACE","PLACE_BOOKMARK","1","2025-10-30 01:50:58.523"
"2757fec0-359d-4726-b107-3205b4de2c4d","175680f5-a590-422c-aa80-febd98b3c0bd","ca56fcce-29de-4b05-94f9-65ecdce36e79","PLACE","PLACE_BOOKMARK","1","2025-10-30 01:50:50.910"
"119edc8d-ada0-46a2-a2e7-42556de0543e","175680f5-a590-422c-aa80-febd98b3c0bd","248bfd6a-6a69-41ad-a853-1f07337a77d1","PLACE","PLACE_BOOKMARK","1","2025-10-30 01:50:36.665"
"8c4ff1e5-e2a7-443d-8e32-3fd77b3264fc","175680f5-a590-422c-aa80-febd98b3c0bd","248bfd6a-6a69-41ad-a853-1f07337a77d1","PLACE","PLACE_LIKE","1","2025-10-30 01:50:03.247"
"10a23779-1171-4e79-b9b0-fe6282bdf3fb","175680f5-a590-422c-aa80-febd98b3c0bd","a26134dd-21ea-45dd-9f72-0b96d026229f","PLACE","PLACE_LIKE","1","2025-10-30 01:49:05.895"
"f6bc2187-a529-4ec5-a4da-70b10bd14ef8","175680f5-a590-422c-aa80-febd98b3c0bd","ca56fcce-29de-4b05-94f9-65ecdce36e79","PLACE","PLACE_LIKE","1","2025-10-30 01:48:49.323"
"37d12d06-8c55-44d1-8138-ff4d9e506507","175680f5-a590-422c-aa80-febd98b3c0bd","ca56fcce-29de-4b05-94f9-65ecdce36e79","PLACE","PLACE_REVIEW","5","2025-10-30 01:47:50.581"
"3e77e67e-fdac-4923-a564-406e75695c9c","175680f5-a590-422c-aa80-febd98b3c0bd","248bfd6a-6a69-41ad-a853-1f07337a77d1","PLACE","PLACE_REVIEW","5","2025-10-30 01:47:14.822"
"d7bf6e24-1260-44d1-bd71-e031015a75b0","175680f5-a590-422c-aa80-febd98b3c0bd","a26134dd-21ea-45dd-9f72-0b96d026229f","PLACE","PLACE_REVIEW","5","2025-10-30 01:45:47.832"
"9acbad39-5535-43dc-a1a3-51a558d9cdec","e5ac176c-83e5-44ce-9a71-ceaf98fb2f8d","cc5d5eee-7682-4e1c-afe9-5d18ee380b81","PLACE","PLACE_REVIEW","5","2025-10-29 22:47:11.716"
"b9168503-505e-4e90-9ee2-93c344930444","e5ac176c-83e5-44ce-9a71-ceaf98fb2f8d","cc5d5eee-7682-4e1c-afe9-5d18ee380b81","PLACE","PLACE_LIKE","1","2025-10-29 22:46:52.372"
"bb8b8147-bf61-4c28-8184-88f441e95032","e5ac176c-83e5-44ce-9a71-ceaf98fb2f8d","cc5d5eee-7682-4e1c-afe9-5d18ee380b81","PLACE","PLACE_BOOKMARK","1","2025-10-29 22:46:50.054"
"3f6d6d4e-b828-4b2d-b888-a86e7c53328f","42191f82-6d9e-40c1-b1ad-42d573131de6","64fca42c-bc77-49a8-a2bd-0c09b97dcc18","PLACE","PLACE_REVIEW","5","2025-10-29 22:34:26.037"
"656bdabe-729e-4ac7-b893-0aee9eaa4962","42191f82-6d9e-40c1-b1ad-42d573131de6","64fca42c-bc77-49a8-a2bd-0c09b97dcc18","PLACE","PLACE_LIKE","1","2025-10-29 22:33:53.353"
"0fc90e16-b88a-4e99-abfb-ee014f8539b2","c035071b-50e2-4df5-af8f-780e382fed33","248bfd6a-6a69-41ad-a853-1f07337a77d1","PLACE","PLACE_BOOKMARK","1","2025-10-29 22:28:39.008"
"5781eb82-a1c5-4836-b593-a4c2a475c78c","c035071b-50e2-4df5-af8f-780e382fed33","512493bd-7e6c-481b-8f9f-2ab477ec260b","PLACE","PLACE_BOOKMARK","1","2025-10-29 22:28:27.757"
"5be3c309-ebfb-4a75-861e-acde5d65e508","c035071b-50e2-4df5-af8f-780e382fed33","512493bd-7e6c-481b-8f9f-2ab477ec260b","PLACE","PLACE_LIKE","1","2025-10-29 22:28:23.809"
"aa8c25aa-106b-464d-aecf-aab2e3fbc505","c035071b-50e2-4df5-af8f-780e382fed33","0b889eb5-c3b5-49fd-8781-4aec8c9c8836","PLACE","PLACE_LIKE","1","2025-10-29 22:28:16.226"
"fbc6dd9e-e7b5-4b43-a044-b4bb465e785d","c035071b-50e2-4df5-af8f-780e382fed33","fd4a315c-ca33-493f-a7d5-46e851b6f099","PLACE","PLACE_LIKE","1","2025-10-29 22:28:05.667"
"09eabaaf-6c4e-459d-99c3-103cc9900f6a","c035071b-50e2-4df5-af8f-780e382fed33","8557721f-a730-4f71-a4cd-858fe643ada7","PLACE","PLACE_REVIEW","5","2025-10-29 22:27:18.793"
"c0f49820-4f74-4e74-b04f-112c7b73a5ee","90ca3254-c4fc-42bc-99ed-92564ccf8a18","cc5d5eee-7682-4e1c-afe9-5d18ee380b81","PLACE","PLACE_UNBOOKMARK","1","2025-10-29 15:06:35.138"
"c6e1d9b7-72dc-4c04-92c3-9f0865107e28","90ca3254-c4fc-42bc-99ed-92564ccf8a18","cc5d5eee-7682-4e1c-afe9-5d18ee380b81","PLACE","PLACE_BOOKMARK","1","2025-10-29 15:06:12.682"
"e42e4967-2d31-41a8-a4d8-dbb42bd646b6","859e8f39-8052-4043-b0df-f08b48fac26e","512493bd-7e6c-481b-8f9f-2ab477ec260b","PLACE","PLACE_LIKE","1","2025-10-29 14:51:55.933"
"9750f641-004d-487f-aa65-c230abf5300e","90ca3254-c4fc-42bc-99ed-92564ccf8a18","e13256d2-820e-4eb3-898f-c590c39a5d3e","PLACE","PLACE_BOOKMARK","1","2025-10-29 14:26:06.045"
"1c3cd009-2e5e-4954-ae67-64a0e118fe72","90ca3254-c4fc-42bc-99ed-92564ccf8a18","e13256d2-820e-4eb3-898f-c590c39a5d3e","PLACE","PLACE_UNBOOKMARK","1","2025-10-29 14:26:03.486"
"06b948b1-0f80-440d-8d9a-22cef1c96b84","33b3261a-4f2c-4172-bb7e-27d713bb5fbf","ea4ff208-85a0-436c-977a-4e55cafbf0d9","PLACE","PLACE_LIKE","1","2025-10-29 10:47:35.683"
"d7f6c2c9-b212-4af0-90c5-369f0211cefd","33b3261a-4f2c-4172-bb7e-27d713bb5fbf","b165a65d-124a-410e-ae67-2d0b45a568be","PLACE","PLACE_LIKE","1","2025-10-29 10:47:28.255"
"ecb05ef4-de0a-42f9-b6b3-b1067c1d4000","33b3261a-4f2c-4172-bb7e-27d713bb5fbf","ccb6ade6-6dbd-443f-8ffc-38ce7c331392","PLACE","PLACE_LIKE","1","2025-10-29 10:47:22.104"
"9ab2b3b2-c77f-458c-b75e-d61e55461291","33b3261a-4f2c-4172-bb7e-27d713bb5fbf","e13256d2-820e-4eb3-898f-c590c39a5d3e","PLACE","PLACE_LIKE","1","2025-10-29 10:47:06.343"
"e44ad2ae-0817-4354-998d-4ef3764073fb","33b3261a-4f2c-4172-bb7e-27d713bb5fbf","ccb6ade6-6dbd-443f-8ffc-38ce7c331392","PLACE","PLACE_UNLIKE","1","2025-10-29 10:47:00.254"
"a832e988-88c7-459e-85c9-f7b3d7c95f20","33b3261a-4f2c-4172-bb7e-27d713bb5fbf","e13256d2-820e-4eb3-898f-c590c39a5d3e","PLACE","PLACE_UNLIKE","1","2025-10-29 10:46:55.629"
"18d5a603-cf9f-41cb-93fc-e576b2b69348","33b3261a-4f2c-4172-bb7e-27d713bb5fbf","1707aa84-3811-4e10-bf15-7af5ef79b518","PLACE","PLACE_UNLIKE","1","2025-10-29 10:46:50.987"
"bfdffc7c-6312-4af3-a34c-873446521e84","33b3261a-4f2c-4172-bb7e-27d713bb5fbf","1707aa84-3811-4e10-bf15-7af5ef79b518","PLACE","PLACE_UNDISLIKE","1","2025-10-29 10:46:48.930"
"dc995e6e-6c2a-4c0d-8579-34d19b37ca7d","33b3261a-4f2c-4172-bb7e-27d713bb5fbf","1707aa84-3811-4e10-bf15-7af5ef79b518","PLACE","PLACE_LIKE","1","2025-10-29 10:46:48.930"
"c182da5e-82d9-4030-b78b-cb28b45560f4","33b3261a-4f2c-4172-bb7e-27d713bb5fbf","1707aa84-3811-4e10-bf15-7af5ef79b518","PLACE","PLACE_UNLIKE","1","2025-10-29 10:46:46.382"
"fc824608-233f-4b86-b9e0-c26b0b442d0d","33b3261a-4f2c-4172-bb7e-27d713bb5fbf","1707aa84-3811-4e10-bf15-7af5ef79b518","PLACE","PLACE_DISLIKE","1","2025-10-29 10:46:46.382"
"1975546c-f0fd-498a-89be-8db582c0c197","33b3261a-4f2c-4172-bb7e-27d713bb5fbf","1707aa84-3811-4e10-bf15-7af5ef79b518","PLACE","PLACE_LIKE","1","2025-10-29 10:46:43.227"
"43625a53-76bd-445c-87b7-bfe87eeddc8a","33b3261a-4f2c-4172-bb7e-27d713bb5fbf","cc5d5eee-7682-4e1c-afe9-5d18ee380b81","PLACE","PLACE_LIKE","1","2025-10-29 10:46:29.519"
"4c4d960e-3dbd-459f-846d-7c13c453f589","33b3261a-4f2c-4172-bb7e-27d713bb5fbf","cc5d5eee-7682-4e1c-afe9-5d18ee380b81","PLACE","PLACE_UNDISLIKE","1","2025-10-29 10:46:29.519"
"f49a2118-d707-4a64-b832-595f53e82f87","33b3261a-4f2c-4172-bb7e-27d713bb5fbf","cc5d5eee-7682-4e1c-afe9-5d18ee380b81","PLACE","PLACE_UNLIKE","1","2025-10-29 10:46:27.112"
"ff7d0308-623e-4f99-af17-43f9170eb2ac","33b3261a-4f2c-4172-bb7e-27d713bb5fbf","cc5d5eee-7682-4e1c-afe9-5d18ee380b81","PLACE","PLACE_DISLIKE","1","2025-10-29 10:46:27.112"
"a8524f02-03d1-4060-88c3-1249a727ea22","33b3261a-4f2c-4172-bb7e-27d713bb5fbf","cc5d5eee-7682-4e1c-afe9-5d18ee380b81","PLACE","PLACE_SHARE","1","2025-10-29 10:46:19.086"
"df7f9490-cfc7-44d5-a552-6dbe1160c329","33b3261a-4f2c-4172-bb7e-27d713bb5fbf","e13256d2-820e-4eb3-898f-c590c39a5d3e","PLACE","PLACE_SHARE","1","2025-10-29 10:46:09.164"
"4e596a0e-d61e-4c55-aa41-62bf7ff1c0f4","33b3261a-4f2c-4172-bb7e-27d713bb5fbf","ccb6ade6-6dbd-443f-8ffc-38ce7c331392","PLACE","PLACE_SHARE","1","2025-10-29 10:45:56.479"
"87e9b2e2-cb94-4379-97e8-6063bffceafd","33b3261a-4f2c-4172-bb7e-27d713bb5fbf","ccb6ade6-6dbd-443f-8ffc-38ce7c331392","PLACE","PLACE_BOOKMARK","1","2025-10-29 10:45:45.181"
"db55f4b9-066f-4d02-9a22-69bbf6965f4d","33b3261a-4f2c-4172-bb7e-27d713bb5fbf","ca56fcce-29de-4b05-94f9-65ecdce36e79","PLACE","PLACE_BOOKMARK","1","2025-10-29 10:45:23.626"
"38458c46-6373-4473-9333-bb0699454a37","33b3261a-4f2c-4172-bb7e-27d713bb5fbf","ea4ff208-85a0-436c-977a-4e55cafbf0d9","PLACE","PLACE_BOOKMARK","1","2025-10-29 10:45:16.136"
"8cc23ce3-fd9b-4ed6-abfe-058ef203bdb5","33b3261a-4f2c-4172-bb7e-27d713bb5fbf","e13256d2-820e-4eb3-898f-c590c39a5d3e","PLACE","PLACE_BOOKMARK","1","2025-10-29 10:45:07.946"
"6ebccb93-af12-4564-aa75-91d171ccd5e9","33b3261a-4f2c-4172-bb7e-27d713bb5fbf","cc5d5eee-7682-4e1c-afe9-5d18ee380b81","PLACE","PLACE_BOOKMARK","1","2025-10-29 10:44:56.568"
"747562bd-df4f-4481-8eea-88c384dade77","33b3261a-4f2c-4172-bb7e-27d713bb5fbf","cc5d5eee-7682-4e1c-afe9-5d18ee380b81","PLACE","PLACE_LIKE","1","2025-10-29 10:44:46.091"
"559166c8-b61c-438c-8412-2969478787ca","33b3261a-4f2c-4172-bb7e-27d713bb5fbf","ccb6ade6-6dbd-443f-8ffc-38ce7c331392","PLACE","PLACE_LIKE","1","2025-10-29 10:44:36.847"
"738119e4-4cbf-4b60-a4e7-397273a2f398","33b3261a-4f2c-4172-bb7e-27d713bb5fbf","e13256d2-820e-4eb3-898f-c590c39a5d3e","PLACE","PLACE_LIKE","1","2025-10-29 10:44:28.712"
"a5dd3b51-bcac-480c-9d26-d9d534e3542e","6b3f87b4-14c4-4f98-8228-0dc65fb5efd5","d1b9eae2-5667-4298-9cbd-5360bda2ff0e","PLACE","PLACE_LIKE","1","2025-10-29 10:37:29.208"
"ec1585d6-8995-4ee2-b1fa-32e0609a7d96","6b3f87b4-14c4-4f98-8228-0dc65fb5efd5","8e8123ac-d743-4e84-8cd9-7a3492631b86","PLACE","PLACE_LIKE","1","2025-10-29 10:37:23.855"
"8d15e44e-b46f-4c23-9dd9-65a5bbdfce9f","6b3f87b4-14c4-4f98-8228-0dc65fb5efd5","a3ae9386-0be0-4845-b7c9-d956661044c6","PLACE","PLACE_LIKE","1","2025-10-29 10:37:16.242"
"baad4c6c-a46a-451a-be96-6ebf45c68a27","6b3f87b4-14c4-4f98-8228-0dc65fb5efd5","e13256d2-820e-4eb3-898f-c590c39a5d3e","PLACE","PLACE_LIKE","1","2025-10-29 10:36:58.967"
"2de26abc-a7a2-4b62-9143-73bfc2b15eab","6b3f87b4-14c4-4f98-8228-0dc65fb5efd5","e13256d2-820e-4eb3-898f-c590c39a5d3e","PLACE","PLACE_UNLIKE","1","2025-10-29 10:36:52.926"
"a9cd7cdf-a669-4a46-81a5-88ed5d0cc032","6b3f87b4-14c4-4f98-8228-0dc65fb5efd5","ca56fcce-29de-4b05-94f9-65ecdce36e79","PLACE","PLACE_SHARE","1","2025-10-29 10:36:34.260"
"32369a4e-5221-4811-9d60-36f1c5bc8cfc","6b3f87b4-14c4-4f98-8228-0dc65fb5efd5","1707aa84-3811-4e10-bf15-7af5ef79b518","PLACE","PLACE_SHARE","1","2025-10-29 10:36:28.470"
"35f37374-8fd6-48c1-99a5-953cc11be2a5","6b3f87b4-14c4-4f98-8228-0dc65fb5efd5","e13256d2-820e-4eb3-898f-c590c39a5d3e","PLACE","PLACE_SHARE","1","2025-10-29 10:36:19.353"
"68f02001-1560-406a-9608-df754842d9eb","6b3f87b4-14c4-4f98-8228-0dc65fb5efd5","cc5d5eee-7682-4e1c-afe9-5d18ee380b81","PLACE","PLACE_BOOKMARK","1","2025-10-29 10:36:02.542"
"4cd37e63-7204-4b82-9fa2-768ebb94cd6b","6b3f87b4-14c4-4f98-8228-0dc65fb5efd5","1707aa84-3811-4e10-bf15-7af5ef79b518","PLACE","PLACE_BOOKMARK","1","2025-10-29 10:35:57.837"
"ba229d41-5fc9-46ab-b582-190ea301e317","6b3f87b4-14c4-4f98-8228-0dc65fb5efd5","b165a65d-124a-410e-ae67-2d0b45a568be","PLACE","PLACE_BOOKMARK","1","2025-10-29 10:35:54.039"
"5344a797-0995-40dd-9d57-1f2bd298f4d8","6b3f87b4-14c4-4f98-8228-0dc65fb5efd5","ccb6ade6-6dbd-443f-8ffc-38ce7c331392","PLACE","PLACE_BOOKMARK","1","2025-10-29 10:35:48.690"
"9ec9c829-0e2d-432a-a586-8f37b8da94d9","6b3f87b4-14c4-4f98-8228-0dc65fb5efd5","e13256d2-820e-4eb3-898f-c590c39a5d3e","PLACE","PLACE_BOOKMARK","1","2025-10-29 10:35:43.702"
"2ef2f21e-543d-49b0-9674-d008a1610180","6b3f87b4-14c4-4f98-8228-0dc65fb5efd5","e13256d2-820e-4eb3-898f-c590c39a5d3e","PLACE","PLACE_REVIEW","5","2025-10-29 10:35:19.976"
"9fda9c67-cfa1-45f2-8917-0216f0ca2d59","6b3f87b4-14c4-4f98-8228-0dc65fb5efd5","e13256d2-820e-4eb3-898f-c590c39a5d3e","PLACE","PLACE_LIKE","1","2025-10-29 10:34:58.321"
"e2410bf7-bdc9-4151-ab5b-71d60f4510be","6b3f87b4-14c4-4f98-8228-0dc65fb5efd5","ccb6ade6-6dbd-443f-8ffc-38ce7c331392","PLACE","PLACE_REVIEW","5","2025-10-29 10:34:46.614"
"68878955-2ec2-4334-923c-6c30f98f487a","6b3f87b4-14c4-4f98-8228-0dc65fb5efd5","ccb6ade6-6dbd-443f-8ffc-38ce7c331392","PLACE","PLACE_LIKE","1","2025-10-29 10:34:33.689"
"421ffe1d-0d2d-42ec-af1f-a48571c08eba","6b3f87b4-14c4-4f98-8228-0dc65fb5efd5","ea4ff208-85a0-436c-977a-4e55cafbf0d9","PLACE","PLACE_REVIEW","5","2025-10-29 10:34:03.025"
"636fb21c-980e-4ffc-b771-b604712a99aa","6b3f87b4-14c4-4f98-8228-0dc65fb5efd5","ea4ff208-85a0-436c-977a-4e55cafbf0d9","PLACE","PLACE_LIKE","1","2025-10-29 10:32:57.703"
"dc57f25a-29f5-484c-bc91-50d787713ed5","01bec4f4-0d60-4702-b202-841f4433aa59","83ca982c-825c-49da-ab16-13038535cbb4","PLACE","PLACE_LIKE","1","2025-10-29 10:23:51.142"
"62d14e33-f761-42c7-8747-c2940806091c","01bec4f4-0d60-4702-b202-841f4433aa59","b165a65d-124a-410e-ae67-2d0b45a568be","PLACE","PLACE_LIKE","1","2025-10-29 10:23:30.741"
"21f23839-1685-47f3-9552-bc6fc34573ec","01bec4f4-0d60-4702-b202-841f4433aa59","ea4ff208-85a0-436c-977a-4e55cafbf0d9","PLACE","PLACE_LIKE","1","2025-10-29 10:23:22.568"
"97876266-ad62-441a-baf6-f80464906383","01bec4f4-0d60-4702-b202-841f4433aa59","ea4ff208-85a0-436c-977a-4e55cafbf0d9","PLACE","PLACE_UNLIKE","1","2025-10-29 10:23:20.510"
"97a2e787-c454-4169-8a8e-23f3382e91d8","01bec4f4-0d60-4702-b202-841f4433aa59","ccb6ade6-6dbd-443f-8ffc-38ce7c331392","PLACE","PLACE_LIKE","1","2025-10-29 10:23:10.154"
"1e28bea3-e9b8-4374-98ed-738ffeb3f8b9","01bec4f4-0d60-4702-b202-841f4433aa59","ccb6ade6-6dbd-443f-8ffc-38ce7c331392","PLACE","PLACE_UNLIKE","1","2025-10-29 10:23:07.897"
"00ada5bc-da81-483f-afbc-23c43ec8199f","01bec4f4-0d60-4702-b202-841f4433aa59","ccb6ade6-6dbd-443f-8ffc-38ce7c331392","PLACE","PLACE_LIKE","1","2025-10-29 10:23:05.076"
"426d064d-c247-47dd-bc27-cf1a50e24d04","01bec4f4-0d60-4702-b202-841f4433aa59","52d4485b-ad05-4ea5-b308-3b3699e6d621","PLACE","PLACE_SHARE","1","2025-10-29 10:22:40.735"
"86e218d6-bd97-43df-96a5-7877772788fb","01bec4f4-0d60-4702-b202-841f4433aa59","429d0f40-69fa-4a70-9c00-51cb63d47de8","PLACE","PLACE_SHARE","1","2025-10-29 10:22:26.084"
"f1d57bb7-cf3d-4096-81d3-d4db6c4f2b6a","01bec4f4-0d60-4702-b202-841f4433aa59","248bfd6a-6a69-41ad-a853-1f07337a77d1","PLACE","PLACE_SHARE","1","2025-10-29 10:22:08.549"
"b7e05fba-40dd-43d2-b257-8193b745dab8","01bec4f4-0d60-4702-b202-841f4433aa59","96ca8921-faf6-40a9-b4aa-b6caa921a492","PLACE","PLACE_BOOKMARK","1","2025-10-29 10:21:48.231"
"e95389d7-7cee-4c5c-a15a-ea696a47b5a3","01bec4f4-0d60-4702-b202-841f4433aa59","248bfd6a-6a69-41ad-a853-1f07337a77d1","PLACE","PLACE_BOOKMARK","1","2025-10-29 10:21:30.972"
"4494170a-8166-43f4-a256-2e18c158518b","01bec4f4-0d60-4702-b202-841f4433aa59","fe594032-0399-4645-b25f-97db90b84562","PLACE","PLACE_BOOKMARK","1","2025-10-29 10:21:06.759"
"ca09b44a-acd2-41ae-8f7d-dbc04d8b0a86","01bec4f4-0d60-4702-b202-841f4433aa59","fe594032-0399-4645-b25f-97db90b84562","PLACE","PLACE_UNBOOKMARK","1","2025-10-29 10:21:02.624"
"ac95903d-1fd6-4366-b792-aa33fb812e2d","01bec4f4-0d60-4702-b202-841f4433aa59","fe594032-0399-4645-b25f-97db90b84562","PLACE","PLACE_BOOKMARK","1","2025-10-29 10:21:00.547"
"ac7207b3-c0a4-40aa-8139-69378ec6f67a","01bec4f4-0d60-4702-b202-841f4433aa59","83ca982c-825c-49da-ab16-13038535cbb4","PLACE","PLACE_UNBOOKMARK","1","2025-10-29 10:20:34.089"
"d58640ab-f99b-449d-a4b3-f0f67d228c19","01bec4f4-0d60-4702-b202-841f4433aa59","83ca982c-825c-49da-ab16-13038535cbb4","PLACE","PLACE_BOOKMARK","1","2025-10-29 10:20:30.351"
"3fc73963-97aa-4532-a6c6-572292f24c2d","01bec4f4-0d60-4702-b202-841f4433aa59","83ca982c-825c-49da-ab16-13038535cbb4","PLACE","PLACE_UNBOOKMARK","1","2025-10-29 10:20:22.364"
"b2ebed21-a818-4308-854f-14ec52893518","01bec4f4-0d60-4702-b202-841f4433aa59","83ca982c-825c-49da-ab16-13038535cbb4","PLACE","PLACE_BOOKMARK","1","2025-10-29 10:20:17.929"
"a29e1e23-21a4-4846-b264-ace026403129","01bec4f4-0d60-4702-b202-841f4433aa59","9c92cd5f-6ab0-43d0-b24a-83e39152b1e9","PLACE","PLACE_UNBOOKMARK","1","2025-10-29 10:20:00.160"
"f39f7d27-6d8a-42f9-9200-3caaa751bd8f","488a3152-e83c-4a52-a452-90dcd9d58d1a","5569a4af-d2c4-4e9a-b8ca-a727eff162c8","PLACE","PLACE_BOOKMARK","1","2025-10-29 10:19:56.664"
"5da4cee5-2d30-4fba-8251-48da4f61d500","488a3152-e83c-4a52-a452-90dcd9d58d1a","5569a4af-d2c4-4e9a-b8ca-a727eff162c8","PLACE","PLACE_UNBOOKMARK","1","2025-10-29 10:19:54.112"
"06cb0393-a59d-4ad8-9e5b-b5834bd6b545","01bec4f4-0d60-4702-b202-841f4433aa59","9c92cd5f-6ab0-43d0-b24a-83e39152b1e9","PLACE","PLACE_BOOKMARK","1","2025-10-29 10:19:54.022"
"d70e9c3c-228e-4cfa-822e-61891da64f5a","488a3152-e83c-4a52-a452-90dcd9d58d1a","5569a4af-d2c4-4e9a-b8ca-a727eff162c8","PLACE","PLACE_BOOKMARK","1","2025-10-29 10:19:51.004"
"9a24dfd2-7ceb-40d2-ab27-8281a380b809","01bec4f4-0d60-4702-b202-841f4433aa59","9c92cd5f-6ab0-43d0-b24a-83e39152b1e9","PLACE","PLACE_UNBOOKMARK","1","2025-10-29 10:19:35.610"
"162ca492-8b97-4ab3-9f71-2fb4a74730fb","01bec4f4-0d60-4702-b202-841f4433aa59","9c92cd5f-6ab0-43d0-b24a-83e39152b1e9","PLACE","PLACE_BOOKMARK","1","2025-10-29 10:19:30.064"
"8a41f84e-9afa-4371-876b-77f3e08d5ded","488a3152-e83c-4a52-a452-90dcd9d58d1a","ea19f6d8-2166-4204-a076-d555e4a75dcb","PLACE","PLACE_LIKE","1","2025-10-29 10:18:53.581"
"a96d6fc8-8c9a-4fc6-b0e9-d01de737da18","488a3152-e83c-4a52-a452-90dcd9d58d1a","55fb2ccd-4749-4556-a511-a196222117a1","PLACE","PLACE_LIKE","1","2025-10-29 10:18:41.635"
"80c9c273-afd0-43aa-b554-b9f2d6ff8a6e","488a3152-e83c-4a52-a452-90dcd9d58d1a","248bfd6a-6a69-41ad-a853-1f07337a77d1","PLACE","PLACE_LIKE","1","2025-10-29 10:18:33.833"
"cade55bc-980c-4676-8548-0ef4ccd60ebd","488a3152-e83c-4a52-a452-90dcd9d58d1a","248bfd6a-6a69-41ad-a853-1f07337a77d1","PLACE","PLACE_SHARE","1","2025-10-29 10:18:26.261"
"e54ac3f5-f744-4e43-96e7-9f76a08f7182","488a3152-e83c-4a52-a452-90dcd9d58d1a","0ce96156-c74a-41c9-ae8e-bb502b508062","PLACE","PLACE_SHARE","1","2025-10-29 10:18:16.266"
"4ac68067-0ca1-4733-9b17-58bf22b7ff9b","ed208c1d-7de1-413a-9c2e-c0ebbeb1f00b","1181605c-1099-4624-9759-6958db448fb3","PLACE","PLACE_REVIEW","1","2025-10-29 10:18:16.059"
"1494a1b0-9376-4db9-aa85-54998a0b291c","488a3152-e83c-4a52-a452-90dcd9d58d1a","512493bd-7e6c-481b-8f9f-2ab477ec260b","PLACE","PLACE_SHARE","1","2025-10-29 10:17:54.507"
"7f3a2bb5-e01d-4fa6-8759-5e9c91011112","488a3152-e83c-4a52-a452-90dcd9d58d1a","512493bd-7e6c-481b-8f9f-2ab477ec260b","PLACE","PLACE_BOOKMARK","1","2025-10-29 10:17:45.260"
"4088c684-4e7f-4b65-8ba7-61dbef3fd5c2","488a3152-e83c-4a52-a452-90dcd9d58d1a","b165a65d-124a-410e-ae67-2d0b45a568be","PLACE","PLACE_BOOKMARK","1","2025-10-29 10:17:27.237"
"ead3b4dd-d733-4555-8316-1c6de5391e72","ed208c1d-7de1-413a-9c2e-c0ebbeb1f00b","1181605c-1099-4624-9759-6958db448fb3","PLACE","PLACE_LIKE","1","2025-10-29 10:17:23.604"
"a3253c69-ecbf-4469-8eda-460efd032cad","488a3152-e83c-4a52-a452-90dcd9d58d1a","a26134dd-21ea-45dd-9f72-0b96d026229f","PLACE","PLACE_BOOKMARK","1","2025-10-29 10:17:15.861"
"4dc0d370-0007-440b-870f-c4c003da67f0","488a3152-e83c-4a52-a452-90dcd9d58d1a","cc5d5eee-7682-4e1c-afe9-5d18ee380b81","PLACE","PLACE_BOOKMARK","1","2025-10-29 10:17:05.309"
"0e1faa38-d870-4a16-9d25-a11b540e2c36","488a3152-e83c-4a52-a452-90dcd9d58d1a","cc5d5eee-7682-4e1c-afe9-5d18ee380b81","PLACE","PLACE_LIKE","1","2025-10-29 10:17:04.855"
"3661cdc9-72e9-4468-817c-d1a06c302aab","488a3152-e83c-4a52-a452-90dcd9d58d1a","aba74ade-82ac-4d17-9703-cb4bf55e80c2","PLACE","PLACE_BOOKMARK","1","2025-10-29 10:16:44.559"
"ce09c09b-18b6-468e-8a47-bad94c1f199d","488a3152-e83c-4a52-a452-90dcd9d58d1a","aba74ade-82ac-4d17-9703-cb4bf55e80c2","PLACE","PLACE_UNLIKE","1","2025-10-29 10:16:42.544"
"e93f3d36-5c29-417b-abd4-d4731817827a","ed208c1d-7de1-413a-9c2e-c0ebbeb1f00b","fd4a315c-ca33-493f-a7d5-46e851b6f099","PLACE","PLACE_LIKE","1","2025-10-29 10:16:40.533"
"32fbe12a-78e5-4876-8e02-b7751965d2a6","ed208c1d-7de1-413a-9c2e-c0ebbeb1f00b","512493bd-7e6c-481b-8f9f-2ab477ec260b","PLACE","PLACE_LIKE","1","2025-10-29 10:16:34.354"
"80f3575f-907f-4ba5-8191-ca96b6ed859f","488a3152-e83c-4a52-a452-90dcd9d58d1a","aba74ade-82ac-4d17-9703-cb4bf55e80c2","PLACE","PLACE_LIKE","1","2025-10-29 10:16:33.069"
"b103a472-09a3-4482-9029-70e7a3beac99","488a3152-e83c-4a52-a452-90dcd9d58d1a","b165a65d-124a-410e-ae67-2d0b45a568be","PLACE","PLACE_LIKE","1","2025-10-29 10:15:32.197"
"fc556556-b0c3-4d24-98ce-9a00535472e4","488a3152-e83c-4a52-a452-90dcd9d58d1a","eb09c8c6-099c-4610-ac40-d0f8b639b244","PLACE","PLACE_REVIEW","5","2025-10-29 10:15:01.793"
"939534ca-24e9-48b7-bb53-b916a3e3e534","01bec4f4-0d60-4702-b202-841f4433aa59","f00e9738-747f-4454-adeb-c0e466dda2bd","PLACE","PLACE_LIKE","1","2025-10-29 10:14:47.023"
"c808b4e0-762e-4595-9bd8-01b409ca78bf","ed208c1d-7de1-413a-9c2e-c0ebbeb1f00b","512493bd-7e6c-481b-8f9f-2ab477ec260b","PLACE","PLACE_SHARE","1","2025-10-29 10:14:42.816"
"e3724fce-9dfb-4ee9-86f7-910ae2488de2","ed208c1d-7de1-413a-9c2e-c0ebbeb1f00b","41057bd8-97cc-4d1f-89a4-3443793d7d06","PLACE","PLACE_SHARE","1","2025-10-29 10:14:36.846"
"ddf0465f-7b3f-4aeb-a31e-ca7812511c01","ed208c1d-7de1-413a-9c2e-c0ebbeb1f00b","fd4a315c-ca33-493f-a7d5-46e851b6f099","PLACE","PLACE_SHARE","1","2025-10-29 10:14:12.981"
"8c7fb64e-1165-433c-90e8-d3a96dbb4217","488a3152-e83c-4a52-a452-90dcd9d58d1a","eb09c8c6-099c-4610-ac40-d0f8b639b244","PLACE","PLACE_LIKE","1","2025-10-29 10:14:06.211"
"5a31ba4a-1679-47b5-a0fa-c88202857d80","ed208c1d-7de1-413a-9c2e-c0ebbeb1f00b","429d0f40-69fa-4a70-9c00-51cb63d47de8","PLACE","PLACE_BOOKMARK","1","2025-10-29 10:13:54.863"
"4b5eba6b-beae-480b-973d-01e8abef90a6","ed208c1d-7de1-413a-9c2e-c0ebbeb1f00b","5569a4af-d2c4-4e9a-b8ca-a727eff162c8","PLACE","PLACE_BOOKMARK","1","2025-10-29 10:13:45.141"
"e569bf6f-7260-4220-8a1c-e9f6603de5f8","ed208c1d-7de1-413a-9c2e-c0ebbeb1f00b","a26134dd-21ea-45dd-9f72-0b96d026229f","PLACE","PLACE_BOOKMARK","1","2025-10-29 10:13:38.233"
"c3367de6-4ea7-4428-9791-5baef62d43d5","01bec4f4-0d60-4702-b202-841f4433aa59","d2cae632-bd18-45af-9595-62f072681ad3","PLACE","PLACE_LIKE","1","2025-10-29 10:13:33.883"
"ae9d306f-71bf-4025-b540-20623a56d5ad","488a3152-e83c-4a52-a452-90dcd9d58d1a","ca56fcce-29de-4b05-94f9-65ecdce36e79","PLACE","PLACE_LIKE","1","2025-10-29 10:12:27.149"
"ba6a6e68-4e7f-495b-85bc-4d862eb9b512","01bec4f4-0d60-4702-b202-841f4433aa59","ea4ff208-85a0-436c-977a-4e55cafbf0d9","PLACE","PLACE_LIKE","1","2025-10-29 10:10:59.413"
"728aa644-9310-480d-b32d-0be1028ec065","01bec4f4-0d60-4702-b202-841f4433aa59","ea4ff208-85a0-436c-977a-4e55cafbf0d9","PLACE","PLACE_UNDISLIKE","1","2025-10-29 10:10:58.099"
"5c862889-5722-4ea3-81e3-73c93bff4012","01bec4f4-0d60-4702-b202-841f4433aa59","ea4ff208-85a0-436c-977a-4e55cafbf0d9","PLACE","PLACE_DISLIKE","1","2025-10-29 10:10:52.847"
"48c3bb3a-2353-4fe2-8975-6fe10ef92e6e","ed208c1d-7de1-413a-9c2e-c0ebbeb1f00b","ccb6ade6-6dbd-443f-8ffc-38ce7c331392","PLACE","PLACE_BOOKMARK","1","2025-10-29 10:08:19.834"
"f5d210cf-ab05-4cb0-8beb-d36b89b32e06","ed208c1d-7de1-413a-9c2e-c0ebbeb1f00b","ea4ff208-85a0-436c-977a-4e55cafbf0d9","PLACE","PLACE_BOOKMARK","1","2025-10-29 10:07:41.292"
"ca0cf328-2a6b-4ae5-b09f-330ea24f0aef","ed208c1d-7de1-413a-9c2e-c0ebbeb1f00b","b165a65d-124a-410e-ae67-2d0b45a568be","PLACE","PLACE_LIKE","1","2025-10-29 10:07:05.533"
"e35899f1-9b5c-44b3-888d-74e39b7d3e6e","ed208c1d-7de1-413a-9c2e-c0ebbeb1f00b","cc5d5eee-7682-4e1c-afe9-5d18ee380b81","PLACE","PLACE_LIKE","1","2025-10-29 10:06:54.552"
"78ce1b4d-e87b-4fb7-a79b-6e0e01b977ae","ed208c1d-7de1-413a-9c2e-c0ebbeb1f00b","ccb6ade6-6dbd-443f-8ffc-38ce7c331392","PLACE","PLACE_LIKE","1","2025-10-29 10:06:43.449"
"f956b1c5-27a0-4f37-8819-77274dc36439","aa02557f-61b4-4c41-912f-6674f9ddb41a","a26134dd-21ea-45dd-9f72-0b96d026229f","PLACE","PLACE_REVIEW","5","2025-10-29 09:53:28.120"
"c53ff28d-96fe-4f88-9754-cf573f796d0a","aa02557f-61b4-4c41-912f-6674f9ddb41a","5569a4af-d2c4-4e9a-b8ca-a727eff162c8","PLACE","PLACE_LIKE","1","2025-10-29 09:52:52.109"
"ea0782f9-2902-4b96-9c92-8d15e388c983","5902dfc8-ddd0-42c3-bed2-95598bcd243a","ccb6ade6-6dbd-443f-8ffc-38ce7c331392","PLACE","PLACE_REVIEW","5","2025-10-29 09:52:42.575"
"269ae8d5-2abc-4545-8d70-0948bf1015b7","aa02557f-61b4-4c41-912f-6674f9ddb41a","cc5d5eee-7682-4e1c-afe9-5d18ee380b81","PLACE","PLACE_LIKE","1","2025-10-29 09:52:36.223"
"9d1774a4-9611-4fc8-b29b-a5331fde9e12","aa02557f-61b4-4c41-912f-6674f9ddb41a","ccb6ade6-6dbd-443f-8ffc-38ce7c331392","PLACE","PLACE_LIKE","1","2025-10-29 09:52:24.742"
"b36edbf3-b3b5-4742-b4b6-14d9e2b00b91","5902dfc8-ddd0-42c3-bed2-95598bcd243a","ccb6ade6-6dbd-443f-8ffc-38ce7c331392","PLACE","PLACE_LIKE","1","2025-10-29 09:52:10.563"
"c68fb34a-797b-4fb0-bd2a-d0ac80e3dffe","5902dfc8-ddd0-42c3-bed2-95598bcd243a","cc5d5eee-7682-4e1c-afe9-5d18ee380b81","PLACE","PLACE_LIKE","1","2025-10-29 09:52:04.241"
"ee2ad4e1-08dc-4c07-8bdd-ac6aa8a8a8d0","5902dfc8-ddd0-42c3-bed2-95598bcd243a","a26134dd-21ea-45dd-9f72-0b96d026229f","PLACE","PLACE_LIKE","1","2025-10-29 09:51:57.767"
"ff66cab0-7f66-411c-a654-ed1ffa4ae940","5902dfc8-ddd0-42c3-bed2-95598bcd243a","a26134dd-21ea-45dd-9f72-0b96d026229f","PLACE","PLACE_SHARE","1","2025-10-29 09:51:52.332"
"7cbd3912-85d4-4f56-a999-289edf422ace","aa02557f-61b4-4c41-912f-6674f9ddb41a","ea4ff208-85a0-436c-977a-4e55cafbf0d9","PLACE","PLACE_SHARE","1","2025-10-29 09:51:50.338"
"5265c026-7020-43de-bd25-b1936f8ab993","5902dfc8-ddd0-42c3-bed2-95598bcd243a","1e133989-0099-430d-acdc-8c33d2576e9f","PLACE","PLACE_SHARE","1","2025-10-29 09:51:42.230"
"2fafd754-9174-4d83-8f9e-ab035a7c1379","aa02557f-61b4-4c41-912f-6674f9ddb41a","b165a65d-124a-410e-ae67-2d0b45a568be","PLACE","PLACE_SHARE","1","2025-10-29 09:51:35.874"
"a9d28132-791d-4aab-b2f5-762cffacfd02","5902dfc8-ddd0-42c3-bed2-95598bcd243a","eb4fb147-6ef9-450a-8510-b18715ac94ab","PLACE","PLACE_SHARE","1","2025-10-29 09:51:27.908"
"595e74a4-16e5-463d-9204-096991cd992a","5902dfc8-ddd0-42c3-bed2-95598bcd243a","eb4fb147-6ef9-450a-8510-b18715ac94ab","PLACE","PLACE_BOOKMARK","1","2025-10-29 09:51:22.075"
"a20b9b23-62ef-4134-854d-2b9b9c4dbf7b","aa02557f-61b4-4c41-912f-6674f9ddb41a","e13256d2-820e-4eb3-898f-c590c39a5d3e","PLACE","PLACE_SHARE","1","2025-10-29 09:51:16.370"
"06234c54-e163-4ea1-8d29-cbdc1f363a1d","5902dfc8-ddd0-42c3-bed2-95598bcd243a","b165a65d-124a-410e-ae67-2d0b45a568be","PLACE","PLACE_BOOKMARK","1","2025-10-29 09:51:13.484"
"67cd2c63-26a1-4864-a9e1-4a51eb1faafc","5902dfc8-ddd0-42c3-bed2-95598bcd243a","4e5edfed-51e5-499f-9c37-428427227502","PLACE","PLACE_BOOKMARK","1","2025-10-29 09:51:07.400"
"5894a224-cfcf-4a05-a264-7e47a37ce805","5902dfc8-ddd0-42c3-bed2-95598bcd243a","4e5edfed-51e5-499f-9c37-428427227502","PLACE","PLACE_UNBOOKMARK","1","2025-10-29 09:51:04.633"
"de24ff5d-3deb-44c8-9846-a73a23476417","aa02557f-61b4-4c41-912f-6674f9ddb41a","ca56fcce-29de-4b05-94f9-65ecdce36e79","PLACE","PLACE_BOOKMARK","1","2025-10-29 09:51:04.056"
"c6d66948-ba07-4721-85c4-d4a673678fe5","5902dfc8-ddd0-42c3-bed2-95598bcd243a","a26134dd-21ea-45dd-9f72-0b96d026229f","PLACE","PLACE_BOOKMARK","1","2025-10-29 09:51:03.776"
"a41c570f-2c73-431b-a213-a4944878134e","5902dfc8-ddd0-42c3-bed2-95598bcd243a","a26134dd-21ea-45dd-9f72-0b96d026229f","PLACE","PLACE_UNBOOKMARK","1","2025-10-29 09:51:02.624"
"742703e4-4c33-4185-b637-208c09aeaf80","5902dfc8-ddd0-42c3-bed2-95598bcd243a","5569a4af-d2c4-4e9a-b8ca-a727eff162c8","PLACE","PLACE_BOOKMARK","1","2025-10-29 09:50:59.452"
"cf8a1dd3-3977-40e0-b95b-6eea9aba4e30","5902dfc8-ddd0-42c3-bed2-95598bcd243a","5569a4af-d2c4-4e9a-b8ca-a727eff162c8","PLACE","PLACE_UNBOOKMARK","1","2025-10-29 09:50:58.416"
"47f4ce12-7f5f-4f0e-bbda-2289f4f6d311","aa02557f-61b4-4c41-912f-6674f9ddb41a","b165a65d-124a-410e-ae67-2d0b45a568be","PLACE","PLACE_BOOKMARK","1","2025-10-29 09:50:57.272"
"a83816a8-eb57-42b7-b40a-ed303f5f5516","5902dfc8-ddd0-42c3-bed2-95598bcd243a","b165a65d-124a-410e-ae67-2d0b45a568be","PLACE","PLACE_LIKE","1","2025-10-29 09:50:51.118"
"cec06eb9-c829-4e35-99cb-e3595daad268","aa02557f-61b4-4c41-912f-6674f9ddb41a","ea4ff208-85a0-436c-977a-4e55cafbf0d9","PLACE","PLACE_BOOKMARK","1","2025-10-29 09:50:50.596"
"5f25c846-31c9-47c5-8da5-ddd3a3404431","5902dfc8-ddd0-42c3-bed2-95598bcd243a","4e5edfed-51e5-499f-9c37-428427227502","PLACE","PLACE_LIKE","1","2025-10-29 09:50:46.972"
"f941ff5e-7d66-4a62-a1aa-455e185ff223","aa02557f-61b4-4c41-912f-6674f9ddb41a","1707aa84-3811-4e10-bf15-7af5ef79b518","PLACE","PLACE_BOOKMARK","1","2025-10-29 09:50:43.245"
"3d6dc9d7-aafc-4491-b854-b963aec14fda","5902dfc8-ddd0-42c3-bed2-95598bcd243a","5569a4af-d2c4-4e9a-b8ca-a727eff162c8","PLACE","PLACE_LIKE","1","2025-10-29 09:50:41.235"
"fb684361-44e6-4b59-916a-66e2ff1e7dce","aa02557f-61b4-4c41-912f-6674f9ddb41a","e13256d2-820e-4eb3-898f-c590c39a5d3e","PLACE","PLACE_BOOKMARK","1","2025-10-29 09:50:38.871"
"7c83f5c5-44be-4178-a9c0-bb05c55fee72","5902dfc8-ddd0-42c3-bed2-95598bcd243a","4e5edfed-51e5-499f-9c37-428427227502","PLACE","PLACE_BOOKMARK","1","2025-10-29 09:50:17.084"
"eb1432d8-45fa-4f9a-b260-be5ee1a5623e","5902dfc8-ddd0-42c3-bed2-95598bcd243a","5569a4af-d2c4-4e9a-b8ca-a727eff162c8","PLACE","PLACE_BOOKMARK","1","2025-10-29 09:50:15.098"
"171135b1-0eff-4c81-945c-be73b6a55f33","aa02557f-61b4-4c41-912f-6674f9ddb41a","ca56fcce-29de-4b05-94f9-65ecdce36e79","PLACE","PLACE_LIKE","1","2025-10-29 09:50:14.919"
"b1f8a600-8c69-4598-a72c-49aa4698a9cb","5902dfc8-ddd0-42c3-bed2-95598bcd243a","a26134dd-21ea-45dd-9f72-0b96d026229f","PLACE","PLACE_BOOKMARK","1","2025-10-29 09:50:13.027"
"7ab1b681-5522-49b4-8b1d-9c98c12c1451","5902dfc8-ddd0-42c3-bed2-95598bcd243a","5569a4af-d2c4-4e9a-b8ca-a727eff162c8","PLACE","PLACE_UNBOOKMARK","1","2025-10-29 09:50:10.747"
"99ab6da1-d0f8-4165-aa90-a04e1a5b9e18","5902dfc8-ddd0-42c3-bed2-95598bcd243a","5569a4af-d2c4-4e9a-b8ca-a727eff162c8","PLACE","PLACE_BOOKMARK","1","2025-10-29 09:50:09.616"
"87fb9d94-e0d5-4e7a-a26a-78b43ab76503","aa02557f-61b4-4c41-912f-6674f9ddb41a","1707aa84-3811-4e10-bf15-7af5ef79b518","PLACE","PLACE_LIKE","1","2025-10-29 09:50:01.813"
"76593fa6-3c59-46c5-897a-6ff5a8996f55","aa02557f-61b4-4c41-912f-6674f9ddb41a","e13256d2-820e-4eb3-898f-c590c39a5d3e","PLACE","PLACE_LIKE","1","2025-10-29 09:48:27.458"
"0556c683-7d74-4f3b-989b-9095482339fe","90ca3254-c4fc-42bc-99ed-92564ccf8a18","e13256d2-820e-4eb3-898f-c590c39a5d3e","PLACE","PLACE_BOOKMARK","1","2025-10-27 15:02:10.209"
"fb6299d6-956e-4857-bc01-1fead3971e17","90ca3254-c4fc-42bc-99ed-92564ccf8a18","e13256d2-820e-4eb3-898f-c590c39a5d3e","PLACE","PLACE_UNBOOKMARK","1","2025-10-27 15:02:08.283"
"f886d69a-9734-4d5c-9faf-c58b085983ab","90ca3254-c4fc-42bc-99ed-92564ccf8a18","e13256d2-820e-4eb3-898f-c590c39a5d3e","PLACE","PLACE_LIKE","1","2025-10-27 15:02:04.885"
"b77c6b0c-70e9-4402-a36f-a07728b16822","90ca3254-c4fc-42bc-99ed-92564ccf8a18","e13256d2-820e-4eb3-898f-c590c39a5d3e","PLACE","PLACE_UNLIKE","1","2025-10-27 15:02:02.821"
"0c1ae32a-6539-4468-8376-2182c556690a","98e603fa-616f-4fbd-a155-64a8f4483ba0","e13256d2-820e-4eb3-898f-c590c39a5d3e","PLACE","PLACE_SHARE","1","2025-10-25 03:08:52.644"
"088aa0fa-74e3-452d-9c41-5db9276d6b4c","720c2ec1-85be-411b-8e7c-2839e1f5af50","2a7420b3-66c6-4b2e-8a77-903117382acd","PLACE","PLACE_SHARE","1","2025-10-25 01:53:15.880"
"5475b013-5fad-4122-b72b-39520253fde0","720c2ec1-85be-411b-8e7c-2839e1f5af50","2a7420b3-66c6-4b2e-8a77-903117382acd","PLACE","PLACE_BOOKMARK","1","2025-10-25 01:53:13.035"
"2dbe05bf-4bbe-422f-9bd0-b8c2c275100c","2178a22c-faa6-4117-a31e-be606755596e","ea4ff208-85a0-436c-977a-4e55cafbf0d9","PLACE","PLACE_LIKE","1","2025-10-24 11:39:06.543"
"4e642739-5d14-4129-a549-b7919b310272","2178a22c-faa6-4117-a31e-be606755596e","ea4ff208-85a0-436c-977a-4e55cafbf0d9","PLACE","PLACE_SHARE","1","2025-10-24 11:35:11.575"
"c67ea6c1-3dbc-48b6-865a-b7da592d00e4","90ca3254-c4fc-42bc-99ed-92564ccf8a18","e13256d2-820e-4eb3-898f-c590c39a5d3e","PLACE","PLACE_SHARE","1","2025-10-23 15:25:26.095"
"b6c5e488-06ec-4d61-aeb4-126c5a07dac5","90ca3254-c4fc-42bc-99ed-92564ccf8a18","1707aa84-3811-4e10-bf15-7af5ef79b518","PLACE","PLACE_UNLIKE","1","2025-10-23 13:18:50.719"
"fd844c67-64eb-4dd1-aa9c-37f0e6454936","90ca3254-c4fc-42bc-99ed-92564ccf8a18","1707aa84-3811-4e10-bf15-7af5ef79b518","PLACE","PLACE_LIKE","1","2025-10-23 13:18:48.046"
"fec2a9da-baf6-4d03-b49e-5ca1219fc0ca","90ca3254-c4fc-42bc-99ed-92564ccf8a18","1707aa84-3811-4e10-bf15-7af5ef79b518","PLACE","PLACE_UNLIKE","1","2025-10-23 13:18:45.733"
"5e7d9567-69e3-4358-a164-69769dac7e2c","90ca3254-c4fc-42bc-99ed-92564ccf8a18","ea19f6d8-2166-4204-a076-d555e4a75dcb","PLACE","PLACE_UNBOOKMARK","1","2025-10-23 12:53:11.401"
"5b0458fc-72ed-45c7-8c38-dfbe64c0f888","2178a22c-faa6-4117-a31e-be606755596e","2a7420b3-66c6-4b2e-8a77-903117382acd","PLACE","PLACE_LIKE","1","2025-10-23 09:29:36.019"
"4b2850c3-8013-4d78-977c-738936f4ddbf","90ca3254-c4fc-42bc-99ed-92564ccf8a18","e13256d2-820e-4eb3-898f-c590c39a5d3e","PLACE","PLACE_LIKE","1","2025-10-23 04:57:54.349"
"d005a906-4b51-48a4-a20e-75917aaee44e","90ca3254-c4fc-42bc-99ed-92564ccf8a18","e13256d2-820e-4eb3-898f-c590c39a5d3e","PLACE","PLACE_UNLIKE","1","2025-10-23 04:57:53.217"
"37c7c3a3-ead3-4c61-84c0-ca1b648d7278","90ca3254-c4fc-42bc-99ed-92564ccf8a18","e13256d2-820e-4eb3-898f-c590c39a5d3e","PLACE","PLACE_LIKE","1","2025-10-23 04:57:52.609"
"a50bccb2-e02d-4e8a-bcad-e3e0669ddbaf","90ca3254-c4fc-42bc-99ed-92564ccf8a18","e13256d2-820e-4eb3-898f-c590c39a5d3e","PLACE","PLACE_UNLIKE","1","2025-10-23 04:57:51.257"
"33d4a998-fc58-4b93-9d18-3a67ec5550d9","90ca3254-c4fc-42bc-99ed-92564ccf8a18","e13256d2-820e-4eb3-898f-c590c39a5d3e","PLACE","PLACE_LIKE","1","2025-10-23 04:57:49.699"
"abf074fd-c4ca-403d-b399-f6afdbd23fdf","90ca3254-c4fc-42bc-99ed-92564ccf8a18","e13256d2-820e-4eb3-898f-c590c39a5d3e","PLACE","PLACE_UNDISLIKE","1","2025-10-23 04:57:49.699"
"72e21c7d-c958-42f8-abd8-dea3aa28da41","90ca3254-c4fc-42bc-99ed-92564ccf8a18","e13256d2-820e-4eb3-898f-c590c39a5d3e","PLACE","PLACE_UNLIKE","1","2025-10-23 04:57:47.842"
"cbdf664f-a7eb-4bbb-abee-b692ded18871","90ca3254-c4fc-42bc-99ed-92564ccf8a18","e13256d2-820e-4eb3-898f-c590c39a5d3e","PLACE","PLACE_DISLIKE","1","2025-10-23 04:57:47.842"
"4c5e17b2-dac9-4124-ba53-b06c15839827","90ca3254-c4fc-42bc-99ed-92564ccf8a18","e13256d2-820e-4eb3-898f-c590c39a5d3e","PLACE","PLACE_BOOKMARK","1","2025-10-23 04:57:45.040"
"cb520251-51d6-4fd6-bdfc-4288d6ae5bcb","90ca3254-c4fc-42bc-99ed-92564ccf8a18","e13256d2-820e-4eb3-898f-c590c39a5d3e","PLACE","PLACE_UNBOOKMARK","1","2025-10-23 04:57:43.183"
"ebc5ff67-e68c-45e1-bbf2-893101f837c7","90ca3254-c4fc-42bc-99ed-92564ccf8a18","e13256d2-820e-4eb3-898f-c590c39a5d3e","PLACE","PLACE_BOOKMARK","1","2025-10-23 04:57:42.046"
"6c92a592-f0c8-4d0e-bf92-efeb79948b77","90ca3254-c4fc-42bc-99ed-92564ccf8a18","e13256d2-820e-4eb3-898f-c590c39a5d3e","PLACE","PLACE_UNBOOKMARK","1","2025-10-23 04:57:40.944"
"17379f7e-4d9e-478c-8220-87f2b9a8e07a","90ca3254-c4fc-42bc-99ed-92564ccf8a18","e13256d2-820e-4eb3-898f-c590c39a5d3e","PLACE","PLACE_BOOKMARK","1","2025-10-23 04:57:38.926"
"b00116c9-d34e-42bd-ac0d-935cd25b9514","90ca3254-c4fc-42bc-99ed-92564ccf8a18","e13256d2-820e-4eb3-898f-c590c39a5d3e","PLACE","PLACE_UNBOOKMARK","1","2025-10-23 04:57:34.341"
"f882328a-4991-4d36-9509-30c7a4bd5280","90ca3254-c4fc-42bc-99ed-92564ccf8a18","e13256d2-820e-4eb3-898f-c590c39a5d3e","PLACE","PLACE_LIKE","1","2025-10-23 04:57:32.881"
"62cfdb8e-5b40-486f-8fc3-e58b0c3f5ed9","90ca3254-c4fc-42bc-99ed-92564ccf8a18","e13256d2-820e-4eb3-898f-c590c39a5d3e","PLACE","PLACE_UNLIKE","1","2025-10-23 04:57:30.150"
"6c56fb88-d872-4be2-8c33-ea6f82304b98","90ca3254-c4fc-42bc-99ed-92564ccf8a18","e13256d2-820e-4eb3-898f-c590c39a5d3e","PLACE","PLACE_SHARE","1","2025-10-23 04:57:22.269"
"ab7d839d-3264-43ba-870a-756239da9aa7","90ca3254-c4fc-42bc-99ed-92564ccf8a18","e13256d2-820e-4eb3-898f-c590c39a5d3e","PLACE","PLACE_SHARE","1","2025-10-23 04:56:53.270"
"24e6afb8-8e40-409c-ad7b-653b78bacd92","90ca3254-c4fc-42bc-99ed-92564ccf8a18","e13256d2-820e-4eb3-898f-c590c39a5d3e","PLACE","PLACE_SHARE","1","2025-10-23 04:56:36.917"
"e3f91a54-7c93-4a0b-bd09-1cd17eef0faf","90ca3254-c4fc-42bc-99ed-92564ccf8a18","e13256d2-820e-4eb3-898f-c590c39a5d3e","PLACE","PLACE_BOOKMARK","1","2025-10-23 04:56:31.378"
"370745c9-9537-4212-bd8f-3650cb4259ce","90ca3254-c4fc-42bc-99ed-92564ccf8a18","e13256d2-820e-4eb3-898f-c590c39a5d3e","PLACE","PLACE_UNBOOKMARK","1","2025-10-23 04:56:30.053"
"c461d93b-e899-4ee8-ae38-28972d0ff29a","90ca3254-c4fc-42bc-99ed-92564ccf8a18","1707aa84-3811-4e10-bf15-7af5ef79b518","PLACE","PLACE_SHARE","1","2025-10-23 00:38:49.473"
"eb5709e9-bfcc-4d45-b296-f4f9c10331eb","90ca3254-c4fc-42bc-99ed-92564ccf8a18","1707aa84-3811-4e10-bf15-7af5ef79b518","PLACE","PLACE_LIKE","1","2025-10-22 15:27:30.881"
"0fc9830f-5bba-44ef-93ae-3e93be031b8d","90ca3254-c4fc-42bc-99ed-92564ccf8a18","1707aa84-3811-4e10-bf15-7af5ef79b518","PLACE","PLACE_UNLIKE","1","2025-10-22 15:27:28.845"
"8ae95f47-ba49-4de4-b471-99cdb3db5bf3","90ca3254-c4fc-42bc-99ed-92564ccf8a18","1707aa84-3811-4e10-bf15-7af5ef79b518","PLACE","PLACE_LIKE","1","2025-10-22 15:27:27.519"
"62bd9a35-3761-466c-8e90-6b902ab8ee73","90ca3254-c4fc-42bc-99ed-92564ccf8a18","e13256d2-820e-4eb3-898f-c590c39a5d3e","PLACE","PLACE_BOOKMARK","1","2025-10-22 15:25:21.027"
"c0756b4e-0161-41d5-b29b-3113d84a0344","90ca3254-c4fc-42bc-99ed-92564ccf8a18","e13256d2-820e-4eb3-898f-c590c39a5d3e","PLACE","PLACE_UNBOOKMARK","1","2025-10-22 15:25:20.059"
"613f95aa-83bb-442b-873a-0003d9ac9875","2178a22c-faa6-4117-a31e-be606755596e","e13256d2-820e-4eb3-898f-c590c39a5d3e","PLACE","PLACE_LIKE","1","2025-10-22 13:04:12.490"
"038f3ad1-8d29-4dbe-aaaf-5054516e904a","6302c15b-b45a-4133-8b04-ebd1aecc767d","373a04d0-8290-4a1c-95fa-38b4f57dc5ed","PLACE","PLACE_REVIEW","1","2025-10-22 10:39:32.259"
"a64de7ce-9eb1-4545-90be-355f875a76b1","6302c15b-b45a-4133-8b04-ebd1aecc767d","373a04d0-8290-4a1c-95fa-38b4f57dc5ed","PLACE","PLACE_LIKE","1","2025-10-22 10:34:17.042"
"3b0f4fdf-997b-43f1-ae59-4551241e46af","6302c15b-b45a-4133-8b04-ebd1aecc767d","9f7fb803-d7ed-4c5e-9de2-e757fe4b8459","PLACE","PLACE_REVIEW","5","2025-10-22 10:25:55.455"
"4dd13503-c3e2-446f-9377-bd73b276e4c3","6302c15b-b45a-4133-8b04-ebd1aecc767d","9f7fb803-d7ed-4c5e-9de2-e757fe4b8459","PLACE","PLACE_BOOKMARK","1","2025-10-22 10:24:28.993"
"f7126549-41dc-4988-b38d-57b343cdb5d7","6302c15b-b45a-4133-8b04-ebd1aecc767d","e13256d2-820e-4eb3-898f-c590c39a5d3e","PLACE","PLACE_BOOKMARK","1","2025-10-22 10:21:32.947"
"00ecfe1a-d5b3-4f1d-8289-0df0aca45e77","6302c15b-b45a-4133-8b04-ebd1aecc767d","0b889eb5-c3b5-49fd-8781-4aec8c9c8836","PLACE","PLACE_BOOKMARK","1","2025-10-22 10:21:26.934"
"6736fdf1-3539-41f2-a186-67c0ff57367a","6d4225ca-52e7-47e1-a208-7f82db5879d3","ea19f6d8-2166-4204-a076-d555e4a75dcb","PLACE","PLACE_BOOKMARK","1","2025-10-20 15:28:18.771"
"e950ab30-59fa-448b-959d-1bb01bfcebef","6d4225ca-52e7-47e1-a208-7f82db5879d3","0bb7f261-f639-4ccb-affe-70e9675ad2a5","PLACE","PLACE_BOOKMARK","1","2025-10-20 15:28:13.144"
"27a5f679-b91b-41c1-99b9-d1478ed4548f","6d4225ca-52e7-47e1-a208-7f82db5879d3","1fe8c4b4-216f-40a8-bef1-b8aeea213967","PLACE","PLACE_BOOKMARK","1","2025-10-20 15:27:54.480"
"413e7aa0-1e9e-4ed9-8666-cc0853adb629","6d4225ca-52e7-47e1-a208-7f82db5879d3","e13256d2-820e-4eb3-898f-c590c39a5d3e","PLACE","PLACE_BOOKMARK","1","2025-10-20 15:27:43.642"
"3469e16c-1eea-4bea-8c95-f4534c510877","6d4225ca-52e7-47e1-a208-7f82db5879d3","e13256d2-820e-4eb3-898f-c590c39a5d3e","PLACE","PLACE_LIKE","1","2025-10-20 15:27:37.162"
"b616f442-1162-473c-9107-a43efc9a0701","6d4225ca-52e7-47e1-a208-7f82db5879d3","1707aa84-3811-4e10-bf15-7af5ef79b518","PLACE","PLACE_LIKE","1","2025-10-20 15:27:13.073"
"6c2f9282-3656-4d33-a0fc-b4d6de0d17f7","90ca3254-c4fc-42bc-99ed-92564ccf8a18","53d1584a-8e54-4c4c-a2a9-d05c3e1a23eb","PLACE","PLACE_BOOKMARK","1","2025-10-20 15:23:32.588"
"c89cb1f2-a8f6-4426-8044-5c3e2e35fb98","90ca3254-c4fc-42bc-99ed-92564ccf8a18","c1a15fe1-05c8-4405-b243-b5eb0b4bc3d1","PLACE","PLACE_LIKE","1","2025-10-20 15:02:03.793"
"b91986ab-054c-415c-92a9-8bd85175ebc9","2178a22c-faa6-4117-a31e-be606755596e","01da569f-0513-4f58-88d6-d10b8013457b","PLACE","PLACE_SPAM_REVIEW","4","2025-10-20 08:17:42.283"
"86f8a26c-2ebd-4c95-8182-411623a65854","9434505d-6eb1-4b54-ab30-2449906f70cd","1707aa84-3811-4e10-bf15-7af5ef79b518","PLACE","PLACE_REVIEW","5","2025-10-19 16:19:44.654"
"91b7cdc0-eb11-4f5e-b8db-6b2324c86e6f","859e8f39-8052-4043-b0df-f08b48fac26e","4689f178-a16f-483b-a77b-07952788556b","PLACE","PLACE_REVIEW","4","2025-10-16 08:03:07.786"
"3c3943f0-c466-405b-973a-0d0c11e263e8","859e8f39-8052-4043-b0df-f08b48fac26e","4689f178-a16f-483b-a77b-07952788556b","PLACE","PLACE_BOOKMARK","1","2025-10-16 08:01:29.952"
"f8976b0f-54bd-47ab-9858-5c44c2fde70e","2178a22c-faa6-4117-a31e-be606755596e","58133e0c-1a05-4782-9d67-9f39ef080eac","PLACE","PLACE_REVIEW","5","2025-10-11 12:59:55.322"
"b688819a-cacb-495a-9905-02fe68ddec4e","2178a22c-faa6-4117-a31e-be606755596e","0df51217-055b-4c3f-88cb-171c0358ac7a","PLACE","PLACE_SPAM_REVIEW","3","2025-10-11 12:54:05.158"
"92a8fb28-cefe-454c-ae21-483ad799aca4","68847fa1-44de-4fad-9a7d-9807c27fca52","0b2b650d-697d-4f7d-a055-79a04a93f888","PLACE","PLACE_REVIEW","1","2025-10-08 11:02:05.092"
"dcfc568e-ea43-49bf-aaed-8e536e1beb9b","68847fa1-44de-4fad-9a7d-9807c27fca52","194db18e-d6a0-4287-8773-d375f580df2e","PLACE","PLACE_REVIEW","1","2025-10-08 11:01:23.396"
"5c24e947-bdfd-4196-be4e-d7a90b6ce744","68847fa1-44de-4fad-9a7d-9807c27fca52","1c0a2f99-d323-41a6-911e-3527048bfbdf","PLACE","PLACE_DISLIKE","1","2025-10-08 11:01:04.588"
"cd45c82a-677e-4ffe-8f20-48a1893eb1f8","68847fa1-44de-4fad-9a7d-9807c27fca52","18dc4be4-bcc0-48e6-b870-1f039470de30","PLACE","PLACE_LIKE","1","2025-10-08 11:00:51.419"
"a35e81c8-a42a-4038-96dd-29330c062794","68847fa1-44de-4fad-9a7d-9807c27fca52","0df51217-055b-4c3f-88cb-171c0358ac7a","PLACE","PLACE_LIKE","1","2025-10-08 08:05:27.103"
"c8f676a0-dbb8-4adc-9532-70ad71564843","68847fa1-44de-4fad-9a7d-9807c27fca52","48ce4498-544f-43dc-86bd-806bc876d938","PLACE","PLACE_REVIEW","1","2025-10-08 03:08:07.505"
"af5d6fac-499a-4353-bfd0-468f26e607e6","68847fa1-44de-4fad-9a7d-9807c27fca52","a26134dd-21ea-45dd-9f72-0b96d026229f","PLACE","PLACE_REVIEW","1","2025-10-08 03:07:44.887"
"a7b46853-457f-4c08-804b-6000f6f4f3f2","68847fa1-44de-4fad-9a7d-9807c27fca52","01da569f-0513-4f58-88d6-d10b8013457b","PLACE","PLACE_REVIEW","1","2025-10-08 00:30:56.872"
"90707e62-30e4-4ed4-a76b-66c2115953f9","68847fa1-44de-4fad-9a7d-9807c27fca52","1747a7cc-0b75-43bf-9f42-f503d50b541a","PLACE","PLACE_REVIEW","1","2025-10-07 23:58:47.477"
"c9819649-e5cf-4120-923c-9e37de56f59d","68847fa1-44de-4fad-9a7d-9807c27fca52","ea19f6d8-2166-4204-a076-d555e4a75dcb","PLACE","PLACE_DISLIKE","1","2025-10-07 22:44:32.986"
"d8ae55e2-35c2-4948-b9d2-2c1fe903f848","68847fa1-44de-4fad-9a7d-9807c27fca52","1707aa84-3811-4e10-bf15-7af5ef79b518","PLACE","PLACE_DISLIKE","1","2025-10-07 15:15:51.396"
"dcfc91d6-4d77-484b-a8e1-2811e5d0695f","68847fa1-44de-4fad-9a7d-9807c27fca52","0b889eb5-c3b5-49fd-8781-4aec8c9c8836","PLACE","PLACE_REVIEW","5","2025-10-07 14:11:13.067"
"2464a9e7-9ab8-4f4f-8b74-fc71e44cc65c","68847fa1-44de-4fad-9a7d-9807c27fca52","1bb7b2e7-4b9f-42c8-bb4f-0c17b3bbbc4f","PLACE","PLACE_REVIEW","5","2025-10-07 14:10:53.557"
"ab272389-db70-47bd-a75a-bf9b1dbdbc58","68847fa1-44de-4fad-9a7d-9807c27fca52","0c81a937-fc4b-46f4-81c6-f4f3a71da3e3","PLACE","PLACE_REVIEW","5","2025-10-07 14:10:08.273"
"431aca51-5aa2-4c06-8262-085281dae9a1","873318fa-8034-481d-96e3-0b5ca953ab89","220ddb54-0d40-4457-b359-dd8739d63982","PLACE","PLACE_REVIEW","1","2025-10-07 13:21:08.870"
"cdbdf85a-47b4-4f62-92bd-68bfdfd78e60","873318fa-8034-481d-96e3-0b5ca953ab89","64fca42c-bc77-49a8-a2bd-0c09b97dcc18","PLACE","PLACE_REVIEW","1","2025-10-07 11:44:40.812"
"1d1b0771-8f4a-47d6-8078-188bdadefc38","873318fa-8034-481d-96e3-0b5ca953ab89","dac57f60-4d3e-4582-aaf0-03228584e476","PLACE","PLACE_REVIEW","1","2025-10-07 11:28:29.703"
"a939bdd3-ef24-4aa9-9a14-ed033db3d711","873318fa-8034-481d-96e3-0b5ca953ab89","dac57f60-4d3e-4582-aaf0-03228584e476","PLACE","PLACE_DISLIKE","1","2025-10-07 11:22:12.988"
"6ca2acdd-0918-414c-b39b-9ba89a38dd5f","68847fa1-44de-4fad-9a7d-9807c27fca52","64fca42c-bc77-49a8-a2bd-0c09b97dcc18","PLACE","PLACE_REVIEW","5","2025-10-06 13:54:57.433"
"0d64926f-d12d-444c-a43a-9d1ff85816ca","68847fa1-44de-4fad-9a7d-9807c27fca52","dac57f60-4d3e-4582-aaf0-03228584e476","PLACE","PLACE_REVIEW","5","2025-10-06 13:54:38.992"
"1acc204b-1dab-45ac-b492-7e08e88b0345","a2b4da82-8b3f-4d85-9b77-b2150a6c2019","22331f84-ceed-43eb-9497-bea37c041b0a","PLACE","PLACE_BOOKMARK","1","2025-10-05 14:30:09.153"
"aec685dc-288b-450b-9ff2-b8b2a0f8fe3b","859e8f39-8052-4043-b0df-f08b48fac26e","0df51217-055b-4c3f-88cb-171c0358ac7a","PLACE","PLACE_LIKE","1","2025-10-02 13:14:41.774"
"18fa05db-cb78-4701-8c7b-d283205f271b","2178a22c-faa6-4117-a31e-be606755596e","1707aa84-3811-4e10-bf15-7af5ef79b518","PLACE","PLACE_BOOKMARK","1","2025-09-30 03:27:27.585"
"a6e23538-8e60-4613-bdac-06ce2b663556","2178a22c-faa6-4117-a31e-be606755596e","1707aa84-3811-4e10-bf15-7af5ef79b518","PLACE","PLACE_LIKE","1","2025-09-30 03:27:22.463"
"9c1e0885-1fbd-461f-822d-bd6e66dc66d4","2178a22c-faa6-4117-a31e-be606755596e","1707aa84-3811-4e10-bf15-7af5ef79b518","PLACE","PLACE_LIKE","1","2025-09-30 03:27:18.567"
"8ff2a0f9-8dc7-4c73-8a51-285a9f902223","859e8f39-8052-4043-b0df-f08b48fac26e","220ddb54-0d40-4457-b359-dd8739d63982","PLACE","PLACE_LIKE","1","2025-09-29 01:42:48.006"
"875cb555-418f-40dd-b457-675544d00112","35333ef0-260b-492c-879e-ac11f56ec4a7","dac57f60-4d3e-4582-aaf0-03228584e476","PLACE","PLACE_LIKE","1","2025-09-27 14:16:46.402"
"8fda1724-2357-4f07-afd0-8b69c03dc436","35333ef0-260b-492c-879e-ac11f56ec4a7","1bfd961a-9f86-4702-9171-f1f5e18f2ed5","PLACE","PLACE_REVIEW","3","2025-09-27 00:27:15.989"
"ce747fb3-915f-4b83-b757-5fd84146ef77","35333ef0-260b-492c-879e-ac11f56ec4a7","14f3b711-6da6-4917-bc15-c03239cd6910","PLACE","PLACE_REVIEW","4","2025-09-26 10:11:08.305"
"df27fb59-eaa4-474e-a48b-8b6c7d776d75","0de9df33-8661-46bb-9d93-0e55752f7e1a","64fca42c-bc77-49a8-a2bd-0c09b97dcc18","PLACE","PLACE_LIKE","1","2025-09-25 07:59:01.702"
"e092eb4d-b243-4a31-8e41-6b8adba78892","dc448a88-0877-41ee-8a53-528cef671240","dac57f60-4d3e-4582-aaf0-03228584e476","PLACE","PLACE_LIKE","1","2025-09-24 15:19:10.180"
"68f9562d-cb0f-4de3-aec8-f4e2626edf44","5b0b21ae-7a29-4cef-9da0-a1d157a39b65","0d15e8b2-cb99-4f5b-a0ce-5ef685c25133","PLACE","PLACE_REVIEW","2","2025-09-24 14:19:31.783"
"00836459-cc4b-4189-9d74-e3a4df2fc31b","5b0b21ae-7a29-4cef-9da0-a1d157a39b65","194db18e-d6a0-4287-8773-d375f580df2e","PLACE","PLACE_REVIEW","5","2025-09-24 13:35:09.107"
"f8d55972-1761-4508-83b7-d6dd4adb87d2","5b0b21ae-7a29-4cef-9da0-a1d157a39b65","0110d2a4-7674-4a48-a46d-0958c0872c24","PLACE","PLACE_REVIEW","5","2025-09-24 13:25:20.289"
"c850182d-3e00-4814-9e89-8a0bfc8e099b","5b0b21ae-7a29-4cef-9da0-a1d157a39b65","dac57f60-4d3e-4582-aaf0-03228584e476","PLACE","PLACE_REVIEW","5","2025-09-24 13:22:15.291"
"874a728d-773a-4352-90cc-09219575be34","97f46093-4ebb-4c41-b4f1-37afc873bc19","dac57f60-4d3e-4582-aaf0-03228584e476","PLACE","PLACE_SPAM_REVIEW","5","2025-09-24 03:10:16.663"
"36c47da2-21fc-4ab0-bb9c-41fc320b5134","97f46093-4ebb-4c41-b4f1-37afc873bc19","c2183939-61aa-4bb7-b740-1988f118cdfd","PLACE","PLACE_REVIEW","4","2025-09-23 01:39:02.443"
"f9cbd084-cf3c-439a-9107-1c452442b0f8","97f46093-4ebb-4c41-b4f1-37afc873bc19","1181605c-1099-4624-9759-6958db448fb3","PLACE","PLACE_REVIEW","4","2025-09-23 01:38:28.048"
"eb4cd598-375f-413c-936b-6224bf1390b1","97f46093-4ebb-4c41-b4f1-37afc873bc19","64fca42c-bc77-49a8-a2bd-0c09b97dcc18","PLACE","PLACE_REVIEW","5","2025-09-22 09:42:52.047"
"6471719f-dfc1-431c-881c-6dc2644e2b3d","97f46093-4ebb-4c41-b4f1-37afc873bc19","0df51217-055b-4c3f-88cb-171c0358ac7a","PLACE","PLACE_DISLIKE","1","2025-09-22 07:58:08.175"
"e11ad424-09e3-470e-8832-8c8107588257","0de9df33-8661-46bb-9d93-0e55752f7e1a","dac57f60-4d3e-4582-aaf0-03228584e476","PLACE","PLACE_REVIEW","5","2025-09-22 02:42:22.937"
"c6fec2f5-f536-4f77-b129-6e514666c6dc","859e8f39-8052-4043-b0df-f08b48fac26e","c2183939-61aa-4bb7-b740-1988f118cdfd","PLACE","PLACE_LIKE","1","2025-09-19 01:18:05.294"
"ce034660-eb81-4fe6-b8ef-61941bc76a55","a0ec768b-3e2c-4a54-a4f8-c1625b1f240e","083de88f-afd7-4274-8ded-58ec202c7517","PLACE","PLACE_REVIEW","5","2025-09-01 21:42:18.029"
"6a13a270-013e-42be-b2c5-0ffa4bcde7ed","859e8f39-8052-4043-b0df-f08b48fac26e","dac57f60-4d3e-4582-aaf0-03228584e476","PLACE","PLACE_BOOKMARK","1","2025-08-31 10:50:28.214"
"120317b4-ab46-4407-af6d-fc3b97b13805","859e8f39-8052-4043-b0df-f08b48fac26e","dac57f60-4d3e-4582-aaf0-03228584e476","PLACE","PLACE_LIKE","1","2025-08-31 10:50:26.845"
"23d501e9-7cf7-4de9-b32d-d3e2ae16869f","859e8f39-8052-4043-b0df-f08b48fac26e","64fca42c-bc77-49a8-a2bd-0c09b97dcc18","PLACE","PLACE_BOOKMARK","1","2025-08-31 10:50:19.929"
"6c9171cf-ad99-426b-9fe8-30d48b489f81","859e8f39-8052-4043-b0df-f08b48fac26e","64fca42c-bc77-49a8-a2bd-0c09b97dcc18","PLACE","PLACE_LIKE","1","2025-08-31 10:50:17.376"
"d4c00ea0-87e6-4a06-80f3-81ef045323ee","e57dc2bf-8daa-4a3d-a8fc-aaa2bf2de52d","1181605c-1099-4624-9759-6958db448fb3","PLACE","PLACE_REVIEW","5","2025-08-25 16:46:10.097"
"caa77484-4637-48bc-8148-2a9f318c1c82","1070866b-429b-4fd0-a22f-b105d4457d4e","1181605c-1099-4624-9759-6958db448fb3","PLACE","PLACE_REVIEW","5","2025-08-25 16:46:06.514"
"897b270a-38ec-4174-944f-31e712958026","9434505d-6eb1-4b54-ab30-2449906f70cd","0d15e8b2-cb99-4f5b-a0ce-5ef685c25133","PLACE","PLACE_REVIEW","5","2025-08-25 03:52:52.582"
"b76e148a-8ed2-4615-8263-06b5da130267","f1655ff8-525a-4502-a137-98c72851028a","a77f5268-8af7-4ffc-803f-93fa63ec63bd","PLACE","PLACE_REVIEW","5","2025-08-24 18:21:35.336"
"ca1354a1-1b66-41e7-93df-13a560648977","f1655ff8-525a-4502-a137-98c72851028a","c603f1fb-0113-45c8-a8c7-2ccd8f2f0317","PLACE","PLACE_REVIEW","5","2025-08-24 14:58:47.214"
"167a6c02-0ca0-4ded-abe9-c192bdbe0f45","2178a22c-faa6-4117-a31e-be606755596e","64fca42c-bc77-49a8-a2bd-0c09b97dcc18","PLACE","PLACE_BOOKMARK","1","2025-08-23 09:34:12.318"
"43ea341a-b126-4baf-991c-17bc691cac47","2178a22c-faa6-4117-a31e-be606755596e","f6ed0a30-f2bf-44bb-9911-42cdb0dbec2e","PLACE","PLACE_BOOKMARK","1","2025-08-23 02:00:24.274"
"7bb56f03-7f8a-4a9c-8254-1542961e2e0e","2178a22c-faa6-4117-a31e-be606755596e","76bfb11c-0224-4e0d-a6cd-7ab3f802ef45","PLACE","PLACE_BOOKMARK","1","2025-08-23 02:00:21.629"
"cc81664a-ca5c-402b-abe5-b6c358b282ad","ebf33d5f-233d-42e9-b2bc-593289dc780f","c2183939-61aa-4bb7-b740-1988f118cdfd","PLACE","PLACE_REVIEW","5","2025-08-22 16:15:28.636"
"49141a49-a056-4ca0-808e-8d98020568b4","3e767997-4438-4c9e-8b29-7ff5fba3f7cb","16d0435c-7290-4999-89a0-5d8e9ad1e336","PLACE","PLACE_REVIEW","4","2025-08-22 16:13:20.367"
"193dcdd1-2676-4e01-94e5-ebe53cfa8398","9434505d-6eb1-4b54-ab30-2449906f70cd","1181605c-1099-4624-9759-6958db448fb3","PLACE","PLACE_REVIEW","5","2025-08-22 16:13:18.322"
"7458bcc8-1cde-4119-a8df-a44b634c1980","4e105cc3-a6ef-4e78-8595-592a901ff313","16d0435c-7290-4999-89a0-5d8e9ad1e336","PLACE","PLACE_REVIEW","5","2025-08-22 16:13:13.578"
"5110bff6-df5b-415f-ada2-0cb3fb467066","f8b99a03-9217-4dc1-aaec-019a5ca1aedd","dac57f60-4d3e-4582-aaf0-03228584e476","PLACE","PLACE_REVIEW","5","2025-08-22 16:13:04.063"
"28cbddab-74b6-44b2-bbef-5f1734a51b22","6d3f5d44-6e58-4db0-8728-430bfa9d5d24","16d0435c-7290-4999-89a0-5d8e9ad1e336","PLACE","PLACE_REVIEW","5","2025-08-22 15:45:40.734"
"a54bcf4e-0de2-4db5-9afe-6ea68ef247e3","9db95c4e-b31b-4664-81c8-1b0e8388ed0b","16d0435c-7290-4999-89a0-5d8e9ad1e336","PLACE","PLACE_REVIEW","5","2025-08-22 15:31:26.730"
"bd8719f3-6731-4218-a21b-a1b002c2dae1","e62ddff0-e80a-46e6-b2c9-b8d42d8435c7","16d0435c-7290-4999-89a0-5d8e9ad1e336","PLACE","PLACE_REVIEW","5","2025-08-22 15:29:33.477"
"4415f6c1-baac-400c-a490-5ad281ce56a6","e62ddff0-e80a-46e6-b2c9-b8d42d8435c7","1181605c-1099-4624-9759-6958db448fb3","PLACE","PLACE_REVIEW","5","2025-08-22 15:24:32.246"
"5a0b112a-0e2b-474a-877c-088ed234ea73","2178a22c-faa6-4117-a31e-be606755596e","dac57f60-4d3e-4582-aaf0-03228584e476","PLACE","PLACE_LIKE","1","2025-08-22 13:17:55.175"
"04772420-b441-47db-8250-d74079b93c68","2178a22c-faa6-4117-a31e-be606755596e","ebe3e2dc-bb3d-4890-86d8-c5b2e11b3f03","PLACE","PLACE_REVIEW","5","2025-08-22 07:22:27.829"
"19518c65-5a0f-47bf-bd29-cb0f1289af99","859e8f39-8052-4043-b0df-f08b48fac26e","f6ed0a30-f2bf-44bb-9911-42cdb0dbec2e","PLACE","PLACE_REVIEW","5","2025-08-21 05:41:55.380"
"0a101103-bbda-4df3-ba29-d91ea8081374","2178a22c-faa6-4117-a31e-be606755596e","64fca42c-bc77-49a8-a2bd-0c09b97dcc18","PLACE","PLACE_REVIEW","5","2025-08-21 05:37:00.707"
"75bdce3a-b432-4584-b2bd-5687440f88d2","859e8f39-8052-4043-b0df-f08b48fac26e","1181605c-1099-4624-9759-6958db448fb3","PLACE","PLACE_LIKE","1","2025-08-21 03:23:52.448"
"c9da0b9f-0f7f-493f-944b-8f5a5591f428","5a57896a-6f44-4894-ad89-962133437203","a98877c1-214e-497d-8608-9ee7de066a74","PLACE","PLACE_REVIEW","5","2025-08-16 14:45:53.365"
"5778ec73-32cf-4bd7-8ee7-d2b633dfab87","6bf0544b-cfbb-4f55-ab0a-4772eadc1959","a3cb7418-b8ae-4c05-98d5-a158fa461ee5","PLACE","PLACE_REVIEW","5","2025-08-16 14:32:20.025"
"54410841-7fc5-4b91-b611-375e875aca00","18027e3a-4bd2-4a2a-afa6-18851c3368dd","0d15e8b2-cb99-4f5b-a0ce-5ef685c25133","PLACE","PLACE_REVIEW","5","2025-08-16 14:31:39.275"
"6a3a34ce-60ec-498f-873e-9223dd566758","e591364a-d656-49c3-ba49-78d0ec589a8e","bb58d4ed-878f-4354-8695-c173366a7bb9","PLACE","PLACE_REVIEW","5","2025-08-16 12:37:37.607"
"30f51f0a-6431-4ebb-8547-5ff86bcbcffd","c296c8d3-a619-49ce-a885-71b70eb5210d","c1a15fe1-05c8-4405-b243-b5eb0b4bc3d1","PLACE","PLACE_REVIEW","4","2025-08-16 12:33:45.422"
"9aff97b0-49c3-479a-b82d-ad113926aae1","b7826613-df6d-4d50-ab3c-cf4ecf8f8762","fb4a883f-36da-4f1a-95f0-0bcc01125b9c","PLACE","PLACE_REVIEW","4","2025-08-16 12:25:30.843"
"ecae4c57-62b2-42fc-828d-d3e375fdb6ed","dc2b871a-effa-47bc-b13b-9cd425eb74f9","c8879bd1-cd3c-48a1-8f61-2fb2c8101f1d","PLACE","PLACE_REVIEW","5","2025-08-16 10:38:30.958"
"92528557-1a4c-4aaf-8fa1-ebf75c8c2cf1","fb41f891-23a4-4189-a072-b1a34858a2d2","16d0435c-7290-4999-89a0-5d8e9ad1e336","PLACE","PLACE_REVIEW","5","2025-08-16 10:28:31.309"
"1970fe20-1a5f-42d5-9f4e-f310349655ea","207280af-a275-425d-9de9-e20c0d17fcae","df9cb35a-8c96-4128-b698-142e9e8a5528","PLACE","PLACE_REVIEW","5","2025-08-16 09:52:39.938"
"f50b7f2c-dde4-4181-b46d-531bdf15661e","958e5888-998d-4b16-a503-ef519c21ebab","02f5a6c2-5ceb-4d57-a7de-943ccbfc3aed","PLACE","PLACE_REVIEW","5","2025-08-16 09:51:55.458"
"339604ef-4321-4aca-be91-dbf7b674dabb","0e2452a4-5ed9-496c-bb7e-8a65e37ca659","16d0435c-7290-4999-89a0-5d8e9ad1e336","PLACE","PLACE_REVIEW","5","2025-08-16 09:37:22.568"
"8a57b15f-f5e1-438b-ab9c-04448d827a57","8905863e-4f4b-4232-a92f-25e77a438022","fa1caaed-f086-4198-a5c6-c16c63656749","PLACE","PLACE_REVIEW","5","2025-08-16 09:36:35.966"
"829c408c-b40e-4589-95f0-1c686fbdb98b","f4b9ae10-127a-45e0-91ac-5194461f9ddb","bb58d4ed-878f-4354-8695-c173366a7bb9","PLACE","PLACE_REVIEW","5","2025-08-16 09:27:03.133"
"1f7ad3ec-443c-4fc5-952f-4a46c132b8e4","4a4b141a-d398-4b78-aa68-013a96c361c9","0c60c7ec-f51b-42ab-8001-ab917c7c791e","PLACE","PLACE_REVIEW","1","2025-08-16 09:13:07.589"
"b5d3ca81-caf8-48d4-9938-5cd00174f37f","3b012863-721f-4207-94cd-e07d0c3cd3b0","4f946a3a-74e8-4b62-b3bb-28851ff03b3c","PLACE","PLACE_REVIEW","5","2025-08-16 09:12:42.653"
"b6745663-f087-4524-94e2-8bb14381f644","e855717d-37ab-4084-ae55-c48a01500929","0e38d6e5-336c-40e3-b644-c25d0294bb19","PLACE","PLACE_REVIEW","4","2025-08-15 11:09:38.877"
"c0439ce3-f926-49e3-b469-eb7810a795cf","fd56a37c-e1de-4675-9e61-3b67fb18744b","16d0435c-7290-4999-89a0-5d8e9ad1e336","PLACE","PLACE_REVIEW","5","2025-08-15 10:46:05.003"
"a3d0a3c9-48d4-4f74-9d8d-f9fa6689dc42","08925bd0-90db-4bd9-833b-ba069c796506","58133e0c-1a05-4782-9d67-9f39ef080eac","PLACE","PLACE_REVIEW","5","2025-08-15 10:12:38.830"
"b2421ac0-c770-43eb-8cf9-9050ddfc4286","72bd23c3-382e-4de5-9012-b465fed46b80","18dc4be4-bcc0-48e6-b870-1f039470de30","PLACE","PLACE_REVIEW","5","2025-08-15 09:36:13.631"
"af08d5a8-e7ae-4fde-99eb-4a4a120983c2","d1c88b4f-02fd-47a6-8a3c-be73d212c2cc","16d0435c-7290-4999-89a0-5d8e9ad1e336","PLACE","PLACE_REVIEW","5","2025-08-15 09:35:57.423"
"c465c93d-a5c8-4986-b306-4f013da169b0","8c8f47d4-cf90-45a3-9f0b-71958f2b76e3","0e3740e1-f6ba-4422-8a49-82604969691f","PLACE","PLACE_REVIEW","4","2025-08-15 09:22:35.496"
"0ad1fa67-8a04-4eff-90c9-9211596edf76","8c8f47d4-cf90-45a3-9f0b-71958f2b76e3","16d0435c-7290-4999-89a0-5d8e9ad1e336","PLACE","PLACE_BOOKMARK","1","2025-08-15 09:21:21.764"
"21404b61-0b6f-4296-866b-fa94b6b3277d","460b2490-e84e-45bb-a94b-07cd40dd2f08","ccb6ade6-6dbd-443f-8ffc-38ce7c331392","PLACE","PLACE_REVIEW","5","2025-08-15 08:21:38.542"
"039fb44c-9c0f-4d8d-b64e-51c18e60aa67","da58e713-8f3c-4421-82a6-d01b0a5e1e7d","083de88f-afd7-4274-8ded-58ec202c7517","PLACE","PLACE_REVIEW","4","2025-08-15 08:06:12.107"
"774c0ada-e34c-4fd0-9f30-ff3ed9683298","efdc2fd4-9ca2-4eb5-b833-8d4ab853a349","083de88f-afd7-4274-8ded-58ec202c7517","PLACE","PLACE_REVIEW","5","2025-08-15 08:05:45.780"
"f5410a3b-f61d-4ad8-977f-c3da3a29a2c7","25fe9db9-a524-482c-8cf0-f77450557e52","1181605c-1099-4624-9759-6958db448fb3","PLACE","PLACE_REVIEW","5","2025-08-14 12:49:14.220"
"8d32b813-2b4b-4ca9-9083-13cb6d834b74","117bfdab-d7d7-4009-a3c5-51f70f7a0dba","1181605c-1099-4624-9759-6958db448fb3","PLACE","PLACE_REVIEW","5","2025-08-14 12:42:20.500"
"9fc31871-2247-4f0b-bf9d-485601bd6de0","99739f0d-31a8-45b6-ba42-fa3f82b680ab","5da19fc0-a0af-4f0c-a5e2-670b95d4e4bc","PLACE","PLACE_REVIEW","5","2025-08-14 12:40:29.808"
"4be7f33b-fd65-49ca-a375-94ba6ac2d32e","398179eb-532f-40c6-b6a8-9b9512fdd461","0d15e8b2-cb99-4f5b-a0ce-5ef685c25133","PLACE","PLACE_REVIEW","5","2025-08-14 10:18:49.727"
"d6ed9df6-7b6b-48c7-904d-cebad0257cce","c511b24f-7f8d-4110-b47a-35195c5f6224","1181605c-1099-4624-9759-6958db448fb3","PLACE","PLACE_REVIEW","5","2025-08-14 08:58:05.295"
"0b6e42b8-d5b0-4fc8-a7de-d0cfa1773642","0d4d4877-3c6c-4e5d-a572-136e2dcc8062","5da19fc0-a0af-4f0c-a5e2-670b95d4e4bc","PLACE","PLACE_REVIEW","5","2025-08-14 08:56:05.700"
"37252490-2fc4-416b-9eb4-5c94be01029f","f3c55540-7dc5-4f63-8891-8a97e1745a72","324df871-4263-41f1-b551-8c5b1412a3fa","PLACE","PLACE_REVIEW","5","2025-08-14 07:16:33.081"
"51cb7de7-77b7-4aa2-a592-283e1fba2541","30dd4925-bf5c-4cbf-8c16-fc0689b79d3a","1181605c-1099-4624-9759-6958db448fb3","PLACE","PLACE_REVIEW","5","2025-08-14 07:00:34.237"
"cf62b172-67f2-49c2-924a-6a26edcc6590","b6a4f853-648a-4e05-873d-09483c05e4f9","857a90ff-ce38-4c09-b8d1-2a5e9df716d8","PLACE","PLACE_SPAM_REVIEW","1","2025-08-13 13:31:58.491"
"e2fe778f-8321-4654-b416-2d0a6b5fc2d1","0d60c808-7afe-4ae7-924f-9f02eab301f2","88f12093-ec80-46ff-9af9-b80c778ac8f5","PLACE","PLACE_SPAM_REVIEW","1","2025-08-13 13:27:37.145"
"6c810d4e-cc35-4b91-9d70-843bb56f38f1","3d9753b0-92c0-40f0-8d2d-05e72b36ad18","88e684a6-7fea-4a59-9343-f119881ea1ab","PLACE","PLACE_SPAM_REVIEW","1","2025-08-13 13:24:50.044"
"105afdfe-883e-49d1-8ddd-88d820e5844f","51302028-ff8e-4a6e-8b0f-079bc8346563","88862468-1135-4dc7-8c27-b54f6640511f","PLACE","PLACE_SPAM_REVIEW","1","2025-08-13 13:20:54.729"
"d2ba73f7-bc70-41dd-a6ec-38c3f3bca73f","44e18da0-8702-465f-97fb-ef59f47f903a","8821376f-58ac-4d2e-a96b-fdeabca46556","PLACE","PLACE_SPAM_REVIEW","1","2025-08-13 13:14:01.132"
"f73b0a65-602d-4eb0-84b5-342683d18ba2","8f200808-8300-4440-b101-c271609b7cce","0bb7f261-f639-4ccb-affe-70e9675ad2a5","PLACE","PLACE_REVIEW","5","2025-08-13 12:57:48.756"
"064f32d5-12c8-4018-bd07-c8f927d1536c","e67a35a1-34c7-4b90-a7c0-384d2612cfc5","dfb728b4-f41c-4003-97f9-2afb6869058b","PLACE","PLACE_REVIEW","5","2025-08-13 12:55:53.644"
"e0074cc8-0565-4e16-961a-746fce5c265f","9039745d-d688-4507-ae79-9039d9a29583","dfb728b4-f41c-4003-97f9-2afb6869058b","PLACE","PLACE_REVIEW","5","2025-08-13 12:53:41.802"
"1da3a227-a810-4290-9e6a-8733a6d46afe","0290f509-97bf-4060-a18f-20613067ae52","7f89abf1-d08c-4a0d-bbcb-8f5f781ccae5","PLACE","PLACE_SPAM_REVIEW","5","2025-08-13 12:31:29.463"
"fa2e7824-d6dc-4593-8391-180ed0e73d00","a4ddcefc-e04b-4e12-b04d-9f60521b8d28","83912dbc-9b58-4963-817c-2ffe9476e42b","PLACE","PLACE_SPAM_REVIEW","2","2025-08-13 12:30:07.262"
"ed3e220c-b54b-4de7-b2a1-ad30be63b089","7b19b047-63b8-4e62-b0cc-9722e3385f45","842ea143-ec0a-49ec-9628-0c6aa7275d67","PLACE","PLACE_SPAM_REVIEW","2","2025-08-13 12:28:28.287"
"31d87894-9f0a-4dd7-af05-325b18349e31","cee4c2d8-0e21-4d06-9c28-883075d4e392","79fbeb19-07db-433e-8158-0320088ea621","PLACE","PLACE_SPAM_REVIEW","5","2025-08-13 12:15:12.274"
"1d2d160f-1718-42be-b90c-26daa7de6b4b","f00fa077-44f5-401b-86d1-a833078d1d7b","7aca5ddb-c7f5-4f15-803e-c66e03b549cf","PLACE","PLACE_SPAM_REVIEW","5","2025-08-13 12:11:06.897"
"94bbf2c1-f65b-4b2d-a77d-d985a4bdd73b","33fbc319-0a91-4420-a18a-927ff22e61ad","7b8d4c0a-5553-4fe1-9078-aae0015c9721","PLACE","PLACE_SPAM_REVIEW","5","2025-08-13 12:06:47.877"
"3e4324b7-6ceb-4d9f-b70d-9fb9ad170f51","c09bfab3-5dff-485a-8139-63beaa159804","7cb035ee-f8e0-46f5-9b89-7edcb1e75578","PLACE","PLACE_SPAM_REVIEW","5","2025-08-13 11:57:01.189"
"d6c9d9e3-7c26-4cab-9bca-753704184aa4","3bdde54f-1ed4-4dd7-8483-80ef2d3fa379","7cb25ae3-8a79-41d2-a295-3c4f6ffdf85f","PLACE","PLACE_SPAM_REVIEW","4","2025-08-13 11:52:51.079"
"bde3a9d5-6625-4180-83e7-71f3d6523129","cc18a808-e3bb-42ed-9431-32ef0356e51c","7ebe4518-5a14-4944-af4f-911dcabbd410","PLACE","PLACE_SPAM_REVIEW","3","2025-08-13 11:49:24.796"
"fe5c6ecf-451c-453b-a4b7-bd4cc18038d8","7d3aa471-496b-45f9-a6f5-844efe62f359","89f1b330-36b6-4935-9675-b4d507a59bff","PLACE","PLACE_SPAM_REVIEW","4","2025-08-13 11:38:57.400"
"fa1aeed2-9f2e-4488-97f7-990f2b82537c","6377d5f8-26c6-4712-806b-0c1ce40d1a6a","8a220e7a-54fd-42f3-8213-251382d88a57","PLACE","PLACE_SPAM_REVIEW","3","2025-08-13 11:37:13.199"
"31716789-b95d-4d81-93c2-0b81c92e789b","880023f0-4ca2-42a8-9867-ea3dc2972cca","8b961cf4-b82d-4624-b986-0faf815f2447","PLACE","PLACE_SPAM_REVIEW","1","2025-08-13 11:27:35.985"
"15dae1a8-9489-4d30-9eea-0134c2f846b6","9118c3f0-20bd-428e-a998-5af8dc093dec","8d395e93-0d9d-4d06-b754-ca76968570da","PLACE","PLACE_SPAM_REVIEW","2","2025-08-13 11:20:40.626"
"2d940e88-fbce-4762-9b5e-6e5a7f53021c","931942bf-5a5e-4712-bda2-9bb20d809d70","8d5886d3-75c4-42fc-b8a9-62efd595a115","PLACE","PLACE_SPAM_REVIEW","1","2025-08-13 11:14:08.863"
"3cd8dc7c-25d6-47c3-adb9-14c753bf80db","19860e95-9783-4436-b1d1-e888f950af04","8e8123ac-d743-4e84-8cd9-7a3492631b86","PLACE","PLACE_SPAM_REVIEW","3","2025-08-13 11:12:57.783"
"504d9745-7a91-4c56-a8d4-0c7a1c742173","4229d5e6-78ca-478a-bb1d-98ea3cc76618","90b8adea-9084-4012-bbc4-0fc0d062868a","PLACE","PLACE_SPAM_REVIEW","2","2025-08-13 11:11:27.268"
"04bc36e0-3e78-408b-9cce-aea3ff9d65a3","6cd32048-dfac-48da-b76e-656fab2add3b","9122823b-ff5d-4a31-b2e3-dbae142f60f5","PLACE","PLACE_SPAM_REVIEW","5","2025-08-13 11:10:13.675"
"6c5cd60b-1f9c-49a9-b0c9-e52038134e32","0ac8f413-ccf9-4d20-896b-ba622331b4ed","9159e1b3-95fc-47c8-9949-41613fd3afbc","PLACE","PLACE_SPAM_REVIEW","4","2025-08-13 11:06:16.472"
"2825b826-6b35-44aa-8140-771b11548b91","ce68be6e-97db-46c4-93ff-f5908f250b72","92409238-e833-4860-a51a-5f38d58bb475","PLACE","PLACE_SPAM_REVIEW","3","2025-08-13 11:04:45.276"
"3dad645e-7c2a-41b6-beb3-0528822d6dd9","5879c4a5-50d2-4657-b4f5-2a9c7b8ad043","9628d84b-d76d-493c-8675-e3149f165d21","PLACE","PLACE_SPAM_REVIEW","3","2025-08-13 10:57:21.465"
"c40cf08e-99a6-418b-a394-2477a30fbe71","5879c4a5-50d2-4657-b4f5-2a9c7b8ad043","9156ca27-8b27-4d87-9844-c5e33e6b3a74","PLACE","PLACE_SPAM_REVIEW","2","2025-08-13 10:54:47.355"
"8729c2a3-8bed-487c-a2c3-b9ee478ca264","6cd32048-dfac-48da-b76e-656fab2add3b","9156ca27-8b27-4d87-9844-c5e33e6b3a74","PLACE","PLACE_SPAM_REVIEW","2","2025-08-13 10:51:40.067"
"639af2eb-24e3-437e-af1c-7ce428a33190","0ac8f413-ccf9-4d20-896b-ba622331b4ed","9156ca27-8b27-4d87-9844-c5e33e6b3a74","PLACE","PLACE_SPAM_REVIEW","5","2025-08-13 10:49:32.667"
"a8fa35e0-72d9-4e0a-a422-b24695fcc706","ce68be6e-97db-46c4-93ff-f5908f250b72","9156ca27-8b27-4d87-9844-c5e33e6b3a74","PLACE","PLACE_SPAM_REVIEW","3","2025-08-13 10:46:03.687"
"e59c9eb7-7466-45de-986c-39c260a22f23","6c0ec446-6bca-4ad7-98a7-e2a376b60024","9156ca27-8b27-4d87-9844-c5e33e6b3a74","PLACE","PLACE_SPAM_REVIEW","1","2025-08-13 10:41:56.578"
"96fc66ef-6c9e-44d3-9f49-d40e3a8db8e4","3ece460f-6287-4365-b242-b72f49315da0","96320c5f-69c3-4ecb-b0b2-d8797ab58ba8","PLACE","PLACE_SPAM_REVIEW","5","2025-08-13 10:40:44.855"
"0ae82735-c686-4613-b92d-52a2791799bd","60b255ce-76d5-4331-bccc-2572252bdbd9","96ca8921-faf6-40a9-b4aa-b6caa921a492","PLACE","PLACE_SPAM_REVIEW","5","2025-08-13 10:38:49.483"
"820b2e87-6084-41ec-ae99-68c16f6b5ba1","b37c0f09-c3d0-4834-b3f0-91868ea81fc5","977f7cf3-385e-41bb-b092-42c4ecb38387","PLACE","PLACE_SPAM_REVIEW","5","2025-08-13 10:36:50.974"
"3788cc01-07e6-4977-90d9-52265fb396bd","b91d5575-9935-454a-b1f2-49b9b7a9f57d","97f0f793-cb69-491d-ab6a-08fe4295fc3c","PLACE","PLACE_SPAM_REVIEW","5","2025-08-13 10:32:21.279"
"a896b591-4c4f-4729-b1c6-93324430731a","dd98416c-01a7-4785-b0d7-002b269d31aa","9a927eaf-079a-4ae0-85cb-823194cb486e","PLACE","PLACE_SPAM_REVIEW","5","2025-08-13 10:29:54.472"
"abb8aab3-1558-456a-b390-42e70f4c26b2","8958e740-b68a-4050-ba03-80b474720fd4","9babcf93-59a6-4dff-8bec-4b7bfe93f358","PLACE","PLACE_SPAM_REVIEW","2","2025-08-13 10:27:47.874"
"781e2529-51fd-4dd2-a007-a6d2d2e7ac27","54eb56b1-4479-4886-8eba-dad5e672e046","9c92cd5f-6ab0-43d0-b24a-83e39152b1e9","PLACE","PLACE_SPAM_REVIEW","5","2025-08-13 10:25:40.183"
"d2aa72f4-ebc3-41a9-b66e-4ed5c37a9aa7","55dbea03-11ae-4715-8923-805ebc6778b7","9de3fd85-bd78-4807-99dd-4360eb4788c5","PLACE","PLACE_SPAM_REVIEW","5","2025-08-13 10:23:00.732"
"35b3358f-f35a-473c-bfb5-50dc3b53402d","26eecd63-0089-4bfa-9c2f-5ac8e5b8c115","a04aeb09-7d12-4a2b-9d39-068b488a8e8b","PLACE","PLACE_SPAM_REVIEW","3","2025-08-13 10:20:18.367"
"f314ceb1-d2f9-4bfd-ac1b-c4d55e7fdcf7","137ab772-e732-4e29-87e0-f89446e9c561","a120cee1-7680-47f7-97be-2439ae898dc6","PLACE","PLACE_SPAM_REVIEW","5","2025-08-13 10:14:20.643"
"7d7499df-d842-4cf5-a0eb-8f23a2bc5c77","84cedda8-a5b1-4864-b49c-547ec812b373","a1a8e448-844e-4d7c-a43b-9cd2b48740f4","PLACE","PLACE_SPAM_REVIEW","2","2025-08-13 10:12:01.782"
"33a29200-ac07-4018-a052-e88be941fdbe","8e8c9dbf-1e8e-4fe8-bddd-89c0ed9ae065","a29581fc-20e3-4a66-9eab-0fd75c112a80","PLACE","PLACE_SPAM_REVIEW","3","2025-08-13 10:10:18.173"
"0eb6f7b3-31eb-47e4-aa30-74f4f271d2ad","1430c3f4-baa9-4504-95f3-5b4c8fac3165","a29581fc-20e3-4a66-9eab-0fd75c112a80","PLACE","PLACE_SPAM_REVIEW","3","2025-08-13 10:07:33.473"
"ab0e51de-2267-470e-9cbd-867e2c01be31","1430c3f4-baa9-4504-95f3-5b4c8fac3165","a29a0cf2-9402-4f69-9220-c00573cf9f77","PLACE","PLACE_SPAM_REVIEW","5","2025-08-13 10:05:53.454"
"eb606ed9-0f18-469c-b324-c9c8c40d9735","5a652f31-3dc6-40ed-8c56-dd6dede0a668","a2bb3e85-8450-406f-9746-fbbb0a27d1ed","PLACE","PLACE_SPAM_REVIEW","1","2025-08-13 10:04:00.664"
"90a23f1f-c851-45e5-9659-080e0b624967","88c09714-a69b-4d17-863d-5bc474e7b77f","a2c52674-4372-4590-b783-fc58ab97d45e","PLACE","PLACE_SPAM_REVIEW","2","2025-08-13 09:55:58.666"
"b968bd90-6ba3-48d7-8795-15c204f2b82e","c98a8e91-b842-4505-a4a5-33d270042c1d","a470f050-ec13-4c56-b2dd-8f66dd4dc09d","PLACE","PLACE_SPAM_REVIEW","5","2025-08-13 09:51:25.659"
"c2866988-bd76-492f-90cd-87ab5bd279e3","c6025a3b-c197-4863-905d-c10328caca44","a4b32691-772f-4afa-a134-542a60308a4f","PLACE","PLACE_SPAM_REVIEW","4","2025-08-13 09:49:23.371"
"8e79bcb3-f5d8-4841-9775-27bb4dac4bca","c00d944b-8147-485f-8394-7f2819955253","a8a731e4-837b-4c92-9a7f-483de06589e8","PLACE","PLACE_SPAM_REVIEW","3","2025-08-13 09:46:15.763"
"3164d7fe-42cb-44db-bcb1-d49b38742a0d","7e7f990a-dbc4-46a0-92a8-7fd0dad9cc8a","ab3a8464-083c-4004-a4aa-b2a31a5b308f","PLACE","PLACE_SPAM_REVIEW","1","2025-08-13 09:44:14.374"
"50610082-c74f-458d-b493-d364d5bdead5","6c8ae290-3210-4269-ba25-7ca63e9472cb","aa429827-85a1-4470-bb89-8d9621d78d5c","PLACE","PLACE_SPAM_REVIEW","3","2025-08-13 09:39:58.861"
"310b9b27-6bf9-4ccc-80d3-e1d5dd438b29","7e7f990a-dbc4-46a0-92a8-7fd0dad9cc8a","15a800d5-db90-459f-9277-69eb6ef0d603","PLACE","PLACE_SPAM_REVIEW","1","2025-08-13 09:28:40.965"
"cb646db8-befa-48f8-b780-f2907b578a95","ae07c3d8-7227-4b91-b87d-09c3233025a5","78e1e791-64a3-49c6-b560-0f345d39170c","PLACE","PLACE_SPAM_REVIEW","5","2025-08-13 08:29:31.371"
"5140bd38-79ec-4360-a01f-0eace4809603","73718a9c-e03d-4a0c-a672-f3b23655254b","41acb503-cacc-4091-ba8a-05151b8c5465","PLACE","PLACE_REVIEW","5","2025-08-12 12:35:43.176"
"61b96032-b3f8-4afb-b700-48dcf1f46021","1483e9f6-789f-40e6-a7b5-d3f0235ea3ed","3992a669-75fa-4ba6-9828-29b76f79b5af","PLACE","PLACE_REVIEW","5","2025-08-12 12:31:29.957"
"9d97522a-fb56-4df9-9b79-065d6a5c81a1","af9faf1a-f968-42a8-84ff-37c5a7bc2cc8","dfa46d4f-3415-4cea-8d9a-0a9ea54fa463","PLACE","PLACE_REVIEW","5","2025-08-12 12:28:51.068"
"8fac0147-f3d8-4111-8987-73faa24e22f1","63dd191b-fa05-432a-8c05-6a6be136fef8","12eaf6d2-e854-48e2-93d2-ba5f942b53cb","PLACE","PLACE_REVIEW","5","2025-08-12 12:23:40.592"
"bed4d516-695a-4c50-8413-6f1cf5845753","93d965b9-218d-4092-91f1-53a2a34dbf9f","58133e0c-1a05-4782-9d67-9f39ef080eac","PLACE","PLACE_REVIEW","5","2025-08-12 11:09:25.257"
"4e67b6f5-0354-4242-9118-abab3e957ccf","bd571e6f-c73f-41db-b10f-a7a493af9cec","58133e0c-1a05-4782-9d67-9f39ef080eac","PLACE","PLACE_REVIEW","5","2025-08-12 11:09:13.262"
"5528f842-a673-4573-ad26-3e224a5ed016","215520f8-c65a-46db-bcfe-6e844bf9f381","58133e0c-1a05-4782-9d67-9f39ef080eac","PLACE","PLACE_REVIEW","5","2025-08-12 11:09:04.074"
"ff223ffb-1a08-4740-8cc2-45efbf39ed7d","5f1b3fb4-6b62-4ce6-bb28-c96040bd5689","14f3b711-6da6-4917-bc15-c03239cd6910","PLACE","PLACE_REVIEW","5","2025-08-12 09:14:09.729"
"205bf3dd-73dc-43e7-aeaa-c712d7c83f81","6cf4b1fa-4842-4553-9789-fe61df3d96be","0df51217-055b-4c3f-88cb-171c0358ac7a","PLACE","PLACE_REVIEW","5","2025-08-12 09:12:49.664"
"1a97e803-c1d0-49d2-817c-51f5b9fd6cad","edaa9809-172a-4bf1-a7fc-a34d355a04d0","1181605c-1099-4624-9759-6958db448fb3","PLACE","PLACE_REVIEW","5","2025-08-12 09:12:49.192"
"78f26bcd-d2b7-46a3-b302-1481d166819d","fcdfd08c-3247-4552-b8d2-d8d705c8f0b3","1181605c-1099-4624-9759-6958db448fb3","PLACE","PLACE_REVIEW","5","2025-08-12 09:12:37.062"
"f8c348d7-e132-411a-a63e-a6e299b0cf47","ae7414a5-fb5b-450b-bea2-4fcefba4fc40","1181605c-1099-4624-9759-6958db448fb3","PLACE","PLACE_REVIEW","5","2025-08-12 09:04:19.444"
"eaa1d285-26c5-4336-9e27-2b165e5a35a4","ae889db6-1c30-4677-acc6-b585a0ceed99","5da19fc0-a0af-4f0c-a5e2-670b95d4e4bc","PLACE","PLACE_REVIEW","5","2025-08-12 08:54:14.012"
"9f3e9f59-5bfd-4390-a3b1-e0b855a691b2","6ccc9eb3-1c37-453c-8f06-c3b26acde29e","5da19fc0-a0af-4f0c-a5e2-670b95d4e4bc","PLACE","PLACE_REVIEW","5","2025-08-12 08:45:11.233"
"8d0b3704-e7cb-4ab0-80cf-7033dcc9a8d7","e86f80ae-9ec9-4721-8ec1-aa1f1bd7b7e5","5da19fc0-a0af-4f0c-a5e2-670b95d4e4bc","PLACE","PLACE_REVIEW","5","2025-08-12 08:44:58.526"
"8725504c-fb86-4477-9778-956c21bfff50","3a9dab01-211a-4a07-84f0-c44ac954aaf5","5da19fc0-a0af-4f0c-a5e2-670b95d4e4bc","PLACE","PLACE_REVIEW","5","2025-08-12 08:44:54.393"
"028f904b-7790-4001-ad9c-335959afe4e1","f016aa6a-3533-4fe0-9998-8d68576fe4f0","5da19fc0-a0af-4f0c-a5e2-670b95d4e4bc","PLACE","PLACE_REVIEW","4","2025-08-12 07:35:11.981"
"7a74e602-98bf-4cc8-b6e3-b0dc371f68f2","bac635c7-7698-481e-8b23-09ece6bd8b1a","e66f9c70-638f-4484-9a8f-d5ee5e41824c","PLACE","PLACE_REVIEW","5","2025-08-12 07:25:42.243"
"f6d9cfb7-3a30-42c2-84aa-ac9260e7c04a","0cf8709a-2f1c-4cd0-b11a-c0c89b8c01d9","174a6367-656c-40bd-9fa2-de9c34bf3492","PLACE","PLACE_REVIEW","4","2025-08-12 07:08:44.813"
"487ec27f-b082-490d-8f38-7d9e5824dcf0","dd1933f2-b4ec-4a72-a43d-f774d64232f0","0f0d4523-9e87-46b4-8c61-7a82c4dd9276","PLACE","PLACE_REVIEW","1","2025-08-12 03:10:01.755"
"2e1e49b9-202a-4f98-9df2-5cb670ca7589","dd1933f2-b4ec-4a72-a43d-f774d64232f0","1718973c-5d0c-41da-84b1-7eb3aa15e7c5","PLACE","PLACE_REVIEW","3","2025-08-12 03:05:47.639"
"694120d7-54e2-4156-963f-8ef1f619f418","90ca3254-c4fc-42bc-99ed-92564ccf8a18","ebd9519a-7910-4965-9284-5c7251b61a42","PLACE","PLACE_REVIEW","4","2025-08-11 14:16:36.852"
"e12b8cfd-3d98-4126-a7ac-8033f0b6d551","16a0aecb-9fd7-4f03-b493-e91c630a54ab","13505b1d-2445-4acc-b515-9a06cf8586e0","PLACE","PLACE_REVIEW","4","2025-08-11 13:43:52.540"
"2de8ff17-4052-4fd2-a493-a7e7a8e42796","16a0aecb-9fd7-4f03-b493-e91c630a54ab","0f8a8233-06b6-4841-8469-1c95b1f87360","PLACE","PLACE_SPAM_REVIEW","3","2025-08-11 13:43:07.120"
"8d000619-e83e-49f0-8f73-6a90659ee821","df5345ac-b46e-4555-a14f-2f3435933b25","aeb01d76-7d14-4540-8fed-35ce7f7f9154","PLACE","PLACE_REVIEW","5","2025-08-11 10:53:18.166"
"3ccf946a-39a4-427b-891d-df51049bb9f0","97bb0d9a-becb-49c6-8009-a6cb3c64a19d","ae87c9a6-9aa5-4375-b750-02432b6de603","PLACE","PLACE_REVIEW","5","2025-08-11 10:51:42.546"
"6d577a18-e766-4111-a291-a415e01b99f5","b551691d-fba2-44e8-a4db-8e0e895b99a1","433dff01-aa26-411d-9036-e6c833201b0f","PLACE","PLACE_REVIEW","5","2025-08-11 10:35:16.339"
"2a4ccdf7-db1e-4a76-a758-5838af44b3a7","b49825d3-d4e0-4ef3-92d2-2a427fd1f870","41057bd8-97cc-4d1f-89a4-3443793d7d06","PLACE","PLACE_REVIEW","5","2025-08-11 10:32:40.459"
"1fdc2d2d-9054-4dd7-80f2-1528c31d4c82","e26af5b6-9385-468b-be24-19f0708db325","3ff405b2-3ab8-41be-9412-99353a68a8ec","PLACE","PLACE_REVIEW","5","2025-08-11 10:30:26.507"
"0ed24cdd-676c-4e51-8056-a235b1e6598a","38899b7d-baca-49be-9df3-b28f44f5f3f7","3c262e1e-8512-45a0-a009-ef572674e9e3","PLACE","PLACE_REVIEW","5","2025-08-11 10:23:36.329"
"470cfdb5-7b07-421b-8dcf-18b4ce41dbc8","7e076215-9070-4e57-8e90-d4c360d64d7c","3b489d11-f407-49a4-8e96-dfe9854ab32f","PLACE","PLACE_REVIEW","5","2025-08-11 10:15:20.748"
"bc19c193-2833-48ec-8f9b-1ce544ff7a54","0e75d6e3-8330-41a4-a1ea-4b2f72b0c83f","38df6c2e-94e9-4ad7-af64-edf291de5e49","PLACE","PLACE_REVIEW","5","2025-08-11 10:13:11.034"
"6f2f56db-86ca-4baa-8f95-2ee91e79a0b2","76d3cf59-b289-4546-88c2-98dc59883e6f","38d70383-0fb4-45cf-ad7e-da90385072af","PLACE","PLACE_REVIEW","5","2025-08-11 10:09:49.529"
"5d6b9bf4-14ef-4cc1-b896-d9ef219ac612","b435bea8-2a31-4f22-ac6b-ba2cbd38f2b1","38a3b3b3-3ac7-4b63-b102-1c4cc010329f","PLACE","PLACE_REVIEW","5","2025-08-11 10:02:47.951"
"488bd5b4-044e-487c-ac69-eee5dfdd5eba","1a37b41a-3df2-42e0-9d21-7c9d98465c6f","37220de0-ce12-456b-8aef-956e17f5003d","PLACE","PLACE_REVIEW","5","2025-08-11 09:59:22.453"
"dc9a8e40-dede-48d9-92b5-bb7e4d0fa436","d10dfe56-9e8e-46db-a073-6ba54b69266b","36621275-1b95-40e9-a9b8-69eed435c709","PLACE","PLACE_REVIEW","5","2025-08-11 09:57:31.834"
"f2a40d4f-3844-479a-841d-517fb29cb28a","83f2458c-f543-4a97-9bde-0e6ffb0c675b","72ba0b3b-1ed5-4c46-9cdd-031b15ca1c08","PLACE","PLACE_REVIEW","5","2025-08-11 09:43:44.856"
"acbe38a9-e36d-4b80-bf85-9a3d6510c980","f3deac1a-41d0-47e7-91ce-f1ec892d3b7f","7098ba94-b261-4c5f-a7ce-a5a7e60cf64a","PLACE","PLACE_REVIEW","5","2025-08-11 09:40:39.272"
"6554678f-5f97-40e0-8095-6fcb1851c6f3","d8e84f7c-3e0e-45b3-8b8d-357b1a5a2e05","75df9198-e49f-4a52-9091-26e2425cd530","PLACE","PLACE_REVIEW","5","2025-08-11 09:39:09.431"
"b44f1343-2290-4ae6-909e-9701f57b7a28","cbbfd34a-93b6-4a85-ae09-36f78f54c74f","6fdfeda3-3d3b-4bad-8f73-3630169e58ae","PLACE","PLACE_REVIEW","5","2025-08-11 09:38:09.832"
"561cddb3-1743-41b4-a95c-bcebaeda4830","5a8e9070-604e-4309-8d08-4145ee26e74d","7590c4f6-706d-4d84-921e-55b632e2896e","PLACE","PLACE_REVIEW","5","2025-08-11 09:22:25.055"
"0bba3018-ce22-4bde-9488-bbe5ae581048","8cb4ea5c-a9fc-4fc6-93ad-a086bdb68c85","6ded4887-bf29-43b2-913c-fc6d1dd552ee","PLACE","PLACE_REVIEW","5","2025-08-11 09:18:12.636"
"921452ca-3303-4cb1-8f53-d139c2e95c9f","fd4b2bb1-c405-4d2e-9057-b5455a2564fe","75573179-0aea-48dc-93fc-bf3198aeebb7","PLACE","PLACE_REVIEW","5","2025-08-11 09:12:57.731"
"e8f3975c-c62e-45ca-9deb-6b7c6afa440a","9b0100c1-bd92-460c-b60f-a5eddd2e5e00","6d36c2bd-4574-457f-9e02-ed158908351f","PLACE","PLACE_REVIEW","5","2025-08-11 08:46:42.532"
"43008d19-ca69-4393-9daa-144334baafb0","12048625-1759-4c21-9ff2-69e1a1da97ab","6d2f307c-00ab-43e8-b0cf-899934e3ea0d","PLACE","PLACE_REVIEW","5","2025-08-11 08:44:38.151"
"98558705-acb8-4d04-8d68-ceeaa1a41798","90133d66-817a-4f93-a95b-5d07fbd79e4f","637ceb1c-d375-4b35-999a-fe6dbd8acced","PLACE","PLACE_REVIEW","5","2025-08-11 08:33:22.030"
"8ba88a87-1923-4956-8e29-e7092c8fe4b2","381f1e18-968b-4541-ab1d-3476ca7f00f0","601f642c-466e-4eff-aeb5-26faceb7e022","PLACE","PLACE_REVIEW","5","2025-08-11 08:29:53.531"
"c9af94e8-f3f3-48ab-850f-352579cf9409","342a3dd9-bce5-4499-84b3-31e95d047508","5dbc468e-d20a-44a2-a1c1-bf82d03422ef","PLACE","PLACE_REVIEW","5","2025-08-11 08:26:53.145"
"fdbe2bee-96ba-4a80-a0fb-ec0a80036454","68025677-0ff7-44d7-8a82-fdce82373965","6864b01b-6c95-4437-a5d3-538e9758e881","PLACE","PLACE_REVIEW","5","2025-08-11 08:20:46.977"
"6c710696-49e0-4bfd-92ef-ede815613645","99bd7762-17d7-4243-ba3c-b61b7da7ca01","0bb7f261-f639-4ccb-affe-70e9675ad2a5","PLACE","PLACE_REVIEW","5","2025-08-11 08:19:29.234"
"4698ba25-7135-4bfa-8e4a-b38069386201","99bd7762-17d7-4243-ba3c-b61b7da7ca01","9f7fb803-d7ed-4c5e-9de2-e757fe4b8459","PLACE","PLACE_SPAM_REVIEW","4","2025-08-11 08:17:38.941"
"0f64e50b-02c2-490d-95a0-3caff9e5d6f5","60f2fbe4-e4a8-4351-88a7-cbfd8a16ddeb","6c6f79f2-b830-4780-9c96-d52016b9d59a","PLACE","PLACE_REVIEW","5","2025-08-11 07:57:09.236"
"062244e1-d0f5-4099-8eda-1b9c802d8698","60f2fbe4-e4a8-4351-88a7-cbfd8a16ddeb","9f7fb803-d7ed-4c5e-9de2-e757fe4b8459","PLACE","PLACE_REVIEW","5","2025-08-11 07:51:35.258"
"e0d336d2-9bcb-4c60-8885-71c3fee7b64a","a02c2560-0ed3-49f0-8ff2-6d171fdda9dc","6864b01b-6c95-4437-a5d3-538e9758e881","PLACE","PLACE_REVIEW","5","2025-08-11 07:33:09.030"
"8d8162f0-4b3f-4bac-b872-a1f7d4ba6c0e","c09827ae-31ef-4615-b0ee-3432914edf14","515cca0e-2904-4afd-a5a4-39ebc872ca3d","PLACE","PLACE_REVIEW","5","2025-08-11 07:15:50.431"
"e1d894c4-fb1c-4585-8c6f-af34c3100d26","7452d56c-c663-4038-a01f-312a0ed10718","0f0d4523-9e87-46b4-8c61-7a82c4dd9276","PLACE","PLACE_REVIEW","5","2025-08-11 05:35:23.360"
"7a78172f-fc18-450e-80c3-ad6474d1404b","04cf3a45-4829-4b00-a809-e575d6b50153","9f7fb803-d7ed-4c5e-9de2-e757fe4b8459","PLACE","PLACE_REVIEW","5","2025-08-11 05:28:06.930"
"90006522-79ad-4c02-a031-e072c28a77da","c9cc4b54-6add-4980-b247-b0d23c89a35f","9f7fb803-d7ed-4c5e-9de2-e757fe4b8459","PLACE","PLACE_REVIEW","5","2025-08-11 04:03:53.776"
"4fba303c-b0ec-4ebd-9716-7277240af6b2","66d36a8b-4c95-4f86-9a58-87accc665330","ca56fcce-29de-4b05-94f9-65ecdce36e79","PLACE","PLACE_REVIEW","5","2025-08-10 15:01:38.749"
"92d20c95-22d5-49ba-ab97-17cf532c727e","8ebab4bd-2ed7-429d-9cb3-fd715a694b28","54b19baa-3891-48e8-aba3-3e80c7adfc7e","PLACE","PLACE_REVIEW","5","2025-08-10 14:51:09.925"
"50b1d8ff-25e4-48d0-b403-85afdf94ae00","f8bc817b-2837-408c-aaec-b0f5c87ab764","53d1584a-8e54-4c4c-a2a9-d05c3e1a23eb","PLACE","PLACE_REVIEW","5","2025-08-10 14:48:31.753"
"b414d903-7bdd-4e2c-a171-59e71482ba57","b9ef3378-5cc6-4c7b-b514-0f4dc147e561","4ef1d09f-839a-4085-973b-4e359232025c","PLACE","PLACE_REVIEW","5","2025-08-10 14:48:23.347"
"b8c9fa7c-a1dd-4e45-b443-78317fc8811b","246d1d0e-050c-44d3-8907-303b386559ed","537e43b4-1157-4603-97cc-8422821178b1","PLACE","PLACE_REVIEW","5","2025-08-10 14:47:22.763"
"db5db9aa-d734-4056-b93f-8e6101b36df4","adac0812-88d9-42c0-a04c-c43144dd7d32","5210ff02-beae-436e-a430-05e4aedd69f2","PLACE","PLACE_REVIEW","5","2025-08-10 14:46:10.760"
"62e8422e-1a06-42ac-be72-4043c9d2d50b","8549c093-fa4c-4406-89fb-108948d0c8ee","515cca0e-2904-4afd-a5a4-39ebc872ca3d","PLACE","PLACE_REVIEW","5","2025-08-10 14:45:05.985"
"308b79b1-7626-4fa5-a091-e2c8b0d0f2fe","7228fe13-6b68-4091-989c-e4e1b6b35342","515cca0e-2904-4afd-a5a4-39ebc872ca3d","PLACE","PLACE_REVIEW","5","2025-08-10 14:43:10.427"
"6332b540-c360-422d-bd95-03b29162896d","6f9e42a5-52da-41db-bd21-ad6e4f23d9a6","a1a8e448-844e-4d7c-a43b-9cd2b48740f4","PLACE","PLACE_REVIEW","5","2025-08-10 14:43:05.129"
"08183158-c981-4889-885b-b21e44e304a9","2317be97-44ec-4919-b621-9a0ab24e72f6","4b259635-df6d-4e1e-b18d-1903d62c5bbf","PLACE","PLACE_REVIEW","5","2025-08-10 14:42:46.754"
"370a0082-b0fc-4225-8f49-0056bc588028","7228fe13-6b68-4091-989c-e4e1b6b35342","50e59e71-9d9e-4a1a-942b-ffe6f2a5881d","PLACE","PLACE_REVIEW","5","2025-08-10 14:42:15.427"
"f89797cd-6ffe-420c-bb9d-e33bf19453f7","6980f316-6127-408a-81d4-837cd9b15d83","504226ab-a94c-44ec-81ab-f82e0fd063fe","PLACE","PLACE_REVIEW","5","2025-08-10 14:37:17.776"
"ebe09c39-52fa-452c-b1bf-baa44c3e7829","2aa8fdb3-53bc-41ed-872b-9f4802032100","4aeed2a7-7234-4906-829b-833022632e87","PLACE","PLACE_REVIEW","5","2025-08-10 14:36:20.834"
"8155d306-5a93-4b4b-9e2a-83581ead74ae","11aff256-4360-4da3-8e27-cf05e29ae7a9","512493bd-7e6c-481b-8f9f-2ab477ec260b","PLACE","PLACE_REVIEW","5","2025-08-10 14:35:42.461"
"911adfea-9582-4d4d-8e15-9c7221887149","7228fe13-6b68-4091-989c-e4e1b6b35342","ca56fcce-29de-4b05-94f9-65ecdce36e79","PLACE","PLACE_REVIEW","5","2025-08-10 14:31:20.934"
"18884e2b-5c33-4e93-b44a-de54fb2c49bf","6980f316-6127-408a-81d4-837cd9b15d83","e66f9c70-638f-4484-9a8f-d5ee5e41824c","PLACE","PLACE_REVIEW","5","2025-08-10 14:28:03.366"
"202f475e-58cb-4b7c-ae63-22bb3501b7e5","4b7d88be-ab62-46b0-9226-984e9f9646b6","4ab75acd-6484-46fa-b18d-f09ab2452647","PLACE","PLACE_REVIEW","5","2025-08-10 14:27:06.362"
"e0223cd2-09e5-4289-b292-e9cfc3a6c54b","a67b9672-0332-42c4-9b0b-89ab4dee433f","6c4e44d0-20dd-4a0c-9b45-fc9238c2f39e","PLACE","PLACE_REVIEW","5","2025-08-10 14:25:31.979"
"f38b2744-bcd3-4ab3-bbbc-731de0d4e86c","4d9bba3e-20c5-4bc0-9fab-7b777409f987","495d23fc-8eda-4207-8493-9a579b647436","PLACE","PLACE_REVIEW","5","2025-08-10 14:21:38.865"
"c4c8b3c3-9ab6-47de-b770-3976bc4afdf0","41523bc1-a218-45a1-8926-57c51fb69460","6b830d1e-4783-4311-9abb-d89c37221e1a","PLACE","PLACE_REVIEW","5","2025-08-10 14:18:59.453"
"a7ecc9bf-6dbf-413e-ac49-b4d70a479a42","9eb242e7-6053-496f-baf2-26c2bdc7a175","484408d9-28e1-4a4e-afc8-489eba45e728","PLACE","PLACE_REVIEW","5","2025-08-10 14:16:08.858"
"ec9b11a4-58e0-40dd-837d-8d1ee9d48709","4dbb64c8-3572-49dc-86c1-2283ab2a03c0","6a34084e-3c44-4ba7-a1db-bd40272d9a07","PLACE","PLACE_REVIEW","5","2025-08-10 14:15:45.850"
"f34faf96-d462-421b-9758-8e9e44589586","b265d108-1db3-479a-aef3-9e1fc859f905","4689f178-a16f-483b-a77b-07952788556b","PLACE","PLACE_REVIEW","5","2025-08-10 14:09:38.042"
"02350d80-5342-4be2-a402-f70e3a4fd780","17e97848-f79d-4d48-82a3-03c6d7ba80e3","45ee1a6c-3eac-4ced-94f3-e2bc17cf00c7","PLACE","PLACE_REVIEW","5","2025-08-10 14:00:07.849"
"e6ae3750-be09-4d20-9b39-a82389cdc42f","7b7f1771-fb36-4444-b543-61e80bc2a81a","67ee1583-392a-4367-ae98-33748e7791bf","PLACE","PLACE_REVIEW","5","2025-08-10 13:58:28.972"
"7ae38c40-7ff8-492b-9502-f723c639961e","426783be-17f6-4b61-98a8-62239f529c55","66689230-36d6-411c-8535-ae705757eda9","PLACE","PLACE_REVIEW","5","2025-08-10 13:55:27.542"
"ddecbd28-469b-4b90-90f7-8ce45cb81806","b2374a84-3780-40ba-babe-187c7c9cb8a9","5da19fc0-a0af-4f0c-a5e2-670b95d4e4bc","PLACE","PLACE_REVIEW","5","2025-08-10 13:47:24.638"
"77c2fef1-8133-491c-a39c-4018e2a46362","4a206773-4288-40c6-be4c-aab8cfc8652c","5b24781f-c134-430c-aa1e-a690e4fe3edf","PLACE","PLACE_REVIEW","5","2025-08-10 13:43:58.730"
"a45029ba-ac12-4cf0-8fb7-75d945d60e72","ce6ca39b-9251-4b9e-8790-6f21fe62467b","59e07cfc-03af-43b4-82ed-b719c5a49a12","PLACE","PLACE_REVIEW","5","2025-08-10 13:40:34.694"
"9459ca82-0b5f-4738-87f7-9e69172f7ce2","f1b3df07-fb47-4597-ad04-ee14d3a5352a","4520b1e1-6113-47c0-84ae-acae4317f9d9","PLACE","PLACE_REVIEW","5","2025-08-10 13:38:15.869"
"a6a23b73-28b8-41e1-a6bc-660a2001651c","9891cecb-b08c-411b-8f29-e501aa4d0f79","59653aad-0022-461a-8e2c-8a07efc0f50b","PLACE","PLACE_REVIEW","5","2025-08-10 13:37:29.378"
"d5d3512f-bc96-455d-ba29-24d327591a79","6719d442-780a-4c4c-ba74-dbbb0f644551","5871f4e2-fcee-4542-bc9c-5b20311941fd","PLACE","PLACE_REVIEW","5","2025-08-10 13:34:14.344"
"76f5fbb5-1dc9-4a19-8f0a-dac252a892c4","130f0a7d-817e-4ccc-86fe-de7ff102859e","570500de-ce09-4c12-bb84-b6ffd4f28560","PLACE","PLACE_REVIEW","5","2025-08-10 13:29:09.502"
"728bbe7d-02b0-43d5-bc98-4942120ee920","885edf54-eb0c-4876-84e5-eb1fa75d2453","56e8d6a9-bc4f-4349-8ed7-aa8fc1a7cef8","PLACE","PLACE_REVIEW","5","2025-08-10 12:48:57.043"
"45c22068-9fd0-4a10-9ed0-65b9dd5db05e","db7568a7-44c5-4597-917b-011506fe32a5","55062690-efbc-4508-9fb0-2d9097bf9b44","PLACE","PLACE_REVIEW","5","2025-08-10 12:42:54.059"
"72de0f29-96e8-41d0-a673-e46f68ede336","4b2c1f34-f5cf-4ab5-9a85-405015c1ad95","1181605c-1099-4624-9759-6958db448fb3","PLACE","PLACE_REVIEW","5","2025-08-10 12:42:52.034"
"a4875155-43e1-40c7-8133-2d8cff8d1b52","db7568a7-44c5-4597-917b-011506fe32a5","56e8d6a9-bc4f-4349-8ed7-aa8fc1a7cef8","PLACE","PLACE_REVIEW","5","2025-08-10 12:41:37.619"
"23e4867d-12a9-4922-a408-ac5722dea9ce","db7568a7-44c5-4597-917b-011506fe32a5","0f0d4523-9e87-46b4-8c61-7a82c4dd9276","PLACE","PLACE_REVIEW","5","2025-08-10 12:34:16.461"
"a18f1adf-fca4-4501-9daa-b79330808a34","dface272-03d9-44cf-97a5-849e99fd0ee8","f9ee5d04-c716-4642-b597-38bf6366b554","PLACE","PLACE_REVIEW","5","2025-08-10 12:18:06.640"
"34cb9f4e-0df1-49c7-858b-bfc4063162c1","6578a234-1f37-4b06-bc5f-adb7c38f837e","26f2ed6f-42fe-4acc-85bd-3e0bdc3015e4","PLACE","PLACE_REVIEW","5","2025-08-10 11:21:50.617"
"57538d9b-0425-4342-a066-865e1927a102","961d0bbd-70d8-4f46-8cf8-f97a740412f8","2662788e-40f4-471d-ac85-60345652999f","PLACE","PLACE_REVIEW","5","2025-08-10 11:20:02.948"
"aff607ac-f65d-4103-a038-352a4992951a","32c1303c-7208-4458-91c9-2d91a81fa6aa","258db376-96da-4dc2-b7c9-7bc6b4e6cd31","PLACE","PLACE_REVIEW","5","2025-08-10 11:17:52.742"
"a0698d21-3bae-4adb-8135-470a36fc937c","9d442193-c8b8-4b5b-b059-e3726964f092","254b44f8-6e58-4fb4-9959-95f06c89d675","PLACE","PLACE_REVIEW","5","2025-08-10 11:15:40.167"
"0263c277-6afd-469c-b717-2ed4523947e7","51a63600-c989-443f-906a-e93a65baf3b4","18dc4be4-bcc0-48e6-b870-1f039470de30","PLACE","PLACE_REVIEW","5","2025-08-10 11:13:01.033"
"92cc8670-5624-4555-9ab5-4edfdaf41198","51a63600-c989-443f-906a-e93a65baf3b4","174a6367-656c-40bd-9fa2-de9c34bf3492","PLACE","PLACE_REVIEW","5","2025-08-10 11:11:38.937"
"444e6f18-8f29-4ac1-95bd-5c832bb69a08","d0c0f3e6-e0ed-4ebc-b4af-a85d4ee7ac21","1747a7cc-0b75-43bf-9f42-f503d50b541a","PLACE","PLACE_REVIEW","5","2025-08-10 11:09:54.242"
"993ff6bc-de02-4020-a35d-884fd67dc2a3","beb55359-848b-4135-8fd1-506c839c2988","248bfd6a-6a69-41ad-a853-1f07337a77d1","PLACE","PLACE_REVIEW","5","2025-08-10 11:09:06.529"
"263f4609-b344-46a9-98fd-4975da37f5cd","d0c0f3e6-e0ed-4ebc-b4af-a85d4ee7ac21","1718973c-5d0c-41da-84b1-7eb3aa15e7c5","PLACE","PLACE_REVIEW","5","2025-08-10 11:08:15.495"
"7a257d07-ad9e-49b3-8ea9-dc2d3c2b9614","d0c0f3e6-e0ed-4ebc-b4af-a85d4ee7ac21","1707aa84-3811-4e10-bf15-7af5ef79b518","PLACE","PLACE_REVIEW","5","2025-08-10 11:04:52.059"
"45691778-e5d5-488c-9d36-38aea5539c03","1a3f409b-79fb-47c4-85ff-a807c9fbfe42","16a2dc42-a89c-4228-ab8b-628cf5350631","PLACE","PLACE_REVIEW","5","2025-08-10 11:02:19.750"
"d03b4328-9bda-439b-b86b-a7f901023f67","1c1df3c6-ad00-4323-9c50-d9a0c1aeded3","15a800d5-db90-459f-9277-69eb6ef0d603","PLACE","PLACE_REVIEW","5","2025-08-10 11:00:17.534"
"71ee64f8-a471-47cf-a015-3c4215fac791","6bd5c054-7a12-474a-bf35-356273f1dc30","14f3b711-6da6-4917-bc15-c03239cd6910","PLACE","PLACE_REVIEW","5","2025-08-10 10:57:45.593"
"b33329c2-0389-4f39-b4f0-a0748fed348b","65dcaa66-5f54-4481-81cd-0bea9ff06e6c","13505b1d-2445-4acc-b515-9a06cf8586e0","PLACE","PLACE_REVIEW","5","2025-08-10 10:55:41.541"
"aac4c7fe-405b-40f1-b15c-7c82197eb767","65dcaa66-5f54-4481-81cd-0bea9ff06e6c","12eaf6d2-e854-48e2-93d2-ba5f942b53cb","PLACE","PLACE_REVIEW","5","2025-08-10 10:52:12.689"
"b38e4e4d-3524-4c18-8bd5-82912abbc7b4","2178a22c-faa6-4117-a31e-be606755596e","41acb503-cacc-4091-ba8a-05151b8c5465","PLACE","PLACE_REVIEW","5","2025-08-10 10:46:54.836"
"d485b029-6ac5-498a-8bfd-fc9714f338ec","53c51343-266b-4455-ad5e-681a5f713f34","352217b0-11fe-4e3e-afe2-f373f1769661","PLACE","PLACE_REVIEW","5","2025-08-10 10:38:39.130"
"e598001c-ad30-48ac-bc2c-38d0cc3cb3b6","b3715cab-a8b1-4c75-bc63-8a0957b808b3","11331cd7-0243-4a25-b23e-352bd8608507","PLACE","PLACE_REVIEW","5","2025-08-10 10:38:16.992"
"aeb37ed3-0987-4db2-8bfc-98b979c35d3e","ddc7c47e-db18-46bf-971e-8ab58860d4ba","112a61c7-aa20-451b-bf6d-b3ebbdd315de","PLACE","PLACE_REVIEW","5","2025-08-10 10:34:11.137"
"7d3746bb-7f73-4c13-aa04-ea625ad1d198","65b1d6e4-c275-4270-b305-f7e1573a7812","342f39d9-5795-4291-bcc1-933c4ac06d7b","PLACE","PLACE_REVIEW","5","2025-08-10 10:32:38.597"
"b555476c-ec5c-4fdc-a4a1-c38df153878b","9031c5c5-07c5-4de7-ae96-5bd45e0e1348","0f0d4523-9e87-46b4-8c61-7a82c4dd9276","PLACE","PLACE_REVIEW","5","2025-08-10 10:30:34.978"
"8de497fe-844c-4805-bd0b-061eb80d1245","9a74787d-f108-436d-9139-b77358401d6a","0e38d6e5-336c-40e3-b644-c25d0294bb19","PLACE","PLACE_REVIEW","5","2025-08-10 10:26:48.377"
"32382a84-06ac-4721-b77b-b331b6599009","e161f124-b6c5-4cb1-8259-f66850bee421","324df871-4263-41f1-b551-8c5b1412a3fa","PLACE","PLACE_REVIEW","5","2025-08-10 10:21:51.353"
"d2ebcb86-95f7-41f6-901e-6edfc5d2a264","68463c39-1dec-41b8-a9a3-fa18c8a7fa25","31c72d55-d320-4db2-b232-01a008ce7af0","PLACE","PLACE_REVIEW","5","2025-08-10 10:18:30.840"
"0bb66d87-4fc6-4980-81fe-f5551416a18b","ca0118a6-ec59-4c0a-af2f-6ea97e891fc4","2e369faf-b82f-43a3-8b47-88f31dc9cc0d","PLACE","PLACE_REVIEW","5","2025-08-10 10:15:39.178"
"bedfff4e-a472-4b3a-9c92-2d7f47f3251a","b70dceb4-96b0-4c5b-a42e-a69817ba0286","2e2a4bdd-f98e-4984-99cf-081af7617f02","PLACE","PLACE_REVIEW","5","2025-08-10 10:12:11.374"
"6bf75fab-572c-4308-8ce2-b6630d0ce5a8","2ec80f27-5e6e-4a83-bcbb-62eaa9e97903","22da9e6b-cc24-43d8-85de-a8cc7615b280","PLACE","PLACE_REVIEW","5","2025-08-10 10:09:29.750"
"916a20a0-d53e-4507-a853-f87f67b264e4","deec66a8-af81-4a83-9f80-a06a872ba3e5","220ddb54-0d40-4457-b359-dd8739d63982","PLACE","PLACE_REVIEW","5","2025-08-10 10:06:01.863"
"15ec7332-afd8-4f97-b311-4331c51b8415","5f49cbbc-f11d-4789-af90-275d6f18fadb","1cf5ded3-258e-4b9d-9407-d619c070a86a","PLACE","PLACE_REVIEW","5","2025-08-10 09:53:37.025"
"0bf8c5d2-a29f-4fa4-bd76-d217f38cc8ac","2210ed5e-c36e-4467-8414-b57ac0ca6a17","1caf32f5-60d2-48f8-822b-fc1a7b42f45e","PLACE","PLACE_REVIEW","5","2025-08-10 09:48:38.338"
"3e85352c-1851-4a88-a65b-e2154dcf45a4","fc4619d7-068a-4d7a-a9ec-6e299d2de22d","2c870bd9-a7fe-4575-9170-bb5f36f10c83","PLACE","PLACE_REVIEW","5","2025-08-10 09:43:55.787"
"ad23677b-d4d1-4928-a123-ece11c7db19b","311b8d87-dd48-46b8-9f04-1d47731edf1e","21bc6c84-ed04-4ef2-8ee6-12902b19426a","PLACE","PLACE_REVIEW","5","2025-08-10 09:42:09.163"
"52f3a8bf-f961-4063-8f26-b154c00f3f49","7d9b64bc-cf25-4c55-9788-2f7e5ae6c80a","c5903a45-0200-40c8-bd0f-782acbfbfc82","PLACE","PLACE_REVIEW","5","2025-08-10 09:38:31.803"
"6aa1b130-1618-4357-9f6c-5497b35ae656","398e6bc2-31d1-4564-9df6-688b99d5bd0f","2145aa1c-3657-4518-b3e4-381f78f7153b","PLACE","PLACE_REVIEW","5","2025-08-10 09:38:00.288"
"6ddbe2a7-0319-451f-9033-d43b16efa91a","cbaacacf-eed2-476e-abf3-b18def2c341a","254b44f8-6e58-4fb4-9959-95f06c89d675","PLACE","PLACE_REVIEW","5","2025-08-10 09:36:39.746"
"d5007ca1-1377-4dfa-a350-1fa539659e53","711edaa8-0261-4571-8dba-064aeac2e14d","2c6f826a-8737-41da-b520-e975f7aa2035","PLACE","PLACE_REVIEW","5","2025-08-10 09:36:38.553"
"a92ec544-94af-4bfc-a74a-4ab8e4c28e0b","c83a3b5d-a48b-41c0-bf91-e6699b8d17af","1c0a2f99-d323-41a6-911e-3527048bfbdf","PLACE","PLACE_REVIEW","5","2025-08-10 09:35:27.743"
"083ac86a-4481-43f8-9ed7-a456ed79ce66","d175a919-3a92-436b-87e9-42c78f9f72ee","2bdd00a5-74e7-48f2-ae51-e2ea28e30dd2","PLACE","PLACE_REVIEW","5","2025-08-10 09:34:55.943"
"74791ec3-1b91-4a06-b210-e9d259a3b4c6","c8ea2415-38e9-4ae7-bb49-b6e23856918a","20d101ab-94d1-42af-91da-532b30ef692f","PLACE","PLACE_REVIEW","5","2025-08-10 09:34:37.286"
"2abe2d4b-3333-4459-99a8-98efb419d4c2","37416688-8a55-4174-bc77-8100ce172e81","c526bf6b-cecb-4ae7-bda7-de6ed08286c1","PLACE","PLACE_REVIEW","5","2025-08-10 09:33:57.429"
"9d8f49c8-74a3-42ed-b22a-602ca16e7ab0","777ae3ad-1a14-4d6e-b688-03274af98e4b","c431b0c2-512f-4dc3-83ed-30141c781178","PLACE","PLACE_REVIEW","5","2025-08-10 09:30:25.544"
"f1f01363-017f-4c38-8530-08f1fdd08ffc","eefa6584-d22e-41b9-8dcc-ff291154d85b","1d9beb44-9e22-435d-8ac2-35f90d2443b3","PLACE","PLACE_REVIEW","5","2025-08-10 09:30:05.496"
"cc65e59d-b778-4c07-9223-af65712b7e73","3749bbe1-f3c4-4bc4-830e-3f3e6f2ddd02","2b40444c-b444-4e7f-aa86-e116ea5c7a20","PLACE","PLACE_REVIEW","5","2025-08-10 09:29:29.940"
"9a8fb2b2-6aaa-4675-9f29-be86a54138fc","7e7cd9a7-4088-447e-b40d-85f3f1379677","f861ce60-ecaf-428e-b60b-5663ca74829f","PLACE","PLACE_REVIEW","5","2025-08-10 09:28:24.656"
"2225b5a3-5fb0-47ce-8974-7658fb14e4fa","266baf9f-f57f-4cae-8364-e8eb9a91042a","0e38d6e5-336c-40e3-b644-c25d0294bb19","PLACE","PLACE_REVIEW","5","2025-08-10 09:25:22.869"
"4aad982b-6a52-4101-bf19-bce9f04b89f0","8f11c01e-3db6-45db-9023-9e51f42238f3","c2d067b9-ef69-4beb-8337-7e73d43b5227","PLACE","PLACE_REVIEW","5","2025-08-10 09:24:44.421"
"5ea810b0-86fb-4375-a391-ae499283ba4f","1427cc9f-2ca6-4ec1-8141-ef43b300d465","1bfd961a-9f86-4702-9171-f1f5e18f2ed5","PLACE","PLACE_REVIEW","5","2025-08-10 09:20:33.852"
"c706bb44-3785-4116-aaf4-ca6bf8a0236f","c43860ab-9fde-4c1f-a233-af4984e11b50","c2304212-a073-45a6-b566-18c295f46b05","PLACE","PLACE_REVIEW","5","2025-08-10 09:18:40.428"
"729f9a58-e436-4652-91f8-a1e505636459","9658bdc0-4133-4f82-b050-a09cd15c62b3","1bb7b2e7-4b9f-42c8-bb4f-0c17b3bbbc4f","PLACE","PLACE_REVIEW","5","2025-08-10 09:17:51.344"
"74b9d205-2bd7-4fd9-93c8-e934503d087d","6ba06a17-aac2-4a6d-a977-e104c9fe5b64","c16c0473-00a0-466a-be34-79395d07b07c","PLACE","PLACE_REVIEW","5","2025-08-10 09:15:35.045"
"885faa40-6c0b-4735-b2aa-025a24bc2533","0cb2a48b-79e7-4092-9bbc-cad3ac1c3a72","194db18e-d6a0-4287-8773-d375f580df2e","PLACE","PLACE_REVIEW","5","2025-08-10 09:14:25.494"
"0937b671-c3eb-4de6-bbf0-6644cae52049","e46a6356-f9e7-49b7-85c1-9210f2e9040d","cb9d702a-ef3c-42f4-9e34-0b3c464c2f99","PLACE","PLACE_REVIEW","5","2025-08-10 09:14:24.501"
"ff79eb21-1993-4962-96db-03554242c7a4","8c78fb24-7f03-4d98-8e7e-72027485e60a","f7b68bfa-3776-49f4-ba99-47e5b56b3122","PLACE","PLACE_REVIEW","5","2025-08-10 09:13:53.359"
"d1706656-9fbc-48b1-85a3-fc525ad060ef","e46a6356-f9e7-49b7-85c1-9210f2e9040d","cb579469-162c-4947-b6cb-f14d67866da9","PLACE","PLACE_REVIEW","5","2025-08-10 09:11:52.543"
"b1c4c05e-9862-494f-bf16-f9d1562f55c6","60790893-1979-4e52-b8b6-aeaad2e58610","c0603b1f-2c6f-43a5-9f21-6b75fe24709c","PLACE","PLACE_REVIEW","5","2025-08-10 09:11:34.161"
"1da91fdb-f2e0-47f0-943d-fb444faf13a0","fc1e7895-71a0-48f3-b38d-d3b52d48702c","ca2cbbd4-4cc5-48f7-bded-88a1304402bf","PLACE","PLACE_REVIEW","5","2025-08-10 09:09:37.982"
"bbb21f9f-6614-4c4e-8153-b1f14b2629b4","5b39c7cb-5a1f-4641-ba54-2cca83a8ea94","ca2cbbd4-4cc5-48f7-bded-88a1304402bf","PLACE","PLACE_REVIEW","5","2025-08-10 09:08:05.963"
"8ce9f12a-db39-4b7c-bd7b-16d889bfcea5","d7f67916-47e7-4bb6-b9b2-4985bdd1af69","c006758f-079a-40dd-9df1-f484d6fb06df","PLACE","PLACE_REVIEW","5","2025-08-10 09:06:30.933"
"6e5cce91-f396-4461-b2d0-4ad667e0c9e8","5b39c7cb-5a1f-4641-ba54-2cca83a8ea94","c980e9f6-189f-4ce9-86b1-5407ec370275","PLACE","PLACE_REVIEW","5","2025-08-10 09:06:30.027"
"6a7a5375-d67f-4138-9329-23a028c90ba5","5b39c7cb-5a1f-4641-ba54-2cca83a8ea94","c92ce86e-a22b-49a7-9bfb-f6f3b3d1f718","PLACE","PLACE_REVIEW","5","2025-08-10 09:04:53.132"
"5091db36-187d-45f2-b99a-319718d79068","5b39c7cb-5a1f-4641-ba54-2cca83a8ea94","c90c7c51-3142-4830-8f65-1d4ce6ccf9b7","PLACE","PLACE_REVIEW","5","2025-08-10 09:03:04.284"
"0c3bac7f-b6e3-49a2-a1ca-ffea0b041b86","5b39c7cb-5a1f-4641-ba54-2cca83a8ea94","c8879bd1-cd3c-48a1-8f61-2fb2c8101f1d","PLACE","PLACE_REVIEW","5","2025-08-10 09:01:28.732"
"56cd731b-b9a0-4f27-8d2a-22d7235f81ff","12ff6234-db87-40f1-ae8b-9075abe67ba0","b6015f19-5248-419f-aff1-85253e576de7","PLACE","PLACE_REVIEW","5","2025-08-10 09:00:36.884"
"93f012d9-91fe-4221-b9ab-c86525cd97e4","5b39c7cb-5a1f-4641-ba54-2cca83a8ea94","c7f50272-1f6c-4b11-bfd9-191540db76dd","PLACE","PLACE_REVIEW","5","2025-08-10 08:59:07.177"
"1f792592-9d50-4350-b52b-30d5a0b5840f","5b39c7cb-5a1f-4641-ba54-2cca83a8ea94","c71ee7cc-a091-418d-9972-8e7265b41acb","PLACE","PLACE_REVIEW","5","2025-08-10 08:57:41.179"
"fd11b375-d384-4cc8-b2f5-943470005b3a","5b39c7cb-5a1f-4641-ba54-2cca83a8ea94","c603f1fb-0113-45c8-a8c7-2ccd8f2f0317","PLACE","PLACE_REVIEW","5","2025-08-10 08:54:38.876"
"51446360-963e-4194-94db-ad4f357f5641","be780653-289c-4d6f-be5f-99765052c2f1","aff6f631-6e69-4b4a-b6d2-94ffc9a46edf","PLACE","PLACE_REVIEW","5","2025-08-10 08:50:55.055"
"8c06f4ea-7a59-4163-8dca-b4f9c38a1474","aa939dba-6402-41b0-9264-bf561877fcf8","f793bc89-5f0e-4626-a23f-2d748185f33a","PLACE","PLACE_REVIEW","5","2025-08-10 08:36:29.650"
"d5c1afb8-eb57-42e1-a52a-187205edb321","e62dbf59-9922-4765-b775-6eb053d321fc","0e3740e1-f6ba-4422-8a49-82604969691f","PLACE","PLACE_REVIEW","5","2025-08-10 08:25:01.757"
"9aec52a3-997f-4881-8272-78d9c170aa65","5b39c7cb-5a1f-4641-ba54-2cca83a8ea94","0b2b650d-697d-4f7d-a055-79a04a93f888","PLACE","PLACE_REVIEW","5","2025-08-10 08:11:38.461"
"58b4356e-d316-4eef-9692-1578d6270563","5b39c7cb-5a1f-4641-ba54-2cca83a8ea94","0b889eb5-c3b5-49fd-8781-4aec8c9c8836","PLACE","PLACE_REVIEW","5","2025-08-10 08:10:15.170"
"f41ff24e-63fe-464f-b50f-a127e6c76a82","5b39c7cb-5a1f-4641-ba54-2cca83a8ea94","e5b5cd6a-16b2-491a-b46a-9a6cd76ed199","PLACE","PLACE_REVIEW","5","2025-08-10 08:08:37.144"
"e15329a8-2b0b-4974-9271-eb157a8e03e6","5b39c7cb-5a1f-4641-ba54-2cca83a8ea94","0df51217-055b-4c3f-88cb-171c0358ac7a","PLACE","PLACE_REVIEW","5","2025-08-10 08:05:15.144"
"f60d2e33-a213-46bf-90f0-642d2eff9d9a","5b39c7cb-5a1f-4641-ba54-2cca83a8ea94","0c81a937-fc4b-46f4-81c6-f4f3a71da3e3","PLACE","PLACE_REVIEW","5","2025-08-10 08:02:35.142"
"4d44e296-002e-447b-9959-e70d3e013afc","5b39c7cb-5a1f-4641-ba54-2cca83a8ea94","0c60c7ec-f51b-42ab-8001-ab917c7c791e","PLACE","PLACE_REVIEW","5","2025-08-10 08:00:33.563"
"2015a842-9be4-47ef-a146-f6a7e1210bb0","5b39c7cb-5a1f-4641-ba54-2cca83a8ea94","0bb7f261-f639-4ccb-affe-70e9675ad2a5","PLACE","PLACE_REVIEW","5","2025-08-10 07:58:14.832"
"090ce328-9df6-4958-bb33-b00db67b8982","0fbf625f-18a6-4f7d-bcdc-ccf28bbeb904","02f5a6c2-5ceb-4d57-a7de-943ccbfc3aed","PLACE","PLACE_REVIEW","5","2025-08-10 07:56:57.741"
"95f4a3de-b450-4aaf-86c0-433cdbaad45e","e0bfb361-1367-4600-b34a-a651898e46d4","fe9a7080-1adf-4193-8f7f-38e08ece9aed","PLACE","PLACE_REVIEW","5","2025-08-10 07:50:25.935"
"3c792cc1-01a5-404f-becc-ea64d4eb1777","629658aa-c4a6-40a8-9414-a519fa9c7896","fe594032-0399-4645-b25f-97db90b84562","PLACE","PLACE_REVIEW","5","2025-08-10 07:46:08.142"
"ebec0887-34af-4970-83d6-5a0962386b72","628b3323-e3ef-450d-8e2d-41b991118f72","e502d0e8-74d2-431d-adf7-7fe765899cdc","PLACE","PLACE_REVIEW","5","2025-08-10 07:45:09.739"
"63a73b7b-21e0-485a-b195-cd2abc5c9eb4","b96c8671-a5bb-468c-9fa3-0c91d944f834","fb6fc8ab-8142-43a3-ac5c-39f2a0044409","PLACE","PLACE_REVIEW","5","2025-08-10 07:36:49.944"
"d735a4a4-7c81-48ee-8b31-a218ae29d8bf","e7ce1a20-ba0a-4907-b03d-b7b48bec7454","fb4a883f-36da-4f1a-95f0-0bcc01125b9c","PLACE","PLACE_REVIEW","5","2025-08-10 07:30:53.761"
"d0e1d028-ff5d-46e5-87a9-f783644fc493","a523f041-32a5-40c7-b3ae-a94e50987969","e40f5c35-4b41-4b8a-934a-36d37d6d3069","PLACE","PLACE_REVIEW","5","2025-08-10 07:24:58.025"
"ace99bd2-2514-4ce2-9388-9d6620a64405","4499bca3-15a6-4d92-9e9a-41305ce22e21","c006758f-079a-40dd-9df1-f484d6fb06df","PLACE","PLACE_REVIEW","5","2025-08-10 07:17:29.089"
"6f8065b9-4f33-4a10-8256-12088699ad0c","6fb7a922-5100-4d2a-9d45-92139c1d798f","f6c186aa-10bc-4ad7-8fd8-3e05c9b91227","PLACE","PLACE_REVIEW","5","2025-08-10 07:09:37.075"
"87445e1f-e7eb-4d11-b9f6-f70438e00ad0","af7ccce4-aab9-4f5d-b975-b453f5db63c3","f498e0df-40e2-4a3f-a895-3b3aa0beb334","PLACE","PLACE_REVIEW","5","2025-08-10 04:14:35.138"
"fa7a4e14-1be1-45f9-80cd-33127b6f4232","ee5f1fde-94bb-44f8-bdaa-7f613417140a","e5b5cd6a-16b2-491a-b46a-9a6cd76ed199","PLACE","PLACE_REVIEW","5","2025-08-10 04:11:33.654"
"ee069e91-ce00-4db6-9423-403e40e92df1","edd8ee4a-6fb4-4422-b6d1-9ae26046cf69","f45a6f96-0935-4692-ab7e-010ac4719b15","PLACE","PLACE_REVIEW","5","2025-08-10 04:09:44.444"
"7ebfcb14-d982-4db5-8b82-6a26a9373763","0811f40f-619f-4eb0-acac-6ff4e1203073","e56f798d-d841-49dc-8627-a0289ca07547","PLACE","PLACE_REVIEW","5","2025-08-10 04:03:46.758"
"fe54bc58-5c98-42ff-af03-b0c1a726c9e3","5543210a-1244-44e8-9713-36f9afaa3c14","f2b276f2-da6f-4c4d-b148-e847720882a8","PLACE","PLACE_REVIEW","5","2025-08-10 04:02:15.655"
"c73f77d9-872a-404d-9c56-05d433040a44","182d9276-7afe-4371-8b25-fb7277adcc62","f04f5e13-1026-447e-aa61-00a0746a91a3","PLACE","PLACE_REVIEW","5","2025-08-10 04:00:41.355"
"77fcad8a-b43b-4de7-a6ec-f6042ccd2943","5396fe02-a838-49c6-b0c6-ff8db0a448ce","f04f0409-ac4a-4989-81fa-1190d66775a1","PLACE","PLACE_REVIEW","5","2025-08-10 03:59:08.350"
"22b1cd7a-4956-492f-875f-1903e48b51c6","df6effe2-5ea3-48eb-b23f-603faa902a9f","f0407471-8992-42f8-a5d8-8af68398c86f","PLACE","PLACE_REVIEW","5","2025-08-10 03:56:59.242"
"fd661395-d6db-46c3-acd2-fd6311efcda6","3718faa5-f29d-41d9-8f5a-5df7ea7d4549","efaf6351-0bec-477c-b20b-020ebaa7184a","PLACE","PLACE_REVIEW","5","2025-08-10 03:55:00.160"
"331f7431-2f27-40b7-b8e0-e2f50001c563","e8fac9ae-9434-49da-acf5-483c6053f6e6","e66f9c70-638f-4484-9a8f-d5ee5e41824c","PLACE","PLACE_REVIEW","5","2025-08-10 03:53:03.444"
"5e1cb5a3-058e-4221-8c30-36425a629f39","eac988a7-464b-4a4e-b039-fd350c350f59","e6c6f49d-024d-4590-9a09-b037d5056632","PLACE","PLACE_REVIEW","5","2025-08-10 03:51:28.115"
"e990b56d-51c5-40b2-b170-cc1d583e4118","79f7eff8-6c8e-45dd-9e46-124024711fa2","e9001d6f-5566-42eb-a1fc-81272c4edd55","PLACE","PLACE_REVIEW","5","2025-08-10 03:49:08.185"
"e2401388-19e2-4561-aa5d-19f58dedf616","c68a209d-3b4d-4cfb-b70e-89d7d3ee29e3","e94d4c0b-a3d0-46a5-8171-09c47c7be9e9","PLACE","PLACE_REVIEW","5","2025-08-10 03:46:09.567"
"d6858aa6-1232-4b73-8df8-cdaace5d7287","d0b08332-d044-4b09-bf9d-ad9771266fd5","ef196eca-f7a7-4992-b0e8-c8bc3950a2fb","PLACE","PLACE_REVIEW","5","2025-08-10 03:42:54.754"
"46e4f63d-a3cd-4d8b-92a1-c80e2d90751c","ae07c3d8-7227-4b91-b87d-09c3233025a5","c0603b1f-2c6f-43a5-9f21-6b75fe24709c","PLACE","PLACE_REVIEW","5","2025-08-10 03:36:15.565"
"216aa25e-a299-4ba5-aced-973b59a6890d","85df1fa4-c57a-4e99-ba17-3ce06407fafd","d1c8356b-1568-44bc-87d2-8f3e3196f5d5","PLACE","PLACE_REVIEW","5","2025-08-10 03:06:31.358"
"ec2fcf86-f09d-487b-a93a-756f3dd70f36","93b31fc6-0ad3-4117-8d38-4d2616359b31","d883f2f8-70d9-4d44-9152-dcf7045ca69e","PLACE","PLACE_REVIEW","5","2025-08-09 16:21:24.947"
"dedaa3e2-55da-4108-83fd-bffc1eaff4cf","85df1fa4-c57a-4e99-ba17-3ce06407fafd","de1e86f3-1d95-4cfe-9425-040fec0ffd5c","PLACE","PLACE_REVIEW","5","2025-08-09 16:18:39.045"
"e52d63e5-aa98-4343-bf14-eafd148eb11b","93b31fc6-0ad3-4117-8d38-4d2616359b31","d8154c65-ad1e-4bd7-a7da-ebb58b96e5c0","PLACE","PLACE_REVIEW","5","2025-08-09 16:17:20.382"
"ec4ef334-83fb-44be-93a6-7486aa0373a9","16ab84d9-7bef-4571-8c4b-c1d1e9032971","dd9fc698-8b97-44c7-a5f7-35c282d821be","PLACE","PLACE_REVIEW","5","2025-08-09 16:14:12.549"
"69116d87-24c7-4646-a1c3-8426f8bdceec","346e92bc-f7a8-40f4-a9ee-8bdd9d2a6d5f","d7721231-3a81-48f6-b8aa-877ff402646b","PLACE","PLACE_REVIEW","5","2025-08-09 16:02:21.944"
"da0fcf34-d69a-4222-a83c-2b21fe2e84da","952ea11e-84ce-4ade-9dd2-246d085a4fce","dd15cca6-8954-4d82-b0ce-3f9bedc16f23","PLACE","PLACE_REVIEW","5","2025-08-09 15:54:57.445"
"e73fb52b-6160-47d9-8707-721cb93905be","aa2d8583-efe4-41cc-bfa4-c3b780483419","dcf29e21-b2a4-47f1-94de-5944a53d542f","PLACE","PLACE_REVIEW","5","2025-08-09 15:52:05.974"
"2409fad2-48fa-4d03-8009-6793a5788600","d1b54e92-ccc6-42a0-835d-74085e0a73e1","d72432a7-6d17-4679-8231-a361d694a762","PLACE","PLACE_REVIEW","5","2025-08-09 15:45:25.740"
"63ad04b1-6dcb-4911-891d-e82c52235a08","ae07c3d8-7227-4b91-b87d-09c3233025a5","dc18bf11-1cfc-463d-9d1d-4bba8b758296","PLACE","PLACE_REVIEW","5","2025-08-09 15:42:51.501"
"79f1ff34-7e98-4cf8-afa5-92d7748d2467","e82e84e1-757e-40f8-b7e9-e2000b1070c4","dac57f60-4d3e-4582-aaf0-03228584e476","PLACE","PLACE_REVIEW","5","2025-08-09 15:38:45.640"
"8b95666e-e8be-475f-8a71-436911cea738","e0f18dae-3ef8-47c2-a042-68ed8bb17232","d8985c1b-5fb7-4908-96c2-368afc50d5f8","PLACE","PLACE_REVIEW","5","2025-08-09 15:32:42.759"
"b11663ea-8a7c-4bdb-a6ae-73b54e249824","09745c95-b859-46a2-b749-bbbbd0c2bcb3","df20c52c-ecc7-4330-b0c5-ebb4530dd20e","PLACE","PLACE_REVIEW","5","2025-08-09 12:14:01.373"
"13975640-ef99-4951-a844-546a9d3b95ff","6c9b7208-285e-4b54-927f-f33af9ba850e","df9cb35a-8c96-4128-b698-142e9e8a5528","PLACE","PLACE_REVIEW","5","2025-08-09 12:12:13.263"
"68961f29-dd6a-4c88-89cf-796fa10c5a35","dae96fd7-a794-4f66-80ee-15a0bc3984d9","e0446860-e754-408c-b9a9-53d428a4df82","PLACE","PLACE_REVIEW","5","2025-08-09 12:10:25.131"
"fe8583cf-b83b-426c-86a2-5cb14c27c468","c00de010-7cff-4563-a8a5-7ade540ebf20","e13256d2-820e-4eb3-898f-c590c39a5d3e","PLACE","PLACE_REVIEW","5","2025-08-09 12:07:51.052"
"c8803130-09cd-4a8c-a1e2-581f347ddbd1","50e63d5a-8bf4-444a-8d8a-dab28d925c96","d020805f-ac91-4299-8ebf-e398710049c0","PLACE","PLACE_REVIEW","5","2025-08-09 10:53:18.340"
"0f234138-1935-401a-a309-ec639611341e","be44b683-b0af-462f-9dd7-7faef33e272f","9f7fb803-d7ed-4c5e-9de2-e757fe4b8459","PLACE","PLACE_REVIEW","5","2025-08-09 10:39:12.633"
"ac59b880-78b7-44b5-9d8a-01411217a669","9491de74-7c8c-48bb-8987-001d16b64499","58133e0c-1a05-4782-9d67-9f39ef080eac","PLACE","PLACE_REVIEW","5","2025-08-09 10:38:45.635"
"acedbf27-a663-4cc7-82bd-6dd9bb8b0389","3cc9d5d4-2b6c-465b-a278-86f795c955b5","d020805f-ac91-4299-8ebf-e398710049c0","PLACE","PLACE_REVIEW","5","2025-08-09 10:31:35.507"
"1cfdda28-1ae9-44c3-81ff-b1cec959ff40","3cc9d5d4-2b6c-465b-a278-86f795c955b5","cf86b240-a47e-43dd-8370-daba1915c156","PLACE","PLACE_REVIEW","5","2025-08-09 10:28:32.986"
"0d0583e0-5488-486d-9256-2e4928d804bc","0c889aab-6a1d-437b-8aa3-02d9d13180d4","cbe732de-af51-41f7-a53e-e6d8b0593279","PLACE","PLACE_REVIEW","5","2025-08-09 10:18:25.543"
"d6805f68-eac3-4ba1-9100-50b0827dc00a","955be773-6302-4398-bcad-87e0bb7b4b69","9f7fb803-d7ed-4c5e-9de2-e757fe4b8459","PLACE","PLACE_SPAM_REVIEW","5","2025-08-09 09:31:51.345"
"d9973ac8-9c8c-4f7e-8884-5faaf660cb81","3c7c5de6-ab89-43c0-b3bf-9b4eab6336da","d72432a7-6d17-4679-8231-a361d694a762","PLACE","PLACE_REVIEW","5","2025-08-09 08:51:59.436"
"94df263d-6cbb-4901-bc62-a7f1d3283b92","cb76619c-3fa0-489b-8064-6915f2613fb8","d43ee1b7-6381-4068-8055-8107d459327b","PLACE","PLACE_REVIEW","5","2025-08-09 08:48:46.608"
"3f6a1d20-cbeb-4842-bf62-7ce9dc985967","62c58567-b665-4449-89e6-39c9188775a6","b6a18dda-7041-44f9-b022-bb4e2fadd7ed","PLACE","PLACE_REVIEW","5","2025-08-09 08:44:48.080"
"2622001f-6a0e-42e3-bbf5-c5c034702c0a","d76ddd9a-0447-4cde-bdf0-97cb297876a9","bc27b212-e34a-4af6-b897-f925d04203e7","PLACE","PLACE_REVIEW","5","2025-08-09 08:41:53.873"
"6db23cfe-9f41-417a-8d71-69746de98c54","9d041551-61c0-4eeb-a0c1-aafde34b01d5","d2ec5f9a-cc1f-42f3-9606-e98ecc37a746","PLACE","PLACE_REVIEW","5","2025-08-09 08:40:02.130"
"2115abe5-0e58-4d26-9fd9-bbdc8fb85cb5","fd5b434c-884c-4b92-9ada-ef5bf245b186","bacb594f-ddc4-4fe0-88c7-27d4c07677ec","PLACE","PLACE_REVIEW","5","2025-08-09 08:37:22.273"
"d782e910-c6a0-4216-9d95-9a1711fb5d40","4229e21d-e8b5-4329-abe9-b739cf059197","d23e89a5-1a80-4477-b8e6-caa2369d193e","PLACE","PLACE_REVIEW","5","2025-08-09 08:34:44.333"
"a3d13299-0bf2-4bba-8eba-54c49fa19264","3fd1f26d-70b6-48d1-aea8-ceb71594f48a","d22ba7a9-fa3d-49cf-9beb-0d20bd63f2cf","PLACE","PLACE_REVIEW","5","2025-08-09 08:31:31.405"
"f55cce72-a8af-4aad-83fc-32bfa20bafb3","0c889aab-6a1d-437b-8aa3-02d9d13180d4","d8154c65-ad1e-4bd7-a7da-ebb58b96e5c0","PLACE","PLACE_REVIEW","5","2025-08-09 08:27:28.230"
"f9bbceae-b799-42f3-8957-cded21861dfa","1b9e5b75-21db-4c20-b70d-55678b702eb5","cc8f8cb6-e3db-42e5-87b6-36eec2838e12","PLACE","PLACE_REVIEW","5","2025-08-09 08:25:59.985"
"78b770a0-b8eb-4619-9453-eb5ed6f4166a","a93aeae1-5b7a-4e12-93b5-e684a1c1455c","d7721231-3a81-48f6-b8aa-877ff402646b","PLACE","PLACE_REVIEW","5","2025-08-09 08:25:27.531"
"0dfb09e9-9665-4d64-88db-5745c2ae93a4","de37c889-cf09-4d76-9e08-f46452fd9be4","af08f946-a3ea-4a95-b2d1-c96ef8d608b7","PLACE","PLACE_REVIEW","5","2025-08-09 08:23:54.931"
"9534c690-1357-43f9-99e1-522f174efeb4","960b3e42-a604-4c69-9254-d4b4685758be","cbf5ed08-4b2d-4e1e-89f6-bbc9c135a2e7","PLACE","PLACE_REVIEW","5","2025-08-09 08:23:29.956"
"caf09f15-14e5-4943-86bc-79b3a51caf53","26940921-3881-4fd5-9e14-d6a732999a5d","cbe732de-af51-41f7-a53e-e6d8b0593279","PLACE","PLACE_REVIEW","5","2025-08-09 08:13:49.539"
"b5106a1e-1ba0-47a8-ac85-0a17745cb605","bf697de3-6ac6-4521-aa1a-53465ba2825d","d1c8356b-1568-44bc-87d2-8f3e3196f5d5","PLACE","PLACE_REVIEW","5","2025-08-09 08:13:42.148"
"45056c8b-dff2-4c37-94c6-a17320a56902","3a25defc-bf6b-4221-98d5-2058b18718d1","cf0f2fa5-f75e-4f82-b8fe-0328cae6f9c0","PLACE","PLACE_REVIEW","5","2025-08-09 08:12:38.343"
"4458a740-0e74-482b-b7ac-26f8f37e7fcd","b43c8950-5974-4421-897f-cd86016496a4","cbaa318c-74a2-4dbe-9a90-cde1403d2364","PLACE","PLACE_REVIEW","5","2025-08-09 08:11:11.071"
"0e2dd2fc-9737-4891-88cd-d389a832c927","2ceecb0e-d678-4619-a4e6-8a417dd5290e","9f7fb803-d7ed-4c5e-9de2-e757fe4b8459","PLACE","PLACE_REVIEW","5","2025-08-09 08:09:19.445"
"12e2dcf1-8680-4ba6-b627-65048f8e06ea","6cb23e17-097d-43f4-aa4e-9f362e6f3b6d","cb9d702a-ef3c-42f4-9e34-0b3c464c2f99","PLACE","PLACE_REVIEW","5","2025-08-09 08:05:03.859"
"e9516e05-4930-448a-9d2e-fda0ce370d4c","823e2629-5dea-400a-b79f-ea4dad84509e","78016aed-04de-486d-b50b-7cc139e35b4e","PLACE","PLACE_SPAM_REVIEW","1","2025-08-09 07:43:01.437"
"3c93b21a-58a8-45ac-b9e0-3acac7177e25","6a281c59-fcfb-4d69-af10-9105138707df","7648fdb8-0e1a-42ff-88e9-a92e74d83251","PLACE","PLACE_SPAM_REVIEW","1","2025-08-09 07:33:35.137"
"11bcfe12-8f93-4d54-8422-14fdbddae1c6","70a16bc5-10b9-4703-95c6-0da37c28e741","aebd58ad-1c9f-4ed7-a411-1a4154747131","PLACE","PLACE_REVIEW","5","2025-08-09 07:31:13.036"
"45049baf-0610-42c3-9abc-da905f6ccc75","c4452293-fb3e-4b33-a1a9-f3d3e13d5662","ad461974-068e-478e-9c3a-c975acfffe7c","PLACE","PLACE_REVIEW","5","2025-08-09 06:31:04.151"
"dee2c0ca-bda5-4e8d-bf6c-c82ce0b5746b","e1b4af09-f382-4fc9-91a3-4ee30c151f5b","acd061ef-d92b-4bd8-8bfa-a5bc74c08928","PLACE","PLACE_REVIEW","5","2025-08-09 06:27:16.832"
"63bf2944-40d9-44f8-a62b-9edb98c54230","73476485-43f6-47cf-ba01-66f217e4019b","ac7e8ef1-42c4-4d47-8a35-cb0aa4565dff","PLACE","PLACE_REVIEW","5","2025-08-09 06:25:22.238"
"f70b1f9f-8cc9-4526-9903-790f9b4df759","94aa46a8-8987-47c1-89e2-c3f9d9001aff","ac296ff2-de9a-4701-a9f0-348816cd3db7","PLACE","PLACE_REVIEW","5","2025-08-09 06:23:24.068"
"5da75b76-7562-4331-a59d-d91af0b5034d","0758d086-ec8c-4a5e-ad4e-a691a61a4260","aba74ade-82ac-4d17-9703-cb4bf55e80c2","PLACE","PLACE_REVIEW","5","2025-08-09 06:21:26.052"
"b9b28870-30f9-4bb4-87e8-1f339a7cc102","426582ab-d795-4b61-800c-b3d52cbf596e","ab756bbf-85b9-43dc-8e5c-1fe5ac5cdc9d","PLACE","PLACE_REVIEW","5","2025-08-09 06:19:01.936"
"721ba18a-7682-4d76-b18b-ea55abd76e87","f53d4ce6-81ee-44da-a46b-f76e937c145f","ab3a8464-083c-4004-a4aa-b2a31a5b308f","PLACE","PLACE_REVIEW","5","2025-08-09 06:16:20.136"
"7d8c6ba9-4a0c-490d-9c50-192dc2b016f9","14c5658b-1afb-49d6-93b4-3a769b47a714","aa429827-85a1-4470-bb89-8d9621d78d5c","PLACE","PLACE_REVIEW","5","2025-08-09 06:13:11.942"
"18b7971b-33fd-4c07-b386-816534260dc7","0aafccfa-e49a-4411-9982-0cda5eafc1f2","a8a731e4-837b-4c92-9a7f-483de06589e8","PLACE","PLACE_REVIEW","5","2025-08-09 06:10:12.849"
"e0210fb7-b664-497a-8088-5e62de415eb4","95f4a11a-613f-4aaa-966f-3be191eeee5a","a4b32691-772f-4afa-a134-542a60308a4f","PLACE","PLACE_REVIEW","5","2025-08-09 06:06:12.382"
"609ec003-56e7-4811-8f72-de70cd766de6","859e8f39-8052-4043-b0df-f08b48fac26e","9f7fb803-d7ed-4c5e-9de2-e757fe4b8459","PLACE","PLACE_REVIEW","5","2025-08-08 13:16:58.662"
"aff0486d-2503-45e2-a4b9-75b4b402a8dd","859e8f39-8052-4043-b0df-f08b48fac26e","9f7fb803-d7ed-4c5e-9de2-e757fe4b8459","PLACE","PLACE_BOOKMARK","1","2025-08-08 13:15:01.776"
"bfef12b5-ca25-4e7d-b9b2-abbf9b5daa39","c83af854-40bc-409c-b9d3-5bb12826725a","ea4ff208-85a0-436c-977a-4e55cafbf0d9","PLACE","PLACE_REVIEW","5","2025-08-08 02:19:34.598"
"9eb586f8-fc5c-4344-ba3b-f7144036ee6b","dad8a9bf-c2ee-4103-9955-da42d13c938f","2a7420b3-66c6-4b2e-8a77-903117382acd","PLACE","PLACE_BOOKMARK","1","2025-08-06 12:11:34.171"
"1f3f40d9-b3c0-4354-838a-92d29eb1c77d","dad8a9bf-c2ee-4103-9955-da42d13c938f","9f7fb803-d7ed-4c5e-9de2-e757fe4b8459","PLACE","PLACE_BOOKMARK","1","2025-08-06 12:11:32.876"
"a919f978-aeda-4c13-a49b-2f5dde21e67c","dad8a9bf-c2ee-4103-9955-da42d13c938f","a5576de2-4762-4f97-8701-5e0445cba39b","PLACE","PLACE_REVIEW","4","2025-08-06 12:10:35.789"
"fbbcb23e-ae4a-4b40-a6eb-bdf5e27920e7","dad8a9bf-c2ee-4103-9955-da42d13c938f","a98877c1-214e-497d-8608-9ee7de066a74","PLACE","PLACE_REVIEW","5","2025-08-06 12:08:44.092"
"49db4e62-a0cd-4d11-b7c4-1668bca3c590","d1dd84f7-4dae-410d-9c30-1af5bc5bfbd7","74334e2a-8d60-49a3-a028-a4c67a9ffbe7","PLACE","PLACE_REVIEW","5","2025-08-06 07:25:41.857"
"246f56cb-d3ee-4c1d-8792-b1b0c92ee534","910b40e7-a173-4a3a-8c3d-d937bffb09bf","ec7b9412-90c3-4fa4-81c4-a154b50de033","PLACE","PLACE_REVIEW","5","2025-08-06 07:23:32.473"
"869eae06-2978-4445-9b76-5e1a0c8d3da0","370e8fd9-1868-4bac-b504-1f0f50900abb","702dfbf3-d8e9-4379-bcb9-55e44c5b90f0","PLACE","PLACE_REVIEW","5","2025-08-06 07:21:06.551"
"b43d0099-6db4-456f-8428-c291933146e7","a5a82546-724a-438b-8b74-855f242a91ba","6ac8d4dc-0d6b-4506-a62b-3513431952bb","PLACE","PLACE_REVIEW","5","2025-08-06 07:18:46.709"
"2cbe51a8-639e-4b1b-848b-d6f6f8cc4254","048619bb-fb63-41c5-be65-b32d69e099a6","b8ac81b3-2591-4b6e-ab60-b41f6e987b72","PLACE","PLACE_REVIEW","5","2025-08-06 07:16:43.331"
"2aa5aba2-3b7d-4d87-be4c-ca4f441c1fde","6137792e-e795-4b4c-a127-85596662198f","ad5a0b1d-9b5d-4e75-8be7-703efcb0a1cf","PLACE","PLACE_REVIEW","5","2025-08-06 07:00:34.829"
"9f5b3e68-521f-4176-9e79-f4508bb82b0a","8234392c-0396-4059-a056-7e6fa3a8a625","5569a4af-d2c4-4e9a-b8ca-a727eff162c8","PLACE","PLACE_REVIEW","5","2025-08-06 07:00:30.814"
"5f74f9f9-0946-4252-81de-30ca8455d296","7979d147-d79b-42fc-93c4-d14acd637dbb","f035c49b-c76d-4428-91b8-0d52f3b27531","PLACE","PLACE_REVIEW","5","2025-08-06 06:59:15.449"
"b302ae20-ce31-4d4c-8ac8-529fdea2f3ea","4d61eb37-a033-4bf9-9f33-e957a8bcfc76","a26134dd-21ea-45dd-9f72-0b96d026229f","PLACE","PLACE_REVIEW","5","2025-08-06 06:57:38.330"
"3b5c3a5a-6c50-445b-848f-be783c44d134","f342508a-cbed-4e21-ace8-6016a0357895","99ccb42f-989e-4a88-9c57-d76c3ba2850b","PLACE","PLACE_REVIEW","5","2025-08-06 06:57:27.536"
"8a36dcfe-a918-4fdc-9642-ec2f989dfa6d","7edb42f3-cfe2-42ca-854f-3526a7ba5df0","a26134dd-21ea-45dd-9f72-0b96d026229f","PLACE","PLACE_REVIEW","5","2025-08-06 06:56:06.082"
"4ea8c9c5-2659-48d0-bcd0-082a445c433c","ead5e1ca-fd45-41ba-a1c0-c129984f4a3d","a26134dd-21ea-45dd-9f72-0b96d026229f","PLACE","PLACE_REVIEW","5","2025-08-06 06:54:20.335"
"bf95b750-4915-4111-8f3c-075ea01a699d","112e4345-456f-4d74-9121-97b9d8ffad7d","5569a4af-d2c4-4e9a-b8ca-a727eff162c8","PLACE","PLACE_REVIEW","5","2025-08-06 06:52:49.932"
"ac8a8cd1-4fc5-468a-8cf6-a4108b54f653","ccea3d71-a945-4c2c-ae80-5b59faa3b92c","b165a65d-124a-410e-ae67-2d0b45a568be","PLACE","PLACE_REVIEW","5","2025-08-06 06:51:30.639"
"e381f7ac-7695-4241-a354-79215e47298b","3e93a8b0-abf3-453e-85d7-9bd28c74cb91","722372b5-b847-41a9-a053-5c78463a4d22","PLACE","PLACE_REVIEW","5","2025-08-06 06:50:59.247"
"8a07ce27-24b1-4730-b55c-53bb46d7f575","1435213c-2e9f-4580-b412-6f423067d52e","f035c49b-c76d-4428-91b8-0d52f3b27531","PLACE","PLACE_REVIEW","5","2025-08-06 06:49:40.649"
"ebe2c358-2425-4501-bd55-8f2f8725cbfb","eb3c7942-fa66-4d05-9469-b95691df71af","eb09c8c6-099c-4610-ac40-d0f8b639b244","PLACE","PLACE_REVIEW","5","2025-08-06 06:49:40.344"
"841d4642-03f9-4300-a391-59921610d08b","eec30db2-5e50-4292-ab53-784ab826f93e","a26134dd-21ea-45dd-9f72-0b96d026229f","PLACE","PLACE_REVIEW","5","2025-08-06 06:48:06.370"
"c90d9098-061d-4011-915b-a497e9963e1d","64819a8b-a9c9-4bdb-82f2-08fc854b07aa","4e5edfed-51e5-499f-9c37-428427227502","PLACE","PLACE_REVIEW","5","2025-08-06 06:44:39.435"
"97f049a6-8aed-45b1-84ce-37ca3f5e9374","00576014-348e-409b-a9bd-71f519403fce","eb09c8c6-099c-4610-ac40-d0f8b639b244","PLACE","PLACE_REVIEW","5","2025-08-06 06:43:31.239"
"5a547f22-f14e-43b2-9c6e-2cffc4b3482f","39020e9f-c63a-4907-8511-5674738bf93c","5569a4af-d2c4-4e9a-b8ca-a727eff162c8","PLACE","PLACE_REVIEW","5","2025-08-06 06:43:05.120"
"690e32b0-4bb3-4bc3-b163-362b03bd2494","dbac8602-b9de-4237-a189-f1a5cdd2e724","ca56fcce-29de-4b05-94f9-65ecdce36e79","PLACE","PLACE_REVIEW","5","2025-08-06 06:40:43.654"
"2413cc94-8b55-449f-8019-f3e683e302f1","73f3c20d-12b1-4c5d-b83a-dcbf004a7c2c","99416205-c5f1-414d-a956-82d273355a4e","PLACE","PLACE_REVIEW","5","2025-08-06 06:39:10.975"
"7af34970-c399-46eb-befa-48e2923b3193","605d53ee-be1d-4299-8c03-d70309deae02","0f8a8233-06b6-4841-8469-1c95b1f87360","PLACE","PLACE_REVIEW","5","2025-08-06 06:37:51.178"
"af67e92c-8fa0-4181-a512-0addc7062643","540e7153-9935-4568-9db2-aa34393c982c","265f732e-9b2e-4e20-b676-a76eff6b57c2","PLACE","PLACE_REVIEW","5","2025-08-06 06:25:58.491"
"26939eaa-3f2b-47e2-825c-f9b36efffadc","54861fc5-950f-4bce-8bef-cf7a1f0510ab","265f732e-9b2e-4e20-b676-a76eff6b57c2","PLACE","PLACE_SPAM_REVIEW","5","2025-08-06 05:59:21.254"
"0f3a11bd-c0c2-438d-aa23-fd826c05f0eb","a7ad66d9-2001-483b-b9ad-579fe2337ac0","265f732e-9b2e-4e20-b676-a76eff6b57c2","PLACE","PLACE_SPAM_REVIEW","5","2025-08-06 05:56:11.234"
"3d745b6f-ef6b-4cb9-a9fd-5ecf5fd60003","955be773-6302-4398-bcad-87e0bb7b4b69","265f732e-9b2e-4e20-b676-a76eff6b57c2","PLACE","PLACE_SPAM_REVIEW","5","2025-08-06 05:51:55.059"
"47c343ea-0fd8-4f19-aa01-61b6b3832fab","54861fc5-950f-4bce-8bef-cf7a1f0510ab","84dbddc5-9ab7-4e02-b767-a8869579fb39","PLACE","PLACE_SPAM_REVIEW","5","2025-08-06 05:50:49.936"
"f7cdbfc4-e9cc-49c1-b296-8b7dd4e35e0e","384cfc7a-c948-4944-930b-f85458111363","eb4fb147-6ef9-450a-8510-b18715ac94ab","PLACE","PLACE_REVIEW","5","2025-08-05 15:17:34.461"
"2bc3a13a-8a95-4ada-a1da-efc22d996d0d","6aebad48-0773-4d7d-858b-bf4dc8952c42","eb09c8c6-099c-4610-ac40-d0f8b639b244","PLACE","PLACE_REVIEW","5","2025-08-05 15:01:34.404"
"439b433e-bb28-4f59-abec-8d667dddfa54","22dd661f-483a-43a0-b7c0-530af8790f0c","1fe8c4b4-216f-40a8-bef1-b8aeea213967","PLACE","PLACE_REVIEW","5","2025-08-05 14:30:33.161"
"40668184-6725-4562-b108-62e7b6cab631","55569a5b-9ce5-4dae-bd13-285c51aaefda","3bba84ae-9fb5-44b4-8095-efb2fe40a521","PLACE","PLACE_REVIEW","5","2025-08-05 14:28:43.048"
"a714ee1e-ad88-4c2f-a6ac-15fd2c393c37","36d133a9-5143-4c05-b05e-8acb12db31af","16d0435c-7290-4999-89a0-5d8e9ad1e336","PLACE","PLACE_REVIEW","5","2025-08-05 14:26:58.853"
"f7987b13-a481-4d3d-93c8-7dc169c432ab","823e2629-5dea-400a-b79f-ea4dad84509e","265f732e-9b2e-4e20-b676-a76eff6b57c2","PLACE","PLACE_REVIEW","5","2025-08-05 14:18:43.289"
"f7461ae4-8d34-4a20-8fcd-103f263fc10f","154db594-6f4f-4caa-a872-e37f41e42aa8","265f732e-9b2e-4e20-b676-a76eff6b57c2","PLACE","PLACE_REVIEW","5","2025-08-05 13:56:14.584"
"f42de9fb-91ad-424b-a379-96cb258f2a29","a494b6cd-7af8-46e5-ad1c-ebdad4f34ca4","265f732e-9b2e-4e20-b676-a76eff6b57c2","PLACE","PLACE_REVIEW","5","2025-08-05 13:41:08.824"
"28b7f3b1-32a8-4003-92da-e95d6590bbd5","f09654f6-ce28-4c68-93a3-553b63362133","265f732e-9b2e-4e20-b676-a76eff6b57c2","PLACE","PLACE_REVIEW","5","2025-08-05 13:37:51.359"
"fa844a6f-8efd-41fc-ab17-6029c5150835","ac44ef95-f98e-4e49-96aa-6b5dfeda28e3","265f732e-9b2e-4e20-b676-a76eff6b57c2","PLACE","PLACE_REVIEW","5","2025-08-05 13:35:10.054"
"7813bb38-de27-47ba-a285-c8f3574982d0","734c2df9-1975-453d-b276-3c37f64906a8","265f732e-9b2e-4e20-b676-a76eff6b57c2","PLACE","PLACE_REVIEW","5","2025-08-05 13:33:46.539"
"e8e3803b-8ca5-42ad-83d3-b6c4a74cf432","e9e9bca5-f844-4499-92e0-afe759d3ac79","265f732e-9b2e-4e20-b676-a76eff6b57c2","PLACE","PLACE_REVIEW","5","2025-08-05 13:31:13.656"
"fca8e2d9-1811-486c-b96f-bb83b08c6d08","6e1482dc-d8f7-4cc5-9cc5-08dd992b1a6e","0f8a8233-06b6-4841-8469-1c95b1f87360","PLACE","PLACE_REVIEW","5","2025-08-05 13:17:35.148"
"d0617cd2-3a60-4181-a614-bd867eceb73c","27fbe973-4dee-4a04-8f52-ae661ab19cb9","b9aff4ed-1d30-4c75-b4bf-09c342de747f","PLACE","PLACE_REVIEW","5","2025-08-05 13:17:00.766"
"3bfc6aee-7468-453c-ba41-a32c7a39c321","71d6563f-b87f-4e05-988b-6a298678ccc9","84dbddc5-9ab7-4e02-b767-a8869579fb39","PLACE","PLACE_REVIEW","5","2025-08-05 13:13:03.171"
"a265f454-7b05-4123-ac98-af7155577f1d","4c7abf4a-548b-41be-becb-8e4e0e105045","16d0435c-7290-4999-89a0-5d8e9ad1e336","PLACE","PLACE_REVIEW","5","2025-08-05 13:12:02.854"
"cb728125-8b7f-47b7-8e71-f64b302c833f","b9c978b3-aded-4b05-aed1-84f3f36795d6","265f732e-9b2e-4e20-b676-a76eff6b57c2","PLACE","PLACE_REVIEW","5","2025-08-05 13:10:03.858"
"b04ca749-ea64-4392-8f5a-94bda22dffea","6e1482dc-d8f7-4cc5-9cc5-08dd992b1a6e","265f732e-9b2e-4e20-b676-a76eff6b57c2","PLACE","PLACE_REVIEW","5","2025-08-05 13:08:46.594"
"3b35e4eb-d9c4-42ab-ba31-6581d01d82b6","03b09d31-1dcd-46b0-9af5-8627f5260dc0","f035c49b-c76d-4428-91b8-0d52f3b27531","PLACE","PLACE_REVIEW","5","2025-08-05 11:55:48.414"
"ec56d88a-ddad-4977-ada8-10484320929c","7bf410de-1e3d-4476-a6a5-b6d2868f9d9c","265f732e-9b2e-4e20-b676-a76eff6b57c2","PLACE","PLACE_REVIEW","5","2025-08-05 11:50:22.342"
"7cd9e224-8754-4085-9f9e-74e27940e0de","3775308d-ac72-43bb-9954-f39702a2086a","16d0435c-7290-4999-89a0-5d8e9ad1e336","PLACE","PLACE_REVIEW","5","2025-08-05 11:48:11.656"
"1b33b1e7-a4b8-4ba6-adfc-8a5018da5710","c6451880-ae33-412c-a429-bb200543346c","16d0435c-7290-4999-89a0-5d8e9ad1e336","PLACE","PLACE_REVIEW","5","2025-08-05 11:46:33.371"
"a4c85f20-3102-4a6a-bdad-c3f5b401f3ec","995946df-98f6-4fd9-854b-73e837bfca38","265f732e-9b2e-4e20-b676-a76eff6b57c2","PLACE","PLACE_REVIEW","5","2025-08-05 11:44:09.154"
"fe760b64-c7e4-41af-876e-bac1f02bded5","9d375427-6002-44a5-9f2b-fe5889ae2f46","99416205-c5f1-414d-a956-82d273355a4e","PLACE","PLACE_REVIEW","5","2025-08-05 10:47:29.070"
"dde999bb-acbc-44ce-be0d-b617a5a0fc74","49656d94-031a-4cc6-9fd5-0fb8bf1df2e0","db336a87-b87f-482d-91e2-7402c5514185","PLACE","PLACE_REVIEW","5","2025-08-05 10:08:06.935"
"c4f7bc98-c0f4-4e7e-a137-be83fb4e5c4b","dbc0bb96-c62a-4fd5-9db3-aff36b47f6b5","265f732e-9b2e-4e20-b676-a76eff6b57c2","PLACE","PLACE_REVIEW","5","2025-08-05 09:55:07.264"
"d5059b7f-13ed-4e60-aab9-9b7da49c8245","d8306395-8421-4f2c-9262-0bc4c62393c4","fd999b3d-9f66-46bb-b495-8275098d70f6","PLACE","PLACE_REVIEW","5","2025-08-05 09:42:57.941"
"cf7f3fb1-d8d1-472c-9a77-9bac8946b159","35453936-6d69-4567-b23a-49acc9bf861d","d7eb9a58-27a8-4311-9b5e-650a83ce8922","PLACE","PLACE_REVIEW","5","2025-08-05 09:38:14.983"
"1f430e56-6789-41ed-ab79-7d088f8fb7ec","87e1a499-1e21-4805-a4c3-563c8a27e9f6","9a89c946-3d6c-453a-997f-7d80a0f0a179","PLACE","PLACE_REVIEW","5","2025-08-05 09:32:37.833"
"e37ce1d9-0f5d-4043-a1aa-d6be83767a9c","26898454-f2bb-4b08-aedb-4660b50bd584","9aa89a73-e24c-4fbf-9b14-cdddb3b984e5","PLACE","PLACE_SPAM_REVIEW","5","2025-08-05 09:12:38.315"
"e3c9dfd7-cda3-42e2-b089-4f06cf1930ba","28662e71-0381-4c47-8dd1-fad733935e7e","d258e668-0d07-4302-9101-b14f85220672","PLACE","PLACE_REVIEW","5","2025-08-05 09:11:23.133"
"3e05981e-0c6c-46ee-a76f-560bcadb6218","22afcbcb-a3cb-427f-9183-35af848e6aa0","9b66af3e-d2d8-4664-a569-0a0e6c9f4ce4","PLACE","PLACE_REVIEW","5","2025-08-05 09:08:00.731"
"52c20b38-dd96-409f-b264-04cf72253241","1df85bd7-52f8-4011-bfbd-e25abeebf29f","24044edf-44c8-4d66-bea3-2263d784e1b1","PLACE","PLACE_REVIEW","5","2025-08-05 09:06:26.729"
"7b8dd00e-1ac3-48d0-b2c3-5ac2e3261d01","194c2323-7bcf-4f7a-880b-da7f4db3ace7","6c93e90c-ac03-4a83-8013-8002a729e49c","PLACE","PLACE_REVIEW","5","2025-08-05 09:00:09.032"
"5a5b494d-f442-4298-a559-fbcbd4a9e44b","00e50bd7-e2e3-4769-a60d-0f77e930ec85","566e1ff8-9c6e-4ece-abcc-52f6ba5ef1a9","PLACE","PLACE_REVIEW","5","2025-08-05 08:56:02.635"
"12426bc7-6a76-413c-b9ec-9d5327e1e358","f74514ac-fa3a-4eba-b5ef-b8476b828277","fc56eefb-3aa7-4736-9726-ebfeb5999038","PLACE","PLACE_REVIEW","5","2025-08-05 08:54:26.436"
"99776adb-49a6-4146-95ba-413d09eceb30","4cc173bd-25a7-41db-a8e4-849413460b96","6814dbb6-c0d7-49ab-82e4-087352386a01","PLACE","PLACE_REVIEW","5","2025-08-05 08:52:20.727"
"5f7bd28c-ecd2-4453-9bd2-01c2fe10fa8e","4e0f1889-d676-463b-a8bd-47086252d785","c95831d8-e74d-4b61-9c7f-a8e83ab0b5f2","PLACE","PLACE_REVIEW","5","2025-08-05 08:50:03.439"
"f419ece2-77a2-4bed-87b1-a4f277243007","7325f146-9c5e-41d0-b910-87da50ba0d51","4e5edfed-51e5-499f-9c37-428427227502","PLACE","PLACE_REVIEW","5","2025-08-05 08:48:13.989"
"ecafc394-e65d-4b8b-a436-48808ff5fcb6","5670e55a-78bd-4f4b-a7a5-c6b08037b2c3","9155f09c-aa5f-4570-bc0f-331ef9881366","PLACE","PLACE_REVIEW","5","2025-08-05 08:46:51.541"
"353ada1c-7111-4691-b65a-39ff3f1fc626","823e2629-5dea-400a-b79f-ea4dad84509e","9aa89a73-e24c-4fbf-9b14-cdddb3b984e5","PLACE","PLACE_REVIEW","5","2025-08-05 08:29:01.684"
"87ea7ca8-611b-4a83-8f76-6ed51eb339a7","0906b7b8-6756-4484-adad-e1ab34e26c18","16d0435c-7290-4999-89a0-5d8e9ad1e336","PLACE","PLACE_SPAM_REVIEW","5","2025-08-05 08:27:48.986"
"e25df22f-2fb1-4d44-80a2-e40447c558e1","0906b7b8-6756-4484-adad-e1ab34e26c18","65708095-37d8-4fa1-b611-ffe69f9c999a","PLACE","PLACE_REVIEW","5","2025-08-05 08:26:09.834"
"9315bfeb-25aa-4264-849c-729d8158f433","e4e2dc2c-1882-4e91-aff1-c4a35b3924b2","16d0435c-7290-4999-89a0-5d8e9ad1e336","PLACE","PLACE_REVIEW","5","2025-08-05 08:24:16.133"
"3e60ca7a-d26f-43a7-92c5-4bd8e346f9b6","b8266fd5-6ef5-4e41-9277-38799b29c9a5","3b5a747b-8835-471f-a984-01e598a29ace","PLACE","PLACE_REVIEW","5","2025-08-05 08:16:24.971"
"e3693484-07c8-43eb-b642-27bffd462927","b16866dd-2e50-45ce-931b-996e7515b22a","56f614a6-7a9f-411d-a2db-d835d3d638cf","PLACE","PLACE_SPAM_REVIEW","1","2025-08-05 08:13:34.145"
"72622712-15c5-49fe-9e8f-0efe2d252dd5","b8266fd5-6ef5-4e41-9277-38799b29c9a5","f39756e0-03d4-43e5-8de2-ccedf461bfe1","PLACE","PLACE_REVIEW","5","2025-08-05 08:07:29.542"
"87568980-0faa-4788-85c7-92887b5cf7d0","b8266fd5-6ef5-4e41-9277-38799b29c9a5","091f53eb-39bb-4ebf-ab06-89aba8316a91","PLACE","PLACE_REVIEW","5","2025-08-05 08:04:24.239"
"a997eb43-7ee2-4266-855a-773200241fda","b8266fd5-6ef5-4e41-9277-38799b29c9a5","80ba8f06-6597-4d8e-b90f-890650c36e40","PLACE","PLACE_REVIEW","5","2025-08-05 08:02:13.151"
"e6775868-b9d1-4a85-a1f2-0f8e08e0544d","b16866dd-2e50-45ce-931b-996e7515b22a","74334e2a-8d60-49a3-a028-a4c67a9ffbe7","PLACE","PLACE_REVIEW","1","2025-08-05 07:57:59.743"
"3275bde6-7a6e-4742-8d93-29ba4457fc5a","379ff0af-cc6e-4b9d-af94-e80672105bf2","3bba84ae-9fb5-44b4-8095-efb2fe40a521","PLACE","PLACE_REVIEW","5","2025-08-05 07:53:30.844"
"d9717810-f8f3-43a3-b19e-0ae91950198b","190eacf5-da1f-4465-91b4-420210775a30","16d0435c-7290-4999-89a0-5d8e9ad1e336","PLACE","PLACE_REVIEW","5","2025-08-05 07:46:51.439"
"ad3747a5-a8c9-4f55-a85b-1b56f25447fe","c5d0ae71-9485-4c3c-907d-f3984c5fa7cf","9cef1b24-658e-4c80-960f-690824e933b7","PLACE","PLACE_SPAM_REVIEW","1","2025-08-05 07:41:59.066"
"fff3b1f0-3ab3-4b6b-9869-996c20e1ca93","12f60380-2087-47bc-b613-99386c7bbf3b","9aa89a73-e24c-4fbf-9b14-cdddb3b984e5","PLACE","PLACE_REVIEW","5","2025-08-05 07:26:51.329"
"b0cdcd32-a50e-4669-91c1-0ce483882148","c5d0ae71-9485-4c3c-907d-f3984c5fa7cf","9aa89a73-e24c-4fbf-9b14-cdddb3b984e5","PLACE","PLACE_REVIEW","5","2025-08-05 07:26:40.863"
"4a3730dc-9465-49a0-9041-65ccaccd6b21","49876379-6e34-451e-ad61-65a1713c7cff","9cef1b24-658e-4c80-960f-690824e933b7","PLACE","PLACE_REVIEW","5","2025-08-05 07:22:08.147"
"95ef6c84-dd87-4590-a2d2-6032a6fe5679","bf36f49b-6ec7-4f9a-ad32-5050173fc1de","0f8a8233-06b6-4841-8469-1c95b1f87360","PLACE","PLACE_REVIEW","5","2025-08-05 07:14:16.134"
"eb865979-794b-415e-90b3-dabd7c681039","1ab1b4ec-86b5-4e1f-b755-eee9eebeb0b4","9aa89a73-e24c-4fbf-9b14-cdddb3b984e5","PLACE","PLACE_REVIEW","5","2025-08-05 07:12:49.358"
"677dc31e-f6d8-4405-a516-74522afa6434","54861fc5-950f-4bce-8bef-cf7a1f0510ab","56f614a6-7a9f-411d-a2db-d835d3d638cf","PLACE","PLACE_REVIEW","5","2025-08-05 07:12:09.839"
"e45396ec-e495-4640-aab4-84dd6b294197","5251fc04-adbb-442d-a00b-8b78a790ee3a","65708095-37d8-4fa1-b611-ffe69f9c999a","PLACE","PLACE_REVIEW","5","2025-08-05 07:09:15.245"
"0ecdc637-d56e-419a-a71e-eab5d38f1919","aff8884c-6c9f-4172-8e5c-639df3e06bb4","9cef1b24-658e-4c80-960f-690824e933b7","PLACE","PLACE_REVIEW","5","2025-08-05 07:06:52.437"
"25d26f28-6c21-4dab-a898-0a0be0b2650b","a7ad66d9-2001-483b-b9ad-579fe2337ac0","9aa89a73-e24c-4fbf-9b14-cdddb3b984e5","PLACE","PLACE_REVIEW","5","2025-08-05 07:04:16.235"
"ce417a50-ace3-4012-b598-1b893507d136","823e2629-5dea-400a-b79f-ea4dad84509e","9cef1b24-658e-4c80-960f-690824e933b7","PLACE","PLACE_REVIEW","5","2025-08-05 07:02:36.330"
"570777b6-d2eb-4439-9634-45683a87eaf0","fe79a75f-093d-4eae-ac69-18978a2485be","9cef1b24-658e-4c80-960f-690824e933b7","PLACE","PLACE_REVIEW","5","2025-08-05 07:00:32.855"
"d41e010e-18fb-48eb-9493-d5d1c732978a","955be773-6302-4398-bcad-87e0bb7b4b69","9cef1b24-658e-4c80-960f-690824e933b7","PLACE","PLACE_REVIEW","5","2025-08-05 06:52:29.900"
"98687857-b4f1-4c03-992c-c6b6a81222b5","8177fa7d-6f3c-497d-b1de-235258985687","9675c34d-2e03-40f9-afe2-fdea7984769e","PLACE","PLACE_SPAM_REVIEW","1","2025-08-05 05:48:18.463"
"a3ab8618-fa1c-4ebd-906f-4fc85c26e1e2","823cbd7a-84a6-4c89-9d10-9d8750c5d123","95840956-fb2c-40fb-ad32-185fdc443c55","PLACE","PLACE_SPAM_REVIEW","1","2025-08-05 05:47:11.764"
"8f1c3a28-8c09-4327-98fe-603b13f8679e","c9c0412a-3464-493a-aefe-eb1c0b2fed61","9155f09c-aa5f-4570-bc0f-331ef9881366","PLACE","PLACE_SPAM_REVIEW","1","2025-08-05 05:45:34.329"
"b0834124-7f5a-42b4-95ad-ed76f7db5274","e7ecf985-9215-485d-a21a-6665cde6b79c","429d0f40-69fa-4a70-9c00-51cb63d47de8","PLACE","PLACE_SPAM_REVIEW","1","2025-08-05 05:41:42.987"
"9825a14b-d4ad-43b8-9b19-b157b49e94d3","c2d108db-c0b3-4e40-bf8b-d21bced97d21","6c93e90c-ac03-4a83-8013-8002a729e49c","PLACE","PLACE_REVIEW","5","2025-08-05 03:30:47.460"
"32c11dd1-760e-4f3d-b543-c8158e11503c","649a9196-4e96-46dc-8601-21746ecf7e43","65708095-37d8-4fa1-b611-ffe69f9c999a","PLACE","PLACE_REVIEW","5","2025-08-05 03:25:03.842"
"89240e5d-925e-4249-a127-233b44e59dce","1916c23c-0318-4634-b148-e7eb8e7ebafb","65708095-37d8-4fa1-b611-ffe69f9c999a","PLACE","PLACE_REVIEW","5","2025-08-05 03:21:40.262"
"0e6108a8-8b68-494d-9831-2e4c451ffbf9","b3d9f5ec-18d4-43d2-9dfc-9104554b24ba","95840956-fb2c-40fb-ad32-185fdc443c55","PLACE","PLACE_REVIEW","5","2025-08-05 03:15:59.355"
"b986c8d6-e28d-4d50-a863-fb6171f912a1","03b11978-9297-4a3d-a057-a296a25ed7cb","56f614a6-7a9f-411d-a2db-d835d3d638cf","PLACE","PLACE_REVIEW","5","2025-08-05 03:10:08.053"
"da80d15c-0fc7-4158-8890-c34c1abc83e8","62f3387a-b863-44eb-926b-b84006788b62","95840956-fb2c-40fb-ad32-185fdc443c55","PLACE","PLACE_REVIEW","5","2025-08-05 02:05:40.358"
"5fe18f26-a1ef-4707-a075-137bbebc195e","167e36f3-7947-484d-b56f-f271ca200a0b","01da569f-0513-4f58-88d6-d10b8013457b","PLACE","PLACE_REVIEW","5","2025-08-05 00:25:47.146"
"6aecc5d1-7b10-4f38-ab71-3790ae1a3806","3c083d8f-1324-48c6-807f-c9f7ec6627e8","95840956-fb2c-40fb-ad32-185fdc443c55","PLACE","PLACE_REVIEW","5","2025-08-04 23:36:06.080"
"ff4825d8-63b2-4969-84e4-79b86680f173","4372eefc-f52c-49ea-9d25-86ac2e696334","91788c7c-b2af-4560-904b-d565a5021487","PLACE","PLACE_SPAM_REVIEW","1","2025-08-04 21:30:32.842"
"e6841265-db6b-4c49-ac89-afd090c51d1e","c0424e69-1943-4234-9109-f33b4e4ad08b","76bfb11c-0224-4e0d-a6cd-7ab3f802ef45","PLACE","PLACE_SPAM_REVIEW","1","2025-08-04 21:24:03.647"
"1292a112-d0e5-48c3-abd7-3d94a7a72fb6","9b7a38dc-1590-4191-af90-9f96734789b4","d258e668-0d07-4302-9101-b14f85220672","PLACE","PLACE_REVIEW","5","2025-08-04 14:45:02.533"
"54d32771-7f26-4eba-87e7-1bc14335f714","bdbcb381-82cc-4fe6-8d4b-dc729a67b5b0","6ac8d4dc-0d6b-4506-a62b-3513431952bb","PLACE","PLACE_REVIEW","5","2025-08-04 14:43:23.746"
"db5c4a2b-8f36-4feb-8239-15c03d979275","d00a8b60-1487-4fb7-b218-fb5cd232617d","8ed7dbaf-9397-4871-bb9f-1dd482b2a6bc","PLACE","PLACE_SPAM_REVIEW","1","2025-08-04 14:39:05.138"
"bd5db166-549f-4dbc-8f41-5bb637f5a43e","8cf27ece-29cd-4c14-857b-b50c79761afe","76bfb11c-0224-4e0d-a6cd-7ab3f802ef45","PLACE","PLACE_REVIEW","5","2025-08-04 14:38:48.539"
"12da4634-1837-4f30-9182-4c4d2e1b1257","8f947ebd-3152-4a80-bd94-c60411f4cdfb","84dbddc5-9ab7-4e02-b767-a8869579fb39","PLACE","PLACE_REVIEW","5","2025-08-04 14:37:25.534"
"a05e2f53-ecf4-41cc-9c7e-191ae0e3e391","ff82979c-67db-4014-9687-ada802177710","65708095-37d8-4fa1-b611-ffe69f9c999a","PLACE","PLACE_REVIEW","5","2025-08-04 14:36:21.941"
"dfbcec0f-8eb9-4856-8684-7caa9833d9ab","62f3387a-b863-44eb-926b-b84006788b62","56f614a6-7a9f-411d-a2db-d835d3d638cf","PLACE","PLACE_REVIEW","5","2025-08-04 14:34:36.336"
"4681d88b-9761-4cb5-a5b8-171afa812bdb","a0531fb6-72b4-43be-8b87-e4e6cccb2870","74334e2a-8d60-49a3-a028-a4c67a9ffbe7","PLACE","PLACE_SPAM_REVIEW","1","2025-08-04 14:32:26.862"
"8ce5a4d8-fce2-4c92-bab3-61e3cf04db3e","0b665605-85d5-4cff-bb86-0ce00e236ef2","80ba8f06-6597-4d8e-b90f-890650c36e40","PLACE","PLACE_SPAM_REVIEW","1","2025-08-04 14:29:19.319"
"5590203b-8860-4dab-81a6-18b479bb30da","f8f94ecd-46d6-4e61-9d45-7f0f4c8bf6e9","6ac8d4dc-0d6b-4506-a62b-3513431952bb","PLACE","PLACE_REVIEW","5","2025-08-04 14:20:10.239"
"4b17fd7f-3a4b-4029-bedc-a6d54b721f3c","11a1464f-1196-4d12-9876-fc37370855ed","56f614a6-7a9f-411d-a2db-d835d3d638cf","PLACE","PLACE_REVIEW","5","2025-08-04 14:16:18.640"
"21bd4e6a-8883-4a81-bd15-01bbab27175c","24bcbea1-ebac-4f70-abe3-4aab3e2c1409","77b3c292-9594-48d3-952e-0eac052a2399","PLACE","PLACE_SPAM_REVIEW","1","2025-08-04 14:13:46.980"
"0ae68e82-34fa-4be3-a7ec-6abf27d95686","68527d3d-0641-4634-8d53-bd40e2cfc2ea","f00e9738-747f-4454-adeb-c0e466dda2bd","PLACE","PLACE_REVIEW","5","2025-08-04 14:13:03.142"
"195d4fff-3a7b-49b3-81c4-cc3338c55f04","96431a94-db05-461f-a741-0688a513d054","95840956-fb2c-40fb-ad32-185fdc443c55","PLACE","PLACE_REVIEW","5","2025-08-04 14:08:44.450"
"55e48a17-a2f9-4a82-8d69-e924d752a29e","74da70d9-ce78-429b-aa97-c1b9e34a20e9","6b92ce8d-b4e4-4e92-9d41-756d7f98e4b6","PLACE","PLACE_SPAM_REVIEW","1","2025-08-04 14:08:09.342"
"dd6accca-105e-4763-a9c7-b893f016f834","da86b7c4-544f-4071-b214-64af2d9430c3","ca56fcce-29de-4b05-94f9-65ecdce36e79","PLACE","PLACE_REVIEW","5","2025-08-04 14:08:07.988"
"7a8d0421-e6ad-4538-9b93-404e94a0c6ed","60300078-ce53-4758-a39e-566bd0dfd6c0","9fcc7568-77b4-4b23-8cd1-c258009fd611","PLACE","PLACE_REVIEW","5","2025-08-04 14:06:04.130"
"b80188f1-0dd1-46b2-9b0c-6fa97420f4c0","c0eaa254-99bf-48d3-b2d0-400b83a09081","eb09c8c6-099c-4610-ac40-d0f8b639b244","PLACE","PLACE_SPAM_REVIEW","1","2025-08-04 14:05:39.031"
"7a844b42-bdce-4c43-a8de-d72b6369a942","fbb1bc5f-66e6-4cd6-9739-cfa66d9b8797","80ba8f06-6597-4d8e-b90f-890650c36e40","PLACE","PLACE_REVIEW","5","2025-08-04 14:03:22.695"
"046972fe-3463-4607-b3ed-d48cf243f4e0","2a01bb8c-bb5f-4251-9433-325e640ad134","2fda598c-0465-4b67-a8b3-b04f6ed5225e","PLACE","PLACE_SPAM_REVIEW","1","2025-08-04 14:02:33.634"
"39b11c1d-571a-44fc-ade4-5c69856578e8","8129e3f2-c66f-4945-818e-bd3e35e9eb52","a0de09ed-074c-4c5c-920b-e39ff04c4957","PLACE","PLACE_REVIEW","5","2025-08-04 14:01:26.258"
"61baab16-a236-4654-8471-c44d844c5331","c73ee2bc-c134-415b-90d8-05a47eff9bda","65708095-37d8-4fa1-b611-ffe69f9c999a","PLACE","PLACE_REVIEW","5","2025-08-04 13:59:28.752"
"37e37cbf-d056-4abe-ad71-abb9b09b7965","74da70d9-ce78-429b-aa97-c1b9e34a20e9","d892f183-4f46-49ab-a612-9f254259afe1","PLACE","PLACE_REVIEW","5","2025-08-04 13:57:38.528"
"2169382d-d1c6-4fee-af7a-daf4c4f15f1b","958dbc69-2c03-41dd-9761-661d91001b2a","722372b5-b847-41a9-a053-5c78463a4d22","PLACE","PLACE_REVIEW","5","2025-08-04 13:56:38.841"
"5c899650-44f7-434b-b621-66943a02276e","1fcbd3a4-7d5a-43c4-a7d9-8c59c67b4a6b","badd687f-91bf-483f-8a94-ba76ee8ee04b","PLACE","PLACE_REVIEW","5","2025-08-04 13:55:24.731"
"8cd880ef-3705-44a1-815b-f72662295168","77e01464-f6d6-4053-ba31-0f516dc04ae0","cc5d5eee-7682-4e1c-afe9-5d18ee380b81","PLACE","PLACE_REVIEW","5","2025-08-04 13:54:57.337"
"a259faf6-3b58-42af-8892-0a1e5b566c01","c0eaa254-99bf-48d3-b2d0-400b83a09081","76bfb11c-0224-4e0d-a6cd-7ab3f802ef45","PLACE","PLACE_REVIEW","5","2025-08-04 13:54:14.668"
"6929ac0a-4fb4-44fc-aa1d-e917fea335c0","8156f233-1f78-42dd-a642-de3a844e01e7","722372b5-b847-41a9-a053-5c78463a4d22","PLACE","PLACE_REVIEW","5","2025-08-04 13:53:06.038"
"a51a67d4-2a16-4f82-998b-1733e6fcefc9","121f707a-b728-411d-a1ed-3a9108281c14","2fda598c-0465-4b67-a8b3-b04f6ed5225e","PLACE","PLACE_REVIEW","5","2025-08-04 13:51:51.475"
"a9d9638b-108a-4e84-8adb-c82cffd19626","2a01bb8c-bb5f-4251-9433-325e640ad134","74334e2a-8d60-49a3-a028-a4c67a9ffbe7","PLACE","PLACE_REVIEW","5","2025-08-04 13:51:50.473"
"834a561a-c9f7-4fc7-a1da-0e220ca0a824","fc96b514-4c3a-4302-9bb7-d3d21b33b0cc","f436c865-d23c-47d4-bf51-55c89dca9a8f","PLACE","PLACE_REVIEW","5","2025-08-04 13:48:41.633"
"ec5022ce-9a71-40fe-bc60-ecbb8bb8e755","958dbc69-2c03-41dd-9761-661d91001b2a","0f8a8233-06b6-4841-8469-1c95b1f87360","PLACE","PLACE_SPAM_REVIEW","5","2025-08-04 13:47:00.837"
"9e0e31be-810b-46f4-9a18-1af3026f58d4","18ff9504-5f61-4dde-8df3-66c173659702","6b92ce8d-b4e4-4e92-9d41-756d7f98e4b6","PLACE","PLACE_REVIEW","5","2025-08-04 13:42:53.813"
"7bf1ec9a-807b-4f03-83f5-d1907f232a4b","a494b6cd-7af8-46e5-ad1c-ebdad4f34ca4","91788c7c-b2af-4560-904b-d565a5021487","PLACE","PLACE_SPAM_REVIEW","5","2025-08-04 13:36:13.332"
"02e0a368-0950-461f-93b4-1aa38e2cc9ee","6e1482dc-d8f7-4cc5-9cc5-08dd992b1a6e","9675c34d-2e03-40f9-afe2-fdea7984769e","PLACE","PLACE_REVIEW","5","2025-08-04 13:32:28.105"
"ab791473-5282-4ee1-836b-f504efe49ac6","62edd0db-da08-4d2e-b003-1726bb00311b","3992a669-75fa-4ba6-9828-29b76f79b5af","PLACE","PLACE_REVIEW","5","2025-08-04 13:32:16.528"
"c28d6ff1-36c1-4c5f-819c-c49ed14baf4b","0599f8f4-9a26-4905-94ff-aae6eb01d0a8","aecdcab5-daa0-495f-b282-0b04ae760d81","PLACE","PLACE_REVIEW","5","2025-08-04 13:30:47.044"
"93ad03e8-f810-4de9-abe9-ff738a354e2f","064b4a71-447b-4da0-a15f-1db5ed4c6c4e","cc6afd5e-012d-4ec3-b54f-73b48e81040c","PLACE","PLACE_REVIEW","5","2025-08-04 13:23:01.331"
"8f6ebbf1-497d-430f-a73f-998655a02932","8fa99b71-890c-43ea-9172-e8a8bf04f52f","8c252b48-110c-4397-a114-edb4457b05d1","PLACE","PLACE_REVIEW","5","2025-08-04 13:20:16.957"
"67f22ac1-8016-4f9b-9d71-5b8e81504d8d","d4766d92-12ff-48b8-a67b-db705c5bfe22","a3c7495d-0f52-4911-b601-0cb92f635f05","PLACE","PLACE_REVIEW","5","2025-08-04 13:17:49.234"
"b4b3b85a-44c9-472b-a3f3-51aaa8832394","5c986767-1eb2-4f74-99ec-f5bc55c4179a","fe849f95-8bed-4b11-be43-b386bfd543df","PLACE","PLACE_REVIEW","5","2025-08-04 13:13:34.568"
"bfe311c6-35f6-4ec5-a38e-2e0be2308c4f","1d8c69e6-7ff3-4af0-bf34-2cdf2df35b52","91788c7c-b2af-4560-904b-d565a5021487","PLACE","PLACE_REVIEW","5","2025-08-04 13:10:03.272"
"fd5b1aa7-a3de-45d5-8bc7-3830c2c68cc5","0cccbed4-64ca-4577-9c7c-b203aa4203de","3992a669-75fa-4ba6-9828-29b76f79b5af","PLACE","PLACE_REVIEW","5","2025-08-04 13:06:25.733"
"9f98638d-c6e8-4910-8783-5340e1f1ea5a","31416d89-bb97-4a4f-a34e-3df31f5fe716","9675c34d-2e03-40f9-afe2-fdea7984769e","PLACE","PLACE_REVIEW","5","2025-08-04 13:02:32.952"
"f0ecce67-0478-49c5-949f-3339f6c1f3b5","d907bb1f-8885-4a92-b284-66400b595d61","5fcfd86e-477b-48f2-a3a9-92b0fa166a4c","PLACE","PLACE_REVIEW","5","2025-08-04 12:59:31.322"
"8067fb71-c8e8-452d-8d01-b70253d3bb49","8b418164-48f0-4ad4-8983-8d912b70b15d","035fab19-6b0d-4478-8baa-8692f37d6c29","PLACE","PLACE_REVIEW","5","2025-08-04 12:55:43.441"
"7936c519-659d-455e-b5ef-a9f74e0ad16f","ba84f65f-88fa-429c-b420-9db9bc6a15c2","9675c34d-2e03-40f9-afe2-fdea7984769e","PLACE","PLACE_REVIEW","5","2025-08-04 12:53:26.057"
"a5056e50-8ba9-45b3-b70e-d86848bc1d81","9c9ce36b-09fe-42a7-a28a-dd2bfb83f5e2","9b66af3e-d2d8-4664-a569-0a0e6c9f4ce4","PLACE","PLACE_REVIEW","5","2025-08-04 12:50:44.437"
"be90784d-e48a-453d-b050-402256895125","97db6a10-5647-4540-8def-fdfd14ff890b","9aa89a73-e24c-4fbf-9b14-cdddb3b984e5","PLACE","PLACE_REVIEW","5","2025-08-04 12:49:31.939"
"2e0ab6bd-4212-4a3f-8124-e7616dbeacad","7e0326d3-aa9e-43bb-a771-081ca25af3b7","a26134dd-21ea-45dd-9f72-0b96d026229f","PLACE","PLACE_SPAM_REVIEW","1","2025-08-04 12:46:29.035"
"811abed4-120f-4fbb-8681-122300f4dd60","55142439-9f8b-4b37-ae7c-6de9643babf9","80a29c00-1d05-456e-b4f1-b37ed23c2b96","PLACE","PLACE_SPAM_REVIEW","1","2025-08-04 12:44:26.107"
"8908440a-f771-4fef-b31e-a095fbc3749d","544d5593-dcea-4ea5-9b9f-8d7c14c70da4","77b3c292-9594-48d3-952e-0eac052a2399","PLACE","PLACE_REVIEW","5","2025-08-04 12:43:21.941"
"88f261d0-04cd-4d88-9e8b-e5eb636639f8","28c52f42-c884-4899-a3fc-64ee5f65735d","702dfbf3-d8e9-4379-bcb9-55e44c5b90f0","PLACE","PLACE_SPAM_REVIEW","1","2025-08-04 12:42:52.736"
"6f241512-c126-4377-99ef-c1cd0bcd9860","2e407ee7-baf1-4faf-95b5-1ee42b478ccc","6814dbb6-c0d7-49ab-82e4-087352386a01","PLACE","PLACE_SPAM_REVIEW","1","2025-08-04 12:40:31.140"
"c34e980f-f15e-4247-990b-70f1fc99a9b4","7f87575e-af0e-4264-b5f5-989ad17cebb8","51e4f8a2-aa90-45b0-90f2-bf3ba57ce635","PLACE","PLACE_SPAM_REVIEW","1","2025-08-04 12:37:15.155"
"402b076a-1a21-4439-9095-66eb713e7845","1b723032-77fe-4bf5-af5a-4822d683fb02","1e133989-0099-430d-acdc-8c33d2576e9f","PLACE","PLACE_SPAM_REVIEW","5","2025-08-04 12:33:53.838"
"7d1f4438-f64b-48df-a3fa-306a0f83b044","83799ad4-5ed5-4ee2-a100-3b9923466317","89509d90-4692-488d-9181-9582e1a38743","PLACE","PLACE_SPAM_REVIEW","1","2025-08-04 12:33:26.143"
"98c3e887-8325-4a68-8361-2b2465969b18","1b723032-77fe-4bf5-af5a-4822d683fb02","84dbddc5-9ab7-4e02-b767-a8869579fb39","PLACE","PLACE_SPAM_REVIEW","5","2025-08-04 12:31:52.242"
"3ce486ed-b6c2-461f-a788-2b1fd2691185","55142439-9f8b-4b37-ae7c-6de9643babf9","48fce27f-75df-4e9e-84f3-31b62638b328","PLACE","PLACE_SPAM_REVIEW","1","2025-08-04 12:31:51.437"
"3a2d1f17-9723-49b1-b37e-ef3acf22b126","7562bb7e-a7ce-4675-af30-683faff7202e","566e1ff8-9c6e-4ece-abcc-52f6ba5ef1a9","PLACE","PLACE_SPAM_REVIEW","1","2025-08-04 12:30:54.537"
"be6ae14e-18ce-4ad2-abf2-f2c7f875cc65","b130f4bd-6324-412a-9af5-89467a1de251","702dfbf3-d8e9-4379-bcb9-55e44c5b90f0","PLACE","PLACE_SPAM_REVIEW","5","2025-08-04 12:30:15.035"
"1cb733d1-2b58-4b72-ab12-4e7b1c635037","ed71c007-ad9d-4ded-be26-ea328fb1ba94","80a29c00-1d05-456e-b4f1-b37ed23c2b96","PLACE","PLACE_SPAM_REVIEW","5","2025-08-04 12:29:34.046"
"bc25c6d0-53a4-44c7-baa7-062eef8c1beb","7b9b8fe9-ed08-4089-8303-7412eb3a2dd4","702dfbf3-d8e9-4379-bcb9-55e44c5b90f0","PLACE","PLACE_SPAM_REVIEW","5","2025-08-04 12:28:20.748"
"e6cd44e7-1d74-4006-b181-e96517d3ed0c","04237eda-24d1-4f35-b37b-fb7f9dab7b46","566e1ff8-9c6e-4ece-abcc-52f6ba5ef1a9","PLACE","PLACE_SPAM_REVIEW","5","2025-08-04 12:24:50.144"
"d0192839-4778-401a-973e-972f20decbd0","2c2ec6b3-5b4e-479e-9558-5950d5d185e5","03070dae-5e12-42c0-b214-395c0899396a","PLACE","PLACE_REVIEW","5","2025-08-04 12:19:10.449"
"3b04508f-f560-48af-a47c-7d2ff4b9a4fb","1f67fc8d-f7bf-406f-936a-a8812e908c5c","fa1caaed-f086-4198-a5c6-c16c63656749","PLACE","PLACE_REVIEW","5","2025-08-04 12:16:48.446"
"838e453c-07aa-4f9f-9316-16e168e261c2","6cd459c4-8252-44fb-b0d7-9abe07fe49ab","4cefb9cb-4de0-4e3e-9958-b8a30c2b6bb7","PLACE","PLACE_REVIEW","5","2025-08-04 12:16:31.832"
"ac01276a-ca34-48ab-95b1-d4073f0e1d19","3f53d816-5299-46af-ba5d-9fa141d2be36","7aa494c3-da41-458b-8e72-7d639b41cfd8","PLACE","PLACE_SPAM_REVIEW","1","2025-08-04 12:14:42.267"
"2572e434-ab4b-497a-b8a4-7b65bf8f6785","7082133b-8856-4f1a-8ab3-31e25ab02bda","03070dae-5e12-42c0-b214-395c0899396a","PLACE","PLACE_REVIEW","5","2025-08-04 12:13:00.545"
"71e8a759-4a27-4451-9809-4980b6a5ceb5","7ffd0233-5705-4ef3-8638-5263776996f5","8ed7dbaf-9397-4871-bb9f-1dd482b2a6bc","PLACE","PLACE_REVIEW","5","2025-08-04 12:12:12.458"
"fb9f87a4-808b-46c2-a59e-0b8409667a02","6d3b46c0-3c4c-4cf8-980a-e55412c510fc","da8fa2cf-3663-4922-855c-52c230d73de7","PLACE","PLACE_REVIEW","5","2025-08-04 12:11:22.537"
"88dddd17-f10c-4049-a177-60720da2d7a7","2447b24c-cbfe-42db-9a42-12101ae791aa","fa1caaed-f086-4198-a5c6-c16c63656749","PLACE","PLACE_REVIEW","5","2025-08-04 12:09:09.835"
"fb9b4bfe-99a4-44f4-9e9e-8e175dd0587a","a759185d-5542-4bdf-a828-5094624d8999","29e86afd-b571-47c7-950e-64e73e4d006f","PLACE","PLACE_SPAM_REVIEW","1","2025-08-04 12:08:37.536"
"88e4ef95-263d-4f0b-97df-8911a0c0ed69","84114900-cbaa-4944-8ac5-39757e6919a4","fa1caaed-f086-4198-a5c6-c16c63656749","PLACE","PLACE_REVIEW","5","2025-08-04 12:08:35.638"
"d2ef6ff7-ee8f-42a8-9674-cbb5f97fddd6","ba987ff4-709d-4453-b34b-e1a2d307c179","74f88737-bbb0-49da-a7ea-b4a504486c30","PLACE","PLACE_SPAM_REVIEW","1","2025-08-04 12:05:22.544"
"98a4a4c9-afd8-4c87-9ce5-dc7dd9420023","2e635067-6c13-439c-ad16-b1a6f962d455","6538d14a-b4c8-4e26-900a-17c9c7123d3c","PLACE","PLACE_SPAM_REVIEW","1","2025-08-04 12:01:14.851"
"de4fce8d-2517-498b-985b-49f4a8f9d1ef","4467c107-8c66-48c5-9433-a9a75c5c1856","9aa89a73-e24c-4fbf-9b14-cdddb3b984e5","PLACE","PLACE_REVIEW","5","2025-08-04 11:58:49.205"
"1fd6b40e-333e-45c5-877c-fdddf2f5c4e2","a9e84a34-8024-4ddf-9e7e-fc7aa137a9c7","6f12d7cb-cd83-4f5e-bbd3-daf4a8210064","PLACE","PLACE_SPAM_REVIEW","1","2025-08-04 11:55:05.947"
"d60f092d-6644-469e-96a8-345028573386","afbc068e-e2e4-4eb5-9692-2f305d40a79b","0da7ef35-cd72-4930-900b-0d96e616c3b0","PLACE","PLACE_SPAM_REVIEW","1","2025-08-04 11:48:53.844"
"2124697a-5c56-4317-b496-53d127f7c88f","49271dcc-029b-4214-860d-0f2cc5ce9b8b","61668fce-1c7a-4310-b979-58f42218834e","PLACE","PLACE_SPAM_REVIEW","1","2025-08-04 11:46:02.642"
"3b2f9ecb-9992-46cf-8d00-be0081be6431","4087983c-3203-4be3-8958-11767c76723b","5ce7524c-7964-4f6c-b11b-efd4b12b94b7","PLACE","PLACE_SPAM_REVIEW","1","2025-08-04 11:39:08.472"
"8a25d79f-02ec-4037-8fe9-5d2b97af380d","db4661d6-45c8-4ca2-9b1e-960adbc840d6","0019a19e-1414-4a00-9fbe-c6ea764df5bd","PLACE","PLACE_SPAM_REVIEW","1","2025-08-04 10:32:52.470"
"2dd07652-dbf2-400d-a1b0-ab80e435fc63","3b32a758-62ae-48a8-83bb-a517b71e16fd","4e5edfed-51e5-499f-9c37-428427227502","PLACE","PLACE_SPAM_REVIEW","1","2025-08-04 10:29:40.936"
"c5cabe53-cc83-4553-aadf-c453a8cc94ca","e717fe6b-57f0-446c-bba8-8a61eb57f7b5","5f085c40-3191-4fcf-926e-a3e74ef58c65","PLACE","PLACE_SPAM_REVIEW","1","2025-08-04 10:26:05.238"
"dfb0e137-d322-47cf-9f9d-d506f824f2a9","9c8cc810-cc00-431e-9915-08c631af9eb5","1624d616-57b2-459e-ab06-9aaf5df9bf8f","PLACE","PLACE_SPAM_REVIEW","1","2025-08-04 10:23:00.835"
"af5e1adc-a85c-45e8-999e-34eb7bb6420e","23cb8256-9149-4097-b4d2-780e03201d7a","48ce4498-544f-43dc-86bd-806bc876d938","PLACE","PLACE_REVIEW","5","2025-08-04 10:19:16.342"
"955ecc83-53b5-43e6-b920-f53300624340","9781fefc-694d-47a5-b577-24c402047d48","5569a4af-d2c4-4e9a-b8ca-a727eff162c8","PLACE","PLACE_SPAM_REVIEW","1","2025-08-04 10:18:19.950"
"3d633819-94a6-4eb9-8232-2b4e9193a264","190eacf5-da1f-4465-91b4-420210775a30","54e06571-b533-46cb-a77a-7be203c9fe72","PLACE","PLACE_REVIEW","5","2025-08-04 10:16:52.333"
"4d635b40-7b2d-494c-90cd-79e0d541b688","de9333ba-4e32-46a3-ad00-a84259790c9c","114a8db1-df60-43a4-918a-28d9418bc416","PLACE","PLACE_SPAM_REVIEW","1","2025-08-04 10:16:15.137"
"4bb8082e-8f64-4312-bc2f-a75a560d3c39","673165a7-2808-40fc-8806-11784654a0e8","533b93ff-020a-46fe-8605-3c0be1f5285a","PLACE","PLACE_SPAM_REVIEW","1","2025-08-04 10:13:55.044"
"fb41facf-654c-426b-8ec0-b2664c096905","c2917f1b-8cfc-4173-b20e-e1202aa52584","0f8a8233-06b6-4841-8469-1c95b1f87360","PLACE","PLACE_REVIEW","5","2025-08-04 10:13:12.736"
"2a0ec507-c768-4253-8fa9-7b64799fd617","859e8f39-8052-4043-b0df-f08b48fac26e","ccb6ade6-6dbd-443f-8ffc-38ce7c331392","PLACE","PLACE_REVIEW","5","2025-08-04 10:11:02.758"
"924f6f9f-9f16-49b3-9485-47c0dda092bb","8d05905d-15f1-411d-9655-869f869a9f06","52d4485b-ad05-4ea5-b308-3b3699e6d621","PLACE","PLACE_SPAM_REVIEW","1","2025-08-04 10:09:55.938"
"12bcce3f-93d7-41df-8b8f-7a6d8b530c7b","2b5e4a03-1caa-4b2d-b01c-6f9c7afd6875","4cdaee66-652c-4514-9c4a-1c771833eda4","PLACE","PLACE_SPAM_REVIEW","1","2025-08-04 10:06:23.731"
"62d5dcdc-0580-482e-8a8b-ddbb0ab34bc0","c9a1e328-6d3d-498d-ae90-ac804add12f3","30241e39-4210-40ab-bfab-2acdda3e9ca8","PLACE","PLACE_SPAM_REVIEW","1","2025-08-04 10:03:54.130"
"ebcdd957-5a35-4e98-9437-4390c2cc2e43","d877c718-88a3-4178-a452-d8ab1009c586","1624d616-57b2-459e-ab06-9aaf5df9bf8f","PLACE","PLACE_SPAM_REVIEW","5","2025-08-04 07:49:38.036"
"28180838-22c4-4f6e-8b61-c6de124c2690","d877c718-88a3-4178-a452-d8ab1009c586","29e86afd-b571-47c7-950e-64e73e4d006f","PLACE","PLACE_REVIEW","5","2025-08-04 07:48:17.131"
"fb477c1c-cb57-44ee-8177-c3b71401cd6f","deccc4dd-30b2-4709-8059-097bd2da8945","30241e39-4210-40ab-bfab-2acdda3e9ca8","PLACE","PLACE_REVIEW","5","2025-08-04 07:43:45.865"
"0225a0a3-6124-457c-a7bd-36a4c2d63dd6","73587113-b577-42de-b33f-298cabc95d57","0da7ef35-cd72-4930-900b-0d96e616c3b0","PLACE","PLACE_REVIEW","5","2025-08-04 07:36:13.720"
"29a5ccf2-0967-470d-94ba-5a522785c9a2","8528c425-6bf7-41bf-85bd-28dadbdebca3","1624d616-57b2-459e-ab06-9aaf5df9bf8f","PLACE","PLACE_REVIEW","5","2025-08-04 07:34:40.463"
"d2d5d139-fb8f-49e3-aa49-4af24f45a4df","8622eb0d-3b73-43b6-8876-8cf97c5c3af3","0da7ef35-cd72-4930-900b-0d96e616c3b0","PLACE","PLACE_REVIEW","5","2025-08-04 07:32:11.396"
"2efdae78-8df5-45dd-b0ea-4be44ee6d444","60cc50dd-4616-4757-9506-174b91ad176e","30241e39-4210-40ab-bfab-2acdda3e9ca8","PLACE","PLACE_REVIEW","5","2025-08-04 07:30:11.441"
"d3e56819-073b-4622-bd6c-69c3d623682b","3659e132-1389-47a4-a486-79759fa4580f","30241e39-4210-40ab-bfab-2acdda3e9ca8","PLACE","PLACE_REVIEW","5","2025-08-04 07:28:01.631"
"a8e10731-cb04-439d-bdf7-f51cb981f666","06b2ef64-ac66-413f-972d-f2e8f8142a85","30241e39-4210-40ab-bfab-2acdda3e9ca8","PLACE","PLACE_REVIEW","5","2025-08-04 07:26:14.031"
"487e61e6-5d57-4514-bfa5-e1daf8361de7","33810e3e-0853-486b-8591-e21ea794e2f8","0da7ef35-cd72-4930-900b-0d96e616c3b0","PLACE","PLACE_REVIEW","5","2025-08-04 07:23:44.548"
"2ee67852-0cfd-4370-bccf-f1c76bb6d07f","636c67ba-899c-4131-899b-8f51c48cc9d5","30241e39-4210-40ab-bfab-2acdda3e9ca8","PLACE","PLACE_REVIEW","5","2025-08-04 07:21:23.973"
"482c1e95-e458-4647-8dd6-619df2d66fc3","6fa0cb55-b079-47e1-a691-6e40bd5289f5","f035c49b-c76d-4428-91b8-0d52f3b27531","PLACE","PLACE_REVIEW","5","2025-08-04 07:20:00.538"
"8785554c-776f-40aa-8cd8-7fdeb9581f10","9827f264-5059-4fad-977f-255220f7c45a","0f8a8233-06b6-4841-8469-1c95b1f87360","PLACE","PLACE_REVIEW","5","2025-08-04 07:18:05.340"
"1eaa8171-12fe-4b51-b839-c5988e8cc25f","a490468c-f171-4bb0-ae1e-242285d3a875","7aa494c3-da41-458b-8e72-7d639b41cfd8","PLACE","PLACE_REVIEW","5","2025-08-04 07:18:04.632"
"485e5102-1b25-4823-ac14-ef1d8ac15bf5","e5a9d8e0-a435-4e49-a83c-1d14623c9399","ec7b9412-90c3-4fa4-81c4-a154b50de033","PLACE","PLACE_REVIEW","5","2025-08-04 07:16:52.646"
"7ac2a0c3-f9c0-47e1-ad3f-b2e43ac2f19f","3430887e-bd65-48cc-b8ef-3b0c622aa91e","29e86afd-b571-47c7-950e-64e73e4d006f","PLACE","PLACE_REVIEW","5","2025-08-04 07:16:17.237"
"39aef4ec-e3c9-4774-bed8-093528d557fc","c3ddbc1d-97d2-4a22-86b2-18f98662656b","30241e39-4210-40ab-bfab-2acdda3e9ca8","PLACE","PLACE_REVIEW","5","2025-08-04 07:14:26.920"
"79f1b09a-d330-414f-bb48-0bb331ce4dc2","28dce2f2-0cde-43d2-b128-f341a1baade9","30241e39-4210-40ab-bfab-2acdda3e9ca8","PLACE","PLACE_REVIEW","5","2025-08-04 07:14:25.729"
"d8a11d60-33d3-4f27-80db-183dd03df746","e65e5112-ca9b-4334-bbbf-2cd43d32e543","1e133989-0099-430d-acdc-8c33d2576e9f","PLACE","PLACE_REVIEW","5","2025-08-04 07:12:59.728"
"d3161e17-ad60-4e84-91fe-f74cb7964e14","9144fb93-237f-467d-b981-750c468ae839","30241e39-4210-40ab-bfab-2acdda3e9ca8","PLACE","PLACE_REVIEW","5","2025-08-04 07:12:34.739"
"758d0db1-4138-4886-a269-287bd4e45b05","3848f9a5-723a-42ce-be20-d0e1c87b2822","a67cf51b-b091-476e-bed1-89b029073155","PLACE","PLACE_REVIEW","5","2025-08-04 07:11:33.343"
"dd26573c-b92f-466b-baa5-b14a39d15b86","b38bfbe6-604d-409f-8247-2ed53c722d46","0da7ef35-cd72-4930-900b-0d96e616c3b0","PLACE","PLACE_REVIEW","5","2025-08-04 07:10:34.839"
"09320a8f-7de6-4edd-b4e9-cd1af458163b","9d14476f-25b7-46e7-8c3f-cda67678ab1d","3d1f6168-3f42-467c-9aff-0c366728bb9e","PLACE","PLACE_REVIEW","5","2025-08-04 07:10:10.941"
"2410dddf-6b00-4b0a-a3da-37eff1590bbd","41962431-4020-4b0b-9e6e-80dd69511188","429d0f40-69fa-4a70-9c00-51cb63d47de8","PLACE","PLACE_REVIEW","5","2025-08-04 07:08:46.848"
"c8443ac8-be98-4f79-998d-98a5b6cb0935","a90053d3-4ae5-4048-b08a-d971121a0b8d","5569a4af-d2c4-4e9a-b8ca-a727eff162c8","PLACE","PLACE_REVIEW","5","2025-08-04 07:07:35.950"
"ffeaffb9-04db-466e-b8a2-ec1800984d9c","72ef91f8-31df-46eb-aec8-d32efc39c1d7","30241e39-4210-40ab-bfab-2acdda3e9ca8","PLACE","PLACE_REVIEW","5","2025-08-04 07:07:32.942"
"2df25339-0205-4765-97d2-f29d61f5288b","4d41b4bf-6c58-4ddb-ab0c-3c320e720e30","035fab19-6b0d-4478-8baa-8692f37d6c29","PLACE","PLACE_REVIEW","5","2025-08-04 07:06:20.655"
"0d152794-3336-495a-8e02-a7035440c603","06c322b0-4e29-406f-b0c9-ef0f2a41a6b5","4cefb9cb-4de0-4e3e-9958-b8a30c2b6bb7","PLACE","PLACE_REVIEW","5","2025-08-04 07:05:11.744"
"6d2b8962-0300-4b84-9890-e2ac816d672c","ba4f98cd-9a6c-496e-8e2a-96c50f05fd45","30241e39-4210-40ab-bfab-2acdda3e9ca8","PLACE","PLACE_REVIEW","5","2025-08-04 07:03:11.939"
"b5ea3365-49de-4290-b743-9491043a8e6c","20fed388-f5aa-4a9d-b05c-ed5902db6374","30241e39-4210-40ab-bfab-2acdda3e9ca8","PLACE","PLACE_REVIEW","5","2025-08-04 07:03:08.066"
"643f29a4-16fd-49c0-b4dd-3e3cbeb1949a","8e6e5ea3-a7b7-46f7-969d-085906a24244","0da7ef35-cd72-4930-900b-0d96e616c3b0","PLACE","PLACE_REVIEW","5","2025-08-04 06:38:36.035"
"09e51415-6841-429b-8f03-56964c2aad31","083569f1-f457-4652-922e-333e8308aa7b","30241e39-4210-40ab-bfab-2acdda3e9ca8","PLACE","PLACE_REVIEW","5","2025-08-04 06:36:48.354"
"c871d91a-8657-4232-b9b4-8f024028b219","6121cb4a-04c4-4445-87cc-935e02d304e7","24044edf-44c8-4d66-bea3-2263d784e1b1","PLACE","PLACE_REVIEW","5","2025-08-04 06:33:59.361"
"b9219a1f-c1cc-4fda-beae-1831bcfe73f1","3a512e95-aeac-45db-a042-1c4a4d20fe4c","4cdaee66-652c-4514-9c4a-1c771833eda4","PLACE","PLACE_REVIEW","5","2025-08-04 06:31:27.252"
"41243830-5958-47d6-bf19-1138a5f379f7","02e4d92b-612e-4fb1-b139-e57fdca7fccc","9cef1b24-658e-4c80-960f-690824e933b7","PLACE","PLACE_REVIEW","5","2025-08-04 05:33:37.568"
"51644fd5-b071-4856-8004-83b4d3ee946b","be720fa9-80a1-4139-9047-e17bf94eecd7","114a8db1-df60-43a4-918a-28d9418bc416","PLACE","PLACE_REVIEW","5","2025-08-04 05:27:56.043"
"0b955d15-0018-4269-8cc6-88761a493600","6003474b-a117-490f-a94c-a30351a3e53e","e36ad921-4d32-49be-b6a2-fd3065907dcf","PLACE","PLACE_REVIEW","5","2025-08-04 05:26:13.144"
"99517240-c82f-4bd9-9ddc-45ee75fb2a0f","abf3ecf4-7a01-4e89-a378-1b971019f516","fd4a315c-ca33-493f-a7d5-46e851b6f099","PLACE","PLACE_REVIEW","5","2025-08-04 05:19:52.482"
"688c77c2-f43f-4b22-b20b-6adcf44334b7","56395f1f-d649-4e90-b07a-483913365f45","89509d90-4692-488d-9181-9582e1a38743","PLACE","PLACE_REVIEW","5","2025-08-04 05:11:33.112"
"b7260ce3-99af-456d-8325-cf53aeb00a30","0d7dde39-511f-41be-a9e7-48d0d7f62dc7","0da7ef35-cd72-4930-900b-0d96e616c3b0","PLACE","PLACE_REVIEW","5","2025-08-04 04:50:36.139"
"be2bdbc5-e1f3-4940-9d75-977dd66f31de","020c069c-ccc4-49ea-814e-ae48b8306e9f","c14cf73e-4210-477b-b327-f31e386ae7dd","PLACE","PLACE_REVIEW","5","2025-08-04 04:45:53.444"
"10dc705c-6b0a-4dad-b13b-320d65ce2b74","859e8f39-8052-4043-b0df-f08b48fac26e","9e31ccb7-f657-4a0a-85d1-c72a2209e36d","PLACE","PLACE_REVIEW","5","2025-08-04 04:15:11.813"
"6c6d056e-9e16-4cb9-9a58-5d69f0d156c6","db878ea7-a63e-475a-85c3-a3aa6c94aedd","0da7ef35-cd72-4930-900b-0d96e616c3b0","PLACE","PLACE_REVIEW","5","2025-08-04 03:55:44.574"
"cf6db1e8-d633-44b2-9d0d-c851aa87a949","56903d4b-4f5a-4f92-80a9-65a41a1d7890","4cdaee66-652c-4514-9c4a-1c771833eda4","PLACE","PLACE_REVIEW","5","2025-08-04 03:53:26.543"
"ab9aa55d-37d5-4cb2-8db6-bc134507378b","990273dc-3c95-479b-9815-136ed8843c1c","0da7ef35-cd72-4930-900b-0d96e616c3b0","PLACE","PLACE_REVIEW","5","2025-08-04 03:51:38.306"
"6589ad24-de13-416c-a05c-64290f7366d0","e5a09ca5-4541-415c-a127-82138c8b5b42","48fce27f-75df-4e9e-84f3-31b62638b328","PLACE","PLACE_REVIEW","5","2025-08-04 03:50:08.439"
"6b16c1d2-0fc9-4818-8489-2d13dff0b288","fb3ff274-88ec-4b55-8866-331e9a17b037","0f8a8233-06b6-4841-8469-1c95b1f87360","PLACE","PLACE_REVIEW","5","2025-08-04 03:48:10.712"
"91c57dfc-1412-4e60-b7f6-2093ffd188dc","f85bdfb1-c0ea-476d-b689-be5cfd245514","30241e39-4210-40ab-bfab-2acdda3e9ca8","PLACE","PLACE_REVIEW","5","2025-08-04 03:48:09.702"
"e49e52c7-dfa9-4834-8d4f-fa003a904bc6","af2e27b8-2805-47fa-864b-72de6fd92668","4e5edfed-51e5-499f-9c37-428427227502","PLACE","PLACE_REVIEW","5","2025-08-04 03:47:27.952"
"72774f2b-8bf0-4f72-bf2f-21a586492b18","b8fa4937-16f5-492d-a519-77c93bf41e83","4cefb9cb-4de0-4e3e-9958-b8a30c2b6bb7","PLACE","PLACE_REVIEW","5","2025-08-04 03:45:43.540"
"7d1368ca-376e-4769-8fc1-a013981ee02e","bd7c28dd-7835-4c69-aeec-1442a9d03bd8","30241e39-4210-40ab-bfab-2acdda3e9ca8","PLACE","PLACE_REVIEW","5","2025-08-04 03:45:31.732"
"73e5188a-8b2d-4c37-923c-e2283f501470","f1e5c8a8-dca9-4a02-959a-60a62b7513dc","22331f84-ceed-43eb-9497-bea37c041b0a","PLACE","PLACE_REVIEW","5","2025-08-04 03:45:14.637"
"2e80be3b-1570-4f36-b9b3-6252709b6daf","f1e5c8a8-dca9-4a02-959a-60a62b7513dc","22331f84-ceed-43eb-9497-bea37c041b0a","PLACE","PLACE_REVIEW","5","2025-08-04 03:45:11.269"
"3215c7f2-6801-4d52-9c7e-25b77c19493e","019522f0-4d29-4c1a-95d4-60148508634d","29e86afd-b571-47c7-950e-64e73e4d006f","PLACE","PLACE_REVIEW","5","2025-08-04 03:45:03.941"
"e08315cd-7da2-448f-87b2-6042a1d045de","2a419d3d-2b7f-443a-a1de-9edc55f691ac","1624d616-57b2-459e-ab06-9aaf5df9bf8f","PLACE","PLACE_REVIEW","5","2025-08-04 03:43:25.348"
"2b92e753-d489-40f7-b779-6bdaf081e0df","05b92375-bcc9-48bc-829c-5b6d9fb0de7b","0da7ef35-cd72-4930-900b-0d96e616c3b0","PLACE","PLACE_REVIEW","5","2025-08-04 03:42:09.954"
"a6e69529-2b2e-4fc6-88cb-bfad7ff3a2a0","3a10d61f-cec7-48c8-847d-08451189bcab","0da7ef35-cd72-4930-900b-0d96e616c3b0","PLACE","PLACE_REVIEW","5","2025-08-04 03:40:29.391"
"1893e01b-f605-4190-bfb4-d84c9383e526","9251be67-e35c-4cd3-98d5-c391f6fc2dd0","1624d616-57b2-459e-ab06-9aaf5df9bf8f","PLACE","PLACE_REVIEW","5","2025-08-04 03:39:27.118"
"6cc0061f-8529-413d-80a2-5420126b7ddc","c6999909-19c1-43a4-9e58-26c2c5687f8a","1624d616-57b2-459e-ab06-9aaf5df9bf8f","PLACE","PLACE_REVIEW","5","2025-08-04 03:39:14.931"
"21abcf1a-3301-4fe6-876f-e4db13f65ee7","c4717c56-fdb7-4d1e-b612-10b2fb331458","30241e39-4210-40ab-bfab-2acdda3e9ca8","PLACE","PLACE_REVIEW","5","2025-08-04 03:37:46.158"
"82429592-88b6-44b3-945d-091103cd9c02","fc0b4907-b5ee-4832-92a1-a29dede6931d","4e5edfed-51e5-499f-9c37-428427227502","PLACE","PLACE_REVIEW","5","2025-08-04 03:36:32.033"
"75238ef6-8d30-4daa-9451-3ca961bdabdf","63734dbe-f2ea-441f-9d0b-aeceb1ee9ce5","30241e39-4210-40ab-bfab-2acdda3e9ca8","PLACE","PLACE_REVIEW","5","2025-08-04 03:34:26.939"
"c4afa019-68be-444e-9f40-f858eee04822","a7bd6544-6404-453c-a5b9-1d190b6392d4","0f8a8233-06b6-4841-8469-1c95b1f87360","PLACE","PLACE_REVIEW","5","2025-08-04 03:33:32.795"
"78ed1708-1d8f-4976-a54c-95d0c6656864","6ce0ead5-f08e-4222-a089-b2e10e558918","84dbddc5-9ab7-4e02-b767-a8869579fb39","PLACE","PLACE_REVIEW","5","2025-08-04 03:31:30.933"
"baba63a7-b07e-4370-80e3-29658303e4f9","f37fb849-0714-4821-9c03-adb87f0e22e6","0f8a8233-06b6-4841-8469-1c95b1f87360","PLACE","PLACE_REVIEW","5","2025-08-04 03:31:01.343"
"0f38082c-b9a7-44f8-b62c-aae9032bc1af","f0c5ff13-e4d5-4fa5-9c90-a1af95489cb8","30241e39-4210-40ab-bfab-2acdda3e9ca8","PLACE","PLACE_REVIEW","5","2025-08-04 03:29:40.751"
"5062e425-fd24-41a0-8ef3-3545a3cbc7e8","84abe381-f9b4-45ac-87d1-a0bc963abe36","30241e39-4210-40ab-bfab-2acdda3e9ca8","PLACE","PLACE_REVIEW","5","2025-08-04 03:27:27.444"
"c4f8e0cc-1e58-499e-9ce4-ef17cf2b28e8","26c194e2-018b-4448-a7e4-a2fbd42dda06","4f946a3a-74e8-4b62-b3bb-28851ff03b3c","PLACE","PLACE_REVIEW","5","2025-08-04 03:27:12.331"
"1c9f1b58-bf4d-4a93-b37a-96dd8f3c5cd3","efe35eac-19b5-4fa9-b860-0ba7ea07d6ea","4f946a3a-74e8-4b62-b3bb-28851ff03b3c","PLACE","PLACE_REVIEW","5","2025-08-04 03:22:44.847"
"e516f1ff-6c9a-47d7-bfd8-c155c20e3139","bc4cec1e-9f53-4eb9-9dbe-b6c8ffaf3fe5","114a8db1-df60-43a4-918a-28d9418bc416","PLACE","PLACE_REVIEW","5","2025-08-04 03:22:42.988"
"12d70638-e2dd-4de5-a4d8-c97ac792dc3b","b64630d8-5138-476b-a67c-d8d8d17d7da2","4cdaee66-652c-4514-9c4a-1c771833eda4","PLACE","PLACE_REVIEW","5","2025-08-04 03:21:22.229"
"e0b4b409-474c-4e86-827e-10951def6166","b2dac06a-9acf-421e-a841-ff7745fa6c54","30241e39-4210-40ab-bfab-2acdda3e9ca8","PLACE","PLACE_REVIEW","5","2025-08-04 03:20:42.906"
"bfe46958-215f-4b29-8c27-8178e8654492","0a5517b8-4194-4702-905a-f8cc71a95dbd","1624d616-57b2-459e-ab06-9aaf5df9bf8f","PLACE","PLACE_REVIEW","5","2025-08-04 03:20:21.953"
"c8aabb0e-2b82-4006-b278-7b293842cb97","c2c3a7b6-f71a-4923-bbe6-afc4e180ec25","04042825-e807-4ca5-9691-531860c3d7ec","PLACE","PLACE_REVIEW","5","2025-08-04 03:19:57.487"
"e0b9faa1-6faa-4090-9f8c-74abbfe70780","ac9cfbd7-9e65-4ea4-a7d7-3a3d74428010","41acb503-cacc-4091-ba8a-05151b8c5465","PLACE","PLACE_REVIEW","5","2025-08-04 03:19:55.136"
"9f442ce9-4d96-47ea-b5d2-fed095e64062","fead438d-bf38-4546-9317-5c2fc327c8c4","30241e39-4210-40ab-bfab-2acdda3e9ca8","PLACE","PLACE_REVIEW","5","2025-08-04 03:18:06.610"
"9bc9940e-82ba-46c1-97de-2bd0d94d9970","d4568620-2922-479a-b25c-34b2a86cdf5a","1fe8c4b4-216f-40a8-bef1-b8aeea213967","PLACE","PLACE_REVIEW","5","2025-08-04 03:16:38.538"
"00a74b8e-9e98-4a95-a0c9-3c896034156a","a83d5c33-f9c8-440f-971c-45d489a865d5","0da7ef35-cd72-4930-900b-0d96e616c3b0","PLACE","PLACE_REVIEW","5","2025-08-04 03:15:49.336"
"1b9f5c91-0a9e-41a9-ad7a-248b27d76bf9","93483f69-62fc-49a5-a8fc-117b6b7cb2df","29e86afd-b571-47c7-950e-64e73e4d006f","PLACE","PLACE_REVIEW","5","2025-08-04 03:15:00.484"
"bb698fc8-3206-46a3-8d1b-1b50623be832","c933c4ef-1dcd-4e69-acf7-6555432d14bb","eb09c8c6-099c-4610-ac40-d0f8b639b244","PLACE","PLACE_SPAM_REVIEW","5","2025-08-04 03:15:00.339"
"9069854c-b2ca-416e-89ea-954a27796eb5","c84a2944-3bbf-4288-9e19-f468326b19fc","0da7ef35-cd72-4930-900b-0d96e616c3b0","PLACE","PLACE_REVIEW","5","2025-08-04 03:13:37.643"
"96d95080-e506-4b35-828e-3160e7416946","d727cefe-eb60-42e4-a115-49da30e15c84","429d0f40-69fa-4a70-9c00-51cb63d47de8","PLACE","PLACE_REVIEW","5","2025-08-04 03:13:21.540"
"f7ff4a81-b4b1-4e61-b259-a2c304cd92ad","3f307014-ea4e-4643-b522-efda12c08ac8","1624d616-57b2-459e-ab06-9aaf5df9bf8f","PLACE","PLACE_REVIEW","5","2025-08-04 03:12:19.540"
"df479293-44b1-4716-833c-c4fd4c872b38","4a5dd2a1-5995-469b-83ed-025af321152d","0da7ef35-cd72-4930-900b-0d96e616c3b0","PLACE","PLACE_REVIEW","5","2025-08-04 03:12:16.733"
"7199f7a6-2b46-4303-a4d0-570e054f6a4b","98c87f7b-2129-460e-bb97-c1d7deacbaea","da8fa2cf-3663-4922-855c-52c230d73de7","PLACE","PLACE_REVIEW","5","2025-08-04 03:11:35.750"
"e7421d8b-7861-4662-a6ff-2c30f4a74643","40eba83e-5a78-4dc6-8933-0d5c07880fb7","30241e39-4210-40ab-bfab-2acdda3e9ca8","PLACE","PLACE_REVIEW","5","2025-08-04 03:10:07.331"
"6b907cac-b972-4b7f-944d-af81b4cdb14f","77f6100c-fc7d-4185-a257-a35546346cca","dfb728b4-f41c-4003-97f9-2afb6869058b","PLACE","PLACE_REVIEW","5","2025-08-04 03:08:56.237"
"83a6036f-c947-4605-84f0-956c0c42da9b","333e0829-4150-41dd-942b-10ea4620862a","1624d616-57b2-459e-ab06-9aaf5df9bf8f","PLACE","PLACE_REVIEW","5","2025-08-04 03:06:59.627"
"ab414ef3-b6e6-40d7-b653-997bba7e09d1","641c5f47-0ffd-4b86-a908-089768c8ae92","114a8db1-df60-43a4-918a-28d9418bc416","PLACE","PLACE_REVIEW","5","2025-08-04 03:04:53.740"
"c340c1b5-dc4c-4de7-b955-760cfb819f8f","4f630260-e798-4686-b7ee-3e0aa26fe965","ca56fcce-29de-4b05-94f9-65ecdce36e79","PLACE","PLACE_REVIEW","5","2025-08-04 03:04:50.734"
"e11830db-beb3-4ce8-abf1-5461f422f705","92345e92-0bed-4485-8bfe-6b61c4f230e2","30241e39-4210-40ab-bfab-2acdda3e9ca8","PLACE","PLACE_REVIEW","5","2025-08-04 03:04:14.032"
"a9a49279-5df9-4290-9d71-5f3748a17f33","080cee1e-db7f-423b-b80d-9da3814221b7","30241e39-4210-40ab-bfab-2acdda3e9ca8","PLACE","PLACE_REVIEW","5","2025-08-04 03:03:44.838"
"ddb8f2e2-68bb-484e-8119-dfa2fb71d016","e3c425c9-aac3-4c6d-8b0e-b2c81de97a19","6c93e90c-ac03-4a83-8013-8002a729e49c","PLACE","PLACE_REVIEW","5","2025-08-04 03:01:59.835"
"d2749ea3-27c8-4cc3-983a-c307fcffee71","5db572c6-e9eb-4033-94bc-fe72e2168617","61668fce-1c7a-4310-b979-58f42218834e","PLACE","PLACE_REVIEW","5","2025-08-04 03:00:12.469"
"debd4c81-668b-4a4b-b401-df25571fb17a","1e3794da-34ba-4864-bac7-e3357f10f494","30241e39-4210-40ab-bfab-2acdda3e9ca8","PLACE","PLACE_REVIEW","5","2025-08-04 02:55:59.804"
"0e71caa8-7ee8-46c1-bab0-b4b1662fac8a","9a88d95f-99b8-4ce6-a3a4-677b6f006d37","9f7fb803-d7ed-4c5e-9de2-e757fe4b8459","PLACE","PLACE_REVIEW","5","2025-08-04 02:50:46.778"
"6f111d8b-ab47-4de9-93c6-c10abc8f3dde","084a121b-ba57-4b5c-a465-59afa235c9b7","30241e39-4210-40ab-bfab-2acdda3e9ca8","PLACE","PLACE_REVIEW","5","2025-08-04 02:45:16.241"
"c0483929-44c9-406b-ba7a-8eaa338ee7c7","b589ea46-8a79-4065-8abf-9b4da78bbaa0","0da7ef35-cd72-4930-900b-0d96e616c3b0","PLACE","PLACE_REVIEW","5","2025-08-04 02:40:40.337"
"2f23a727-a9e5-41fe-b1b4-952eb0a5e630","60dd7de7-32b7-4427-bc5f-fa635d5e32bb","4f946a3a-74e8-4b62-b3bb-28851ff03b3c","PLACE","PLACE_REVIEW","5","2025-08-04 02:35:25.533"
"fb572f76-2c63-4fa6-ae16-96d7f58cf3a8","96a71e91-0b2f-4d0f-888e-dadf8c9cf81b","5569a4af-d2c4-4e9a-b8ca-a727eff162c8","PLACE","PLACE_SPAM_REVIEW","5","2025-08-04 02:34:07.627"
"ac01182f-a844-40ee-883c-773f1c6da1f5","5129453c-d9f6-4e53-b7fa-109043f12e83","30241e39-4210-40ab-bfab-2acdda3e9ca8","PLACE","PLACE_REVIEW","5","2025-08-04 02:31:09.835"
"402b0e27-2c0b-4d5d-be39-827b4310f45e","c249497c-2a9e-413d-a18b-ec51161b9911","0110d2a4-7674-4a48-a46d-0958c0872c24","PLACE","PLACE_REVIEW","5","2025-08-04 02:28:36.444"
"0cf00adf-1c37-4756-ad3f-41aa25bb8ac5","e98ef00b-78cc-4d59-8599-5caa3a511532","9155f09c-aa5f-4570-bc0f-331ef9881366","PLACE","PLACE_REVIEW","5","2025-08-04 01:34:35.143"
"1c4a3a64-b447-4e7c-8bb4-d477ae635047","af1f567b-78f4-41f8-a932-f43e1850b731","7aa494c3-da41-458b-8e72-7d639b41cfd8","PLACE","PLACE_REVIEW","5","2025-08-04 01:19:50.138"
"5767f0a3-0143-4839-ada8-6a4727e81761","7a99e43b-dd06-45fd-a81e-546e04afceb0","114a8db1-df60-43a4-918a-28d9418bc416","PLACE","PLACE_REVIEW","5","2025-08-04 01:07:16.055"
"b2356e92-b20e-4b9e-ba9c-49e3ae3c9bf1","0498ca09-ee6e-4e77-b93d-59bab0f1be2e","0f8a8233-06b6-4841-8469-1c95b1f87360","PLACE","PLACE_REVIEW","5","2025-08-04 01:06:16.040"
"45c72f18-c338-4cc3-a80f-469a432d75c8","54ff98ee-e155-4efb-bcee-dad69fb64eaa","29e86afd-b571-47c7-950e-64e73e4d006f","PLACE","PLACE_REVIEW","5","2025-08-04 01:05:17.634"
"7a3a0b3a-fca3-4e18-bbca-5a602541ba85","b87e98c6-7708-4df2-b8b2-f069f28024d3","0da7ef35-cd72-4930-900b-0d96e616c3b0","PLACE","PLACE_REVIEW","5","2025-08-04 01:04:09.458"
"07402a3b-58ee-43b6-b841-a0b95f6983ff","af7671b4-2964-432e-857c-ac6ba26500be","1624d616-57b2-459e-ab06-9aaf5df9bf8f","PLACE","PLACE_REVIEW","5","2025-08-04 01:03:12.129"
"99db1949-9637-4d5d-aece-59ac28c3e80e","b97f6b28-d756-4b1e-b55d-995fff1c40eb","6538d14a-b4c8-4e26-900a-17c9c7123d3c","PLACE","PLACE_REVIEW","5","2025-08-04 00:53:10.840"
"963a2d9f-42c5-499d-a846-ed8a80f87d55","ad623e05-7e82-4953-ba5e-73078e860016","5f085c40-3191-4fcf-926e-a3e74ef58c65","PLACE","PLACE_REVIEW","5","2025-08-04 00:39:33.236"
"8d4d64fb-ef4b-4ac0-a56f-8bcf179e497c","4c910ec4-5b64-4a41-afe8-cb448a25815e","30241e39-4210-40ab-bfab-2acdda3e9ca8","PLACE","PLACE_REVIEW","5","2025-08-04 00:38:41.162"
"e9aa0a4e-c374-4beb-a891-e9fa2033e310","055cf911-0ae9-4e45-8cf8-a39be42e3c0b","30241e39-4210-40ab-bfab-2acdda3e9ca8","PLACE","PLACE_REVIEW","5","2025-08-04 00:37:36.549"
"2cb6d157-d134-449c-9d60-184c0cafe0ff","e0e8c8ee-59f8-4add-aa9b-824649932219","b8ac81b3-2591-4b6e-ab60-b41f6e987b72","PLACE","PLACE_REVIEW","5","2025-08-04 00:36:17.041"
"39ca92b2-feec-4d70-b633-8006903be107","216fd1ff-3d72-44fc-aedf-f8e29ace5549","0019a19e-1414-4a00-9fbe-c6ea764df5bd","PLACE","PLACE_REVIEW","5","2025-08-04 00:34:17.954"
"8f4330c5-0a48-475f-9811-26de8f2b092e","529928d5-a5bd-4100-91e4-fbc23820f801","4cefb9cb-4de0-4e3e-9958-b8a30c2b6bb7","PLACE","PLACE_REVIEW","5","2025-08-04 00:34:17.639"
"ba38be12-771d-43dd-a8a5-18baffae0b89","1e74b4ec-70cb-4d04-b9c8-61117bd44737","1fe8c4b4-216f-40a8-bef1-b8aeea213967","PLACE","PLACE_REVIEW","5","2025-08-04 00:32:32.809"
"77bc8bda-add6-40c0-9d7e-16c3b9f2092d","1b375ca5-1e89-4233-bd62-8f3e094eb844","ba5a398e-45bc-4471-b8d9-c6425f9305f0","PLACE","PLACE_REVIEW","5","2025-08-04 00:32:11.833"
"1552cfd1-b7cc-4b71-8695-27c8e3be8bbe","ff143667-dcfc-4dcc-b70a-dcd8e2372c5d","4cdaee66-652c-4514-9c4a-1c771833eda4","PLACE","PLACE_REVIEW","5","2025-08-04 00:31:27.519"
"b8a10092-9a66-4b9d-9eae-7267341e8d69","5d6d60fa-d701-4cec-8e2a-1895e626e6fc","eb4fb147-6ef9-450a-8510-b18715ac94ab","PLACE","PLACE_REVIEW","5","2025-08-04 00:30:34.757"
"6c68828a-fba3-4c78-bb73-d8885de3a02d","764204d9-e31a-4cd0-b134-8496a2286229","ac6f68bc-4aa1-46e7-8939-301c3919d86d","PLACE","PLACE_REVIEW","5","2025-08-04 00:28:30.448"
"bbc8abc0-8554-4b67-9aef-6ddb059f895c","a6772380-9e50-4121-ae27-29f62e2c0e48","30241e39-4210-40ab-bfab-2acdda3e9ca8","PLACE","PLACE_REVIEW","5","2025-08-04 00:27:38.383"
"9b46a0bb-1419-4929-80fc-eabde39de2f8","90b56d59-992c-4879-a1cc-18dbd2365c64","51e4f8a2-aa90-45b0-90f2-bf3ba57ce635","PLACE","PLACE_REVIEW","5","2025-08-04 00:25:29.310"
"2b23a23a-38c7-4b18-a77a-7a945c6a85c7","4a93519e-8457-484d-8e26-306924ee114a","a3ae9386-0be0-4845-b7c9-d956661044c6","PLACE","PLACE_REVIEW","5","2025-08-04 00:23:58.171"
"34bd9706-35de-420e-a9a2-ae2c1be06079","c8b06a81-2419-49e7-ba33-09220a0df762","429d0f40-69fa-4a70-9c00-51cb63d47de8","PLACE","PLACE_REVIEW","5","2025-08-04 00:16:15.351"
"bbfafbe8-f57b-4bd8-84b7-430788c7f6db","73f4cba0-e8d0-407e-8901-557c30020529","29e86afd-b571-47c7-950e-64e73e4d006f","PLACE","PLACE_REVIEW","5","2025-08-04 00:14:21.440"
"90b229b9-758b-406d-88bf-db7d6286137c","d81c61b9-3e1d-4500-bb97-5bdcfc6b0116","52d4485b-ad05-4ea5-b308-3b3699e6d621","PLACE","PLACE_REVIEW","5","2025-08-04 00:07:38.107"
"1cdcf137-54a5-453f-9fbb-d77a3c7dab59","d81c61b9-3e1d-4500-bb97-5bdcfc6b0116","52d4485b-ad05-4ea5-b308-3b3699e6d621","PLACE","PLACE_REVIEW","5","2025-08-04 00:07:36.433"
"2f5fc71b-9c3a-489a-a0e7-6521da8241dd","bdba2a8b-bf00-4454-b8b0-400d483993ef","48fce27f-75df-4e9e-84f3-31b62638b328","PLACE","PLACE_REVIEW","5","2025-08-03 23:57:57.137"
"3e8e4d6b-4c6c-4e8e-8062-e407164180af","4c3e6fca-748c-49e1-aa2a-d8032fc565a8","1624d616-57b2-459e-ab06-9aaf5df9bf8f","PLACE","PLACE_REVIEW","5","2025-08-03 23:55:24.836"
"55cddc65-2350-456c-a29a-7c6c0507ccf0","859e8f39-8052-4043-b0df-f08b48fac26e","d1b9eae2-5667-4298-9cbd-5360bda2ff0e","PLACE","PLACE_REVIEW","5","2025-08-03 23:54:21.694"
"ac2dd74d-fd37-4449-bf1f-ceb620e985e8","80a002ae-4f6b-4d3a-8b9b-d532b6c28094","30241e39-4210-40ab-bfab-2acdda3e9ca8","PLACE","PLACE_REVIEW","5","2025-08-03 23:43:11.467"
"20ac0492-cdc2-4ec7-8206-5141f24167da","2064a1ad-02da-4a6b-9dad-df10be406b18","0da7ef35-cd72-4930-900b-0d96e616c3b0","PLACE","PLACE_REVIEW","5","2025-08-03 23:39:56.382"
"ddcd1baf-10b2-47b3-a6bf-0abd46116b7d","a85d2fac-2870-4d36-b1ba-15383b138c5c","48fce27f-75df-4e9e-84f3-31b62638b328","PLACE","PLACE_SPAM_REVIEW","5","2025-08-03 23:38:10.598"
"158fb8d6-b9f3-4679-a4d0-3517775eedf4","a264b88f-d44b-4e5c-9ddb-04b6809e494c","c66ce3d2-8db2-4ea5-9a06-df91ebbbe304","PLACE","PLACE_SPAM_REVIEW","5","2025-08-03 23:37:50.936"
"0ba8e13d-99f5-4935-802a-602744f81499","680ff2b3-4a80-47d9-82bc-511abebd9561","51e4f8a2-aa90-45b0-90f2-bf3ba57ce635","PLACE","PLACE_SPAM_REVIEW","5","2025-08-03 23:37:24.543"
"417138f6-1cda-411b-be53-7514ea87cc52","5c30d85b-93b4-412a-90c4-a8c324fed572","01da569f-0513-4f58-88d6-d10b8013457b","PLACE","PLACE_SPAM_REVIEW","5","2025-08-03 23:36:42.717"
"d7f0666a-5806-47d9-aed5-cc3be164a8fa","56700558-6ce0-410c-b594-f211d8782636","51e4f8a2-aa90-45b0-90f2-bf3ba57ce635","PLACE","PLACE_REVIEW","5","2025-08-03 23:36:27.376"
"c50dc40d-e1bc-47b6-80df-4d2504e92632","491714b7-319f-47ce-8932-02b7b554550e","9aa89a73-e24c-4fbf-9b14-cdddb3b984e5","PLACE","PLACE_SPAM_REVIEW","5","2025-08-03 23:36:27.016"
"8a3440e9-420e-4829-9a30-accb57eb2be9","16c137cc-9ae1-4d6c-b0e4-18474e8bde25","52d4485b-ad05-4ea5-b308-3b3699e6d621","PLACE","PLACE_SPAM_REVIEW","5","2025-08-03 23:35:42.362"
"b18d54e4-90ca-4f53-92ec-85fcc354f9ae","45d30041-08ac-4d16-bb41-b5c2814471fd","51e4f8a2-aa90-45b0-90f2-bf3ba57ce635","PLACE","PLACE_SPAM_REVIEW","5","2025-08-03 23:34:56.531"
"797a1a8a-2159-4604-b4cb-46bc7715d182","7c73b760-5f19-442d-884d-e9411772aaa4","1e133989-0099-430d-acdc-8c33d2576e9f","PLACE","PLACE_SPAM_REVIEW","5","2025-08-03 23:34:55.843"
"d46ff4dd-bf25-457a-8b96-9d7dd386d0bd","9a708692-1c82-495c-b0f7-622d02260fe3","3d1f6168-3f42-467c-9aff-0c366728bb9e","PLACE","PLACE_SPAM_REVIEW","5","2025-08-03 23:34:15.739"
"33e3e32b-356e-4ae3-947f-8dbb28b54344","24cfdc7f-b609-42f4-8170-fd4469d7b00f","4e5edfed-51e5-499f-9c37-428427227502","PLACE","PLACE_SPAM_REVIEW","5","2025-08-03 23:33:37.925"
"631b1ba1-0e51-492a-bdc4-0d20ed5b220d","8b23c730-f0f1-405a-b86f-8262eeaed3cb","30241e39-4210-40ab-bfab-2acdda3e9ca8","PLACE","PLACE_SPAM_REVIEW","5","2025-08-03 23:33:36.302"
"4d3fa99b-d85b-4600-b5da-2f9d4d8edd91","a3b590f3-913d-4bfe-879c-5f352df52454","51e4f8a2-aa90-45b0-90f2-bf3ba57ce635","PLACE","PLACE_SPAM_REVIEW","5","2025-08-03 23:32:54.201"
"1a68230a-6825-4f63-98e2-0196397ceff4","d8052be4-42bd-4288-995e-946aef3eded9","24044edf-44c8-4d66-bea3-2263d784e1b1","PLACE","PLACE_REVIEW","5","2025-08-03 23:32:52.644"
"0ca82303-21d2-4170-a504-24a8f091cd19","8974008b-3580-4962-8883-fac97e742958","0110d2a4-7674-4a48-a46d-0958c0872c24","PLACE","PLACE_SPAM_REVIEW","5","2025-08-03 23:32:05.574"
"b0f40701-14f6-46da-91bf-38eee56e0063","7e58b5ca-8a07-48be-873c-66899ad50bd6","0f8a8233-06b6-4841-8469-1c95b1f87360","PLACE","PLACE_SPAM_REVIEW","5","2025-08-03 23:31:30.161"
"ba3e7791-effd-462b-9f93-12fbeb63cf18","bb96982d-9146-4b86-ad29-6a20a9a8357c","4f05b36f-ca59-419a-80f1-59835b141008","PLACE","PLACE_SPAM_REVIEW","5","2025-08-03 23:30:07.834"
"5932169d-a1ca-442b-bd51-235c0f3f5285","4085f55a-19d4-4cd4-ad85-5c19c08c9f49","48ce4498-544f-43dc-86bd-806bc876d938","PLACE","PLACE_SPAM_REVIEW","5","2025-08-03 23:28:47.839"
"2216bfb6-2111-494e-a7ed-98f81d7ae2fc","26a2b120-11a0-4f09-96ac-27fde6baf876","ba5a398e-45bc-4471-b8d9-c6425f9305f0","PLACE","PLACE_SPAM_REVIEW","5","2025-08-03 23:28:43.856"
"2e8c704d-8847-440a-a25b-471266aa2dba","22f940f4-dcf3-4e21-b3bb-006c247b52c0","9155f09c-aa5f-4570-bc0f-331ef9881366","PLACE","PLACE_SPAM_REVIEW","5","2025-08-03 23:26:55.464"
"9989a686-47fe-47b3-8057-c1c1bf915adc","b5df22af-fb72-4530-9f73-75ec30b67a3e","ba5a398e-45bc-4471-b8d9-c6425f9305f0","PLACE","PLACE_SPAM_REVIEW","5","2025-08-03 23:24:01.136"
"94508e1c-36d9-4ed5-adae-eaf551497927","6403ec43-187d-4d10-83d3-3c458710ca41","02665ab7-06a2-4fae-b046-7f0d50a896ba","PLACE","PLACE_REVIEW","5","2025-08-03 23:20:57.728"
"91c33770-7c18-4425-b2c4-3da1b83e3fe5","aa6d71de-b682-4bb3-bba1-27900baafe1b","01da569f-0513-4f58-88d6-d10b8013457b","PLACE","PLACE_REVIEW","5","2025-08-03 23:17:49.452"
"d2110f98-4111-4a2e-b47d-087f267faa5d","86292a3c-8e35-48cb-beb9-4c0c9db408de","1e133989-0099-430d-acdc-8c33d2576e9f","PLACE","PLACE_REVIEW","5","2025-08-03 23:14:14.579"
"727e8240-bd40-421f-9c69-0dd39e968203","9e47a9cf-88bf-415d-954a-a13c2987dff4","4e5edfed-51e5-499f-9c37-428427227502","PLACE","PLACE_REVIEW","5","2025-08-03 23:04:48.493"
"93ba7f37-2c32-4d33-9f06-21f6d3b9a6f2","8b759ed9-6d9e-4555-8976-13d4a2b12bd1","3d1f6168-3f42-467c-9aff-0c366728bb9e","PLACE","PLACE_REVIEW","5","2025-08-03 23:02:19.234"
"830b6168-acc8-4ed2-acca-9eca10c447a4","ea86de06-b7e9-4361-990b-06bc7f583fd8","22331f84-ceed-43eb-9497-bea37c041b0a","PLACE","PLACE_REVIEW","5","2025-08-03 22:59:20.065"
"dd2b942f-a459-43f0-bec4-0f0ab1c3bc95","472231b9-43cd-484b-ab2f-771c73fafde5","48ce4498-544f-43dc-86bd-806bc876d938","PLACE","PLACE_REVIEW","5","2025-08-03 22:51:02.735"
"5ab4f285-76df-464c-9dd0-4a065dc49687","9e6a65a7-4a8f-466e-ae4c-9a7d21d0831a","0019a19e-1414-4a00-9fbe-c6ea764df5bd","PLACE","PLACE_REVIEW","5","2025-08-03 22:47:04.542"
"b50ce266-5cd3-46d5-ac0d-7bf7b30a1f77","1666a625-e450-4bda-ab32-8dedfa045925","0110d2a4-7674-4a48-a46d-0958c0872c24","PLACE","PLACE_REVIEW","5","2025-08-03 22:44:27.919"
"8b648f7f-c43c-4fba-bd7e-5dffef04e6f0","dee0787f-ac1d-449f-bb5e-2051377d1eab","02665ab7-06a2-4fae-b046-7f0d50a896ba","PLACE","PLACE_REVIEW","5","2025-08-03 15:22:14.434"
"ab37677d-f025-4ebb-99db-b496b78dc6bf","afc64287-9505-4aac-93f0-7414fb043916","4cdaee66-652c-4514-9c4a-1c771833eda4","PLACE","PLACE_REVIEW","5","2025-08-03 14:54:20.331"
"dc8e7578-747b-4aa0-8f53-29f41e26ca47","157ac1ca-49d8-4b40-a8ec-88ec1051f8ec","01da569f-0513-4f58-88d6-d10b8013457b","PLACE","PLACE_REVIEW","5","2025-08-03 14:54:09.032"
"f3605673-bc5e-4aeb-b9f2-8577085bca1f","499b7663-5906-4185-ae04-cb1452f7a4a5","4cdaee66-652c-4514-9c4a-1c771833eda4","PLACE","PLACE_REVIEW","5","2025-08-03 14:49:25.657"
"07c915e9-c21a-43c6-ab9b-036796f09173","f075542e-919f-4a9d-9008-a689f98fca6c","4cefb9cb-4de0-4e3e-9958-b8a30c2b6bb7","PLACE","PLACE_REVIEW","5","2025-08-03 14:45:56.899"
"0c70199a-bd08-418c-9d07-8e4a4ab549e2","a6ef9522-aebc-4186-9b25-ac01eb4c1d08","4e5edfed-51e5-499f-9c37-428427227502","PLACE","PLACE_REVIEW","5","2025-08-03 14:43:28.539"
"9aa0c4c1-92ef-4dd5-9d01-cd1dd01c951d","461f6734-c120-48f5-9985-d0d57cc31c64","429d0f40-69fa-4a70-9c00-51cb63d47de8","PLACE","PLACE_REVIEW","5","2025-08-03 14:40:46.842"
"d505b69b-a97d-43bc-bab4-ff698f1ad122","4d892c1e-775e-4b49-a979-0575189d5756","4f946a3a-74e8-4b62-b3bb-28851ff03b3c","PLACE","PLACE_REVIEW","5","2025-08-03 14:38:26.533"
"3b5745b5-e2f7-49f1-bba0-9e0d52348b7d","d182b143-8b71-4e98-bafc-61f2f981ce47","4f946a3a-74e8-4b62-b3bb-28851ff03b3c","PLACE","PLACE_REVIEW","5","2025-08-03 14:37:37.966"
"03599454-2919-4b15-9c97-fbd4710aff01","2cf2b731-fc32-4e6c-bacf-951621306beb","0019a19e-1414-4a00-9fbe-c6ea764df5bd","PLACE","PLACE_REVIEW","5","2025-08-03 14:33:44.245"
"12b4c246-2e96-4cbc-9d13-b193882353ec","75443f00-0bcc-4723-a4f4-ba3e9511d0b9","0da7ef35-cd72-4930-900b-0d96e616c3b0","PLACE","PLACE_REVIEW","5","2025-08-03 14:29:40.910"
"862b75f0-e0c5-49ea-8373-8bc6723009a9","36b1995a-b2af-4a93-bd9a-e37ee58ae366","24044edf-44c8-4d66-bea3-2263d784e1b1","PLACE","PLACE_REVIEW","5","2025-08-03 14:29:01.690"
"a9978163-821d-4367-9eba-4cab510902cd","1866fe4f-0b23-47bb-88f3-14e6982e048c","114a8db1-df60-43a4-918a-28d9418bc416","PLACE","PLACE_REVIEW","5","2025-08-03 14:25:32.434"
"6c4ecaf5-cdae-45d3-b8fb-fb0caf09018f","5ee99a61-c5a0-4090-bbec-a272b3787783","01da569f-0513-4f58-88d6-d10b8013457b","PLACE","PLACE_REVIEW","5","2025-08-03 14:22:00.644"
"bb95fef4-27de-486a-b2e2-4f726311db1e","80e65bf4-259a-473d-b895-532a064acc11","0f8a8233-06b6-4841-8469-1c95b1f87360","PLACE","PLACE_REVIEW","5","2025-08-03 14:16:29.935"
"ba2ea573-1041-4769-b43a-6c0b520eabd7","85f8b471-faa4-4447-9eab-7b79f3fc7748","4e5edfed-51e5-499f-9c37-428427227502","PLACE","PLACE_REVIEW","5","2025-08-03 14:16:28.249"
"9f9b8cc7-9786-440b-b3c8-0357c5e79640","812f3bda-3a8e-465b-bec7-e6d6579fe2f4","0f8a8233-06b6-4841-8469-1c95b1f87360","PLACE","PLACE_REVIEW","5","2025-08-03 14:11:36.237"
"e783c86a-bcb6-4388-86c3-a192c6ab93fb","c56c72a7-519c-4054-ab23-73532f4dac4a","29e86afd-b571-47c7-950e-64e73e4d006f","PLACE","PLACE_REVIEW","5","2025-08-03 14:01:55.379"
"67c9180f-5d16-4e61-9252-08d49b7f94d5","44a3a6a4-9d35-46fb-af10-5c702986c0e0","4cefb9cb-4de0-4e3e-9958-b8a30c2b6bb7","PLACE","PLACE_REVIEW","5","2025-08-03 13:42:55.366"
"de209274-005d-403d-b305-953fb1814c53","56868801-c2ff-4abf-aed7-15db091601e6","035fab19-6b0d-4478-8baa-8692f37d6c29","PLACE","PLACE_REVIEW","5","2025-08-03 13:32:37.155"
"aa9525ba-d74c-494e-99e4-a0df02d818ce","b89797f4-aaa9-4a3e-bd11-3102e7db9ec8","3d1f6168-3f42-467c-9aff-0c366728bb9e","PLACE","PLACE_REVIEW","5","2025-08-03 13:18:11.950"
"1872d9eb-8743-4f5f-858a-2a06da13fe2f","c7402ab9-d8f9-416e-9c2e-e409693cdef4","52d4485b-ad05-4ea5-b308-3b3699e6d621","PLACE","PLACE_REVIEW","5","2025-08-03 13:06:23.826"
"a7305665-29b9-456f-adf2-b8e5262584de","c110fa0f-ccf6-45eb-ad85-aeb48a75d89c","48fce27f-75df-4e9e-84f3-31b62638b328","PLACE","PLACE_REVIEW","5","2025-08-03 12:57:28.935"
"c3ac74f4-8568-48ac-808b-ee04a6bc71ea","859e8f39-8052-4043-b0df-f08b48fac26e","9a3760d9-659b-4f82-8644-ede4a0464990","PLACE","PLACE_REVIEW","4","2025-08-03 12:52:34.719"
"d60fa861-cc91-4add-be2a-b5e5ae2a613d","859e8f39-8052-4043-b0df-f08b48fac26e","4cdaee66-652c-4514-9c4a-1c771833eda4","PLACE","PLACE_REVIEW","5","2025-08-03 12:51:55.425"
"a53e37ab-45d9-4802-a8f1-d32371890954","a3c0c69a-ad52-4360-b603-f160186c1e60","1624d616-57b2-459e-ab06-9aaf5df9bf8f","PLACE","PLACE_REVIEW","5","2025-08-03 12:51:46.640"
"ec4f9912-fab7-4dfd-b1d9-e0aeca7b42ba","c2c3a7b6-f71a-4923-bbe6-afc4e180ec25","533b93ff-020a-46fe-8605-3c0be1f5285a","PLACE","PLACE_REVIEW","5","2025-08-03 12:46:12.312"
"429364a9-1b15-4838-8884-44e27a788e74","9adb2255-ada7-41af-8597-16635b09e733","30241e39-4210-40ab-bfab-2acdda3e9ca8","PLACE","PLACE_REVIEW","5","2025-08-03 12:45:48.139"
"1a7b6e2f-732f-4235-a925-114a22eb81e6","2f8b88e1-1d6f-4498-b0cf-3e8587db554a","30241e39-4210-40ab-bfab-2acdda3e9ca8","PLACE","PLACE_REVIEW","5","2025-08-03 12:42:56.368"
"a16a3b46-c77d-4f16-b529-44545ba71bc2","009d5401-e213-4b27-9e5e-fdcebbbcf6f7","5fcfd86e-477b-48f2-a3a9-92b0fa166a4c","PLACE","PLACE_REVIEW","5","2025-08-03 12:42:21.828"
"7de9be51-8acf-495f-85f4-b7e0c580ac32","98c87f7b-2129-460e-bb97-c1d7deacbaea","0f8a8233-06b6-4841-8469-1c95b1f87360","PLACE","PLACE_REVIEW","5","2025-08-03 12:41:38.038"
"7e5cf1ed-f99a-40c3-bdda-22f49a72e794","fa4b8689-209d-48f7-a4d5-1827c6757dcb","03070dae-5e12-42c0-b214-395c0899396a","PLACE","PLACE_REVIEW","5","2025-08-03 12:37:20.936"
"39e295a2-2154-428d-8e1a-f7fad2651c48","d0e55d31-afa8-45c8-94b9-bd0a575ee007","114a8db1-df60-43a4-918a-28d9418bc416","PLACE","PLACE_REVIEW","5","2025-08-03 12:37:19.362"
"9f39c12e-eb4b-4d3a-aace-4f807db52e84","be720fa9-80a1-4139-9047-e17bf94eecd7","0da7ef35-cd72-4930-900b-0d96e616c3b0","PLACE","PLACE_REVIEW","5","2025-08-03 12:37:15.877"
"8f52f324-d41a-4b0e-86ea-d6086255df46","3a512e95-aeac-45db-a042-1c4a4d20fe4c","3d1f6168-3f42-467c-9aff-0c366728bb9e","PLACE","PLACE_REVIEW","5","2025-08-03 12:34:17.532"
"6fdd0c5f-bc4d-4868-a9ab-2c2c15d9c63e","2a07dc88-ccd0-4604-9e5b-5bbfc3cf94c8","fc6625d2-1993-4052-a720-eef6f4712c59","PLACE","PLACE_REVIEW","5","2025-08-03 12:31:14.235"
"d0bf40fa-e5f9-4872-bb43-0e830851f1a1","6121cb4a-04c4-4445-87cc-935e02d304e7","0f8a8233-06b6-4841-8469-1c95b1f87360","PLACE","PLACE_REVIEW","5","2025-08-03 12:30:27.877"
"bc016927-fc05-4ae1-890a-47d9704ca59a","0b7a27b4-f4a8-4c49-a878-c0c45379fdd2","533b93ff-020a-46fe-8605-3c0be1f5285a","PLACE","PLACE_REVIEW","5","2025-08-03 12:27:01.278"
"3b4533da-0542-421d-9dd0-7f04f33be625","31afdcac-e022-49e0-a390-7526cf778607","9155f09c-aa5f-4570-bc0f-331ef9881366","PLACE","PLACE_REVIEW","5","2025-08-03 12:26:10.974"
"e46463d7-651b-4bde-b2ea-199826aa8693","20fed388-f5aa-4a9d-b05c-ed5902db6374","48ce4498-544f-43dc-86bd-806bc876d938","PLACE","PLACE_REVIEW","5","2025-08-03 12:21:16.136"
"b575a4fe-7491-47f0-9281-b538703b4a36","2ba562ad-5453-4332-9ff8-55ad0f37c123","114a8db1-df60-43a4-918a-28d9418bc416","PLACE","PLACE_REVIEW","5","2025-08-03 12:20:24.339"
"3e67ecdb-5b70-424a-a2ec-c21bc7bafb49","dfc1aba0-11be-455e-ae24-2747873da7f4","1e133989-0099-430d-acdc-8c33d2576e9f","PLACE","PLACE_REVIEW","5","2025-08-03 12:16:03.440"
"1b2a69c4-69ed-45c6-bad5-0d5d2d6e6d84","26d0728d-a1c2-453e-ad00-9641ddde444f","ba5a398e-45bc-4471-b8d9-c6425f9305f0","PLACE","PLACE_REVIEW","5","2025-08-03 12:13:23.742"
"cd216ad8-58f7-4585-bc23-c74fca239895","06c322b0-4e29-406f-b0c9-ef0f2a41a6b5","22331f84-ceed-43eb-9497-bea37c041b0a","PLACE","PLACE_REVIEW","5","2025-08-03 12:12:47.398"
"9f394e3e-c14b-43c0-a1f3-983d9bf8b8da","49959f72-94fe-4300-8ad3-892a64fe1bfb","702dfbf3-d8e9-4379-bcb9-55e44c5b90f0","PLACE","PLACE_REVIEW","5","2025-08-03 12:08:58.635"
"1d6914e1-9358-4738-95ee-8e6339379856","1ca15a46-dda9-4762-a618-cec184fff11e","51e4f8a2-aa90-45b0-90f2-bf3ba57ce635","PLACE","PLACE_REVIEW","5","2025-08-03 12:08:48.133"
"6a9ef4d7-a973-4e66-8700-ec15f673ef4a","4d41b4bf-6c58-4ddb-ab0c-3c320e720e30","1e133989-0099-430d-acdc-8c33d2576e9f","PLACE","PLACE_REVIEW","5","2025-08-03 12:07:37.263"
"54d57e63-4116-4354-a247-faec8729c067","47fb2b90-982b-47db-a186-ea9560e88107","30241e39-4210-40ab-bfab-2acdda3e9ca8","PLACE","PLACE_REVIEW","5","2025-08-03 12:06:04.143"
"0108d7bb-e4db-4460-b8a5-2958c7155eb3","e54ba2e0-caf9-4495-856b-edfbe92be85e","24044edf-44c8-4d66-bea3-2263d784e1b1","PLACE","PLACE_REVIEW","5","2025-08-03 12:01:37.721"
"ec6428a2-6163-4ceb-9c3a-135b4d9a8634","0c436fa9-6359-4b7c-a4ea-96364cdbfc19","41acb503-cacc-4091-ba8a-05151b8c5465","PLACE","PLACE_REVIEW","5","2025-08-03 11:59:09.400"
"5d412985-e791-4af4-96b0-0a8aba15c09d","d51601ac-7217-4719-90b4-86fa539d49fb","1e133989-0099-430d-acdc-8c33d2576e9f","PLACE","PLACE_REVIEW","5","2025-08-03 11:57:39.037"
"42dcae95-d7ff-42dd-b412-248d51de27e9","dd9cf17d-d077-4827-bd0b-73817a4680ce","0f8a8233-06b6-4841-8469-1c95b1f87360","PLACE","PLACE_REVIEW","5","2025-08-03 11:56:12.032"
"940f0a6e-fa4e-46fd-8225-1320de4bfebb","a90053d3-4ae5-4048-b08a-d971121a0b8d","0110d2a4-7674-4a48-a46d-0958c0872c24","PLACE","PLACE_REVIEW","5","2025-08-03 11:56:11.333"
"4b02d6a2-b218-43ed-bc26-c600480f579a","47646053-e978-4b0f-9ead-5300a91fc65d","a3ae9386-0be0-4845-b7c9-d956661044c6","PLACE","PLACE_REVIEW","5","2025-08-03 11:55:15.939"
"93923761-c4ae-4775-bc96-944acf484377","f2e2a507-d162-44fb-8cbf-3ec937c86426","ac6f68bc-4aa1-46e7-8939-301c3919d86d","PLACE","PLACE_REVIEW","5","2025-08-03 11:53:06.388"
"801d02f0-2bb7-4336-ba62-ada837dc20ba","4ed09168-b62c-4a5a-9ea9-729ef611ad31","429d0f40-69fa-4a70-9c00-51cb63d47de8","PLACE","PLACE_REVIEW","5","2025-08-03 11:52:42.933"
"d82d1283-4426-44ed-88a4-b3925177202c","ce1888aa-03a1-40e3-87ef-a7c9f93ee7e4","48ce4498-544f-43dc-86bd-806bc876d938","PLACE","PLACE_REVIEW","5","2025-08-03 11:50:26.777"
"2cd35675-ca17-4dcf-83a5-21d422ba2166","41962431-4020-4b0b-9e6e-80dd69511188","61668fce-1c7a-4310-b979-58f42218834e","PLACE","PLACE_REVIEW","5","2025-08-03 11:50:00.333"
"354ff462-490a-4d6a-9b93-0d9f20a0dc22","3848f9a5-723a-42ce-be20-d0e1c87b2822","566e1ff8-9c6e-4ece-abcc-52f6ba5ef1a9","PLACE","PLACE_REVIEW","5","2025-08-03 11:42:54.447"
"02ac0a48-8d08-44f0-8883-466720de26d4","f07f902b-0c70-470d-89c7-8bf3d18c74b3","0da7ef35-cd72-4930-900b-0d96e616c3b0","PLACE","PLACE_REVIEW","5","2025-08-03 11:42:30.235"
"a2ab2958-d958-4aec-bed4-c28efc1017c6","a2267172-5624-45a9-80cc-3492a16b0baa","22331f84-ceed-43eb-9497-bea37c041b0a","PLACE","PLACE_REVIEW","5","2025-08-03 11:41:23.089"
"c725bc1c-61cc-4f3e-ae0b-9e149155c399","9d14476f-25b7-46e7-8c3f-cda67678ab1d","5ce7524c-7964-4f6c-b11b-efd4b12b94b7","PLACE","PLACE_REVIEW","5","2025-08-03 11:39:52.747"
"7eb90733-dc26-4664-a93e-a5d9812a9cee","c3ddbc1d-97d2-4a22-86b2-18f98662656b","5569a4af-d2c4-4e9a-b8ca-a727eff162c8","PLACE","PLACE_REVIEW","5","2025-08-03 11:34:48.139"
"f5adf8be-06a6-4f7d-91ab-2b635b653a57","e65e5112-ca9b-4334-bbbf-2cd43d32e543","48fce27f-75df-4e9e-84f3-31b62638b328","PLACE","PLACE_REVIEW","5","2025-08-03 11:32:12.780"
"c09e9809-91eb-4447-946f-51ed03c5cd0e","8565d54c-a36c-42a3-883c-f2fa90d437a3","f1e855b4-a881-4cb8-9c12-a0feb15b85e3","PLACE","PLACE_SPAM_REVIEW","5","2025-08-03 11:01:23.167"
"9b7719f0-e55d-4f3e-866a-e3ef258309bd","d24cd658-d1fb-4624-9013-82e8d65baa98","c66ce3d2-8db2-4ea5-9a06-df91ebbbe304","PLACE","PLACE_SPAM_REVIEW","5","2025-08-03 10:58:26.801"
"1189af6b-5b3e-4e49-89a9-2dbec460668c","ac1ee712-ed88-4210-a15c-9c5436676018","c95831d8-e74d-4b61-9c7f-a8e83ab0b5f2","PLACE","PLACE_SPAM_REVIEW","5","2025-08-03 10:55:52.920"
"6a1ad618-0676-4d4e-a0e1-14f47c5a3f52","e284a11d-9bcb-42da-aa49-416cbfb1db5f","1de3ccf7-05b5-4a2b-97a6-dc2e34b875ae","PLACE","PLACE_SPAM_REVIEW","5","2025-08-03 10:52:16.535"
"c4b005c8-92f3-45a9-a7e7-cac06e14c4f1","ab511cbd-9f70-4af3-b99f-32826ee5aa09","ba5a398e-45bc-4471-b8d9-c6425f9305f0","PLACE","PLACE_SPAM_REVIEW","5","2025-08-03 10:47:58.329"
"30fdd72f-4f7b-48b0-8a92-88e90befd3d8","f44c90a8-ea6e-4c19-a41b-09d43180b9bd","9155f09c-aa5f-4570-bc0f-331ef9881366","PLACE","PLACE_SPAM_REVIEW","5","2025-08-03 10:44:13.232"
"215ef758-b269-42e3-8e2a-09d6f7b0b544","2a21140b-90af-4d54-994e-4a6a6c77d68f","dfb728b4-f41c-4003-97f9-2afb6869058b","PLACE","PLACE_SPAM_REVIEW","5","2025-08-03 10:41:14.148"
"5669c919-65a4-4978-9cf9-b9622cda5ce4","fc8edec6-6d73-4ae4-b126-76c7e7df5a90","48fce27f-75df-4e9e-84f3-31b62638b328","PLACE","PLACE_SPAM_REVIEW","5","2025-08-03 10:31:00.146"
"a747ca20-c5a8-47d4-b6cb-bc2c24d77f1b","6815c38d-f190-4f1c-a6fe-5be1ee442a9e","fc56eefb-3aa7-4736-9726-ebfeb5999038","PLACE","PLACE_REVIEW","4","2025-08-03 08:42:38.040"
"a0852556-cda9-4310-a3b1-8e6d58af9630","1b463331-6ccb-4052-baf4-9219fd81f438","fc56eefb-3aa7-4736-9726-ebfeb5999038","PLACE","PLACE_REVIEW","5","2025-08-03 08:37:23.537"
"c5b0a54a-9372-4f5c-a186-db686650e6c7","2acb3c10-d4f9-4ea7-8ea1-3efc31d26c81","d2cae632-bd18-45af-9595-62f072681ad3","PLACE","PLACE_REVIEW","5","2025-08-03 08:24:49.759"
"87d63f66-3564-4a30-9c61-117be5d01c46","9329e2e6-5e39-4fb7-b736-db55eeb2b044","8c252b48-110c-4397-a114-edb4457b05d1","PLACE","PLACE_REVIEW","4","2025-08-03 08:20:40.629"
"aa2895cd-54cb-48b1-a576-a07d70359f88","cd0dd730-cac2-4c85-bf8e-d3a038ec9804","8c252b48-110c-4397-a114-edb4457b05d1","PLACE","PLACE_REVIEW","5","2025-08-03 08:15:25.230"
"00c6742f-8335-4a6b-a307-90740cec041a","d74ce79c-2cca-49dd-affe-653269a17c4b","51e4f8a2-aa90-45b0-90f2-bf3ba57ce635","PLACE","PLACE_REVIEW","5","2025-08-03 08:04:02.335"
"f7b9019f-302d-4fdc-b0a5-37b7a4c0a40d","d542461e-465a-4b78-bb2d-aeef418b5b66","51e4f8a2-aa90-45b0-90f2-bf3ba57ce635","PLACE","PLACE_REVIEW","5","2025-08-03 07:59:24.364"
"2358d690-9766-48bb-ac03-bd13a4b87b7c","c232e7bc-314c-4fd0-9ae1-9d444879a6a5","c66ce3d2-8db2-4ea5-9a06-df91ebbbe304","PLACE","PLACE_REVIEW","5","2025-08-03 07:56:47.437"
"7b7c526a-f4a0-40cb-97d7-0593f79c6564","e5a9d8e0-a435-4e49-a83c-1d14623c9399","4e5edfed-51e5-499f-9c37-428427227502","PLACE","PLACE_REVIEW","5","2025-08-03 07:54:31.228"
"8105d2b6-e179-4346-86b3-788e1b54cf68","71d44a0e-8c59-48df-bffc-11e677c250de","c66ce3d2-8db2-4ea5-9a06-df91ebbbe304","PLACE","PLACE_REVIEW","5","2025-08-03 07:53:47.340"
"8ec796ab-d5a7-450d-9253-5a73ff5ad46a","6fa0cb55-b079-47e1-a691-6e40bd5289f5","0f8a8233-06b6-4841-8469-1c95b1f87360","PLACE","PLACE_REVIEW","5","2025-08-03 07:51:41.231"
"a9650ec3-253f-43e0-9ce4-aa5a62614f37","ff4dfc23-576e-4bdd-86d1-30f4ca3e546e","dfb728b4-f41c-4003-97f9-2afb6869058b","PLACE","PLACE_REVIEW","5","2025-08-03 07:50:32.467"
"071a021c-f4b5-4c77-86a8-34ca1667dcde","8e6e5ea3-a7b7-46f7-969d-085906a24244","52d4485b-ad05-4ea5-b308-3b3699e6d621","PLACE","PLACE_REVIEW","5","2025-08-03 07:49:25.537"
"a034403b-5d58-42b7-a042-86d6c23147f5","a490468c-f171-4bb0-ae1e-242285d3a875","1624d616-57b2-459e-ab06-9aaf5df9bf8f","PLACE","PLACE_REVIEW","5","2025-08-03 07:47:18.915"
"e783486c-1c71-4f6a-9b9a-2402f4156035","de73a6cc-cd14-40e3-9c3f-b986e5716456","e57d1b5d-0a08-4ca7-93e9-70ed7ae662f0","PLACE","PLACE_REVIEW","5","2025-08-03 07:43:03.037"
"8eb931f6-abaf-4739-a723-e9b1e4d6e059","f6c97cd3-95f7-411a-a7cf-000231d76963","cf572981-5132-49d5-b822-e45d6c14eeff","PLACE","PLACE_REVIEW","5","2025-08-03 07:41:11.896"
"5d4fd50a-a294-4522-9b11-20ae7052ab66","e366eac1-f1ca-4217-ba4c-ad01dfb6f087","c95831d8-e74d-4b61-9c7f-a8e83ab0b5f2","PLACE","PLACE_REVIEW","5","2025-08-03 07:39:50.456"
"e5aac0d1-35ea-4f76-937c-62fab2f1e7ec","21d5f362-8742-4f9f-9f3a-116528334e29","48fce27f-75df-4e9e-84f3-31b62638b328","PLACE","PLACE_REVIEW","5","2025-08-03 07:39:29.234"
"ada4fd30-f98c-4a0f-838a-cd4bd8fe5c41","073d4aad-a617-4b24-a223-39cbbd770016","0f8a8233-06b6-4841-8469-1c95b1f87360","PLACE","PLACE_REVIEW","5","2025-08-03 07:37:25.930"
"e711a1e8-ad39-4eb1-a675-56cc9ffac2fa","39fc1bc3-5ba8-4be7-bf5d-d726e4a4fa4f","6c93e90c-ac03-4a83-8013-8002a729e49c","PLACE","PLACE_REVIEW","5","2025-08-03 07:36:31.285"
"0418d871-a134-4a96-8348-c1f196f7015b","22d6f69a-1773-4f30-9fb7-72688589ad81","0da7ef35-cd72-4930-900b-0d96e616c3b0","PLACE","PLACE_REVIEW","5","2025-08-03 07:35:21.433"
"5c72db1e-2a3e-40ab-a551-b3b9403cef83","2c49afe8-f347-49eb-a6ce-d6273ee65035","6f12d7cb-cd83-4f5e-bbd3-daf4a8210064","PLACE","PLACE_REVIEW","5","2025-08-03 07:34:25.638"
"f6f80347-c9d6-4780-88f7-54ce0ba8796e","55144a60-3cd4-495d-b945-168be4675b36","b9aff4ed-1d30-4c75-b4bf-09c342de747f","PLACE","PLACE_REVIEW","5","2025-08-03 07:34:02.735"
"e13efb48-99cd-484a-99ab-8c5d1706d16d","60af4111-77e6-44be-bcc5-41a05e947c5e","dfb728b4-f41c-4003-97f9-2afb6869058b","PLACE","PLACE_REVIEW","5","2025-08-03 07:32:20.316"
"a06ca6a9-6a35-42cf-8107-b6d54131272b","1c65374d-b975-454b-983d-13d6831a080b","29e86afd-b571-47c7-950e-64e73e4d006f","PLACE","PLACE_REVIEW","5","2025-08-03 07:32:17.333"
"653691cb-c481-4a7b-952e-2f69cb686c56","44a3279a-f8c4-490d-a739-c84b563fd3b3","6538d14a-b4c8-4e26-900a-17c9c7123d3c","PLACE","PLACE_REVIEW","5","2025-08-03 07:31:10.623"
"31b866d5-e118-4484-88ea-8878648c0015","8f50ea1e-e652-4a7e-affb-0de6d0fef984","4cefb9cb-4de0-4e3e-9958-b8a30c2b6bb7","PLACE","PLACE_REVIEW","5","2025-08-03 07:30:29.039"
"6a2cd8ce-e0ba-4527-98ee-34ce070ccc96","ea03fa80-20ff-48dd-9ff6-d9639c04b70b","6c93e90c-ac03-4a83-8013-8002a729e49c","PLACE","PLACE_REVIEW","5","2025-08-03 07:30:10.224"
"57c3c533-7a03-47fd-9cb1-c82364b5f1fd","68450f79-7a0a-46e3-aadf-44a300ca9ff7","566e1ff8-9c6e-4ece-abcc-52f6ba5ef1a9","PLACE","PLACE_REVIEW","5","2025-08-03 07:30:05.835"
"24641823-0d15-47b0-bb5d-e9a69b063b63","083569f1-f457-4652-922e-333e8308aa7b","1624d616-57b2-459e-ab06-9aaf5df9bf8f","PLACE","PLACE_REVIEW","5","2025-08-03 07:28:51.833"
"bbb51cd2-5f69-424f-8b00-670165c99531","d3716ad7-bcab-4b8a-b9b6-2d30b738e996","9aa89a73-e24c-4fbf-9b14-cdddb3b984e5","PLACE","PLACE_REVIEW","5","2025-08-03 07:28:44.133"
"c3a1d94c-aee0-4c48-a1dd-3dd47f9671c7","3e3896db-92c6-40de-bcfc-7da8f6e0e361","4f05b36f-ca59-419a-80f1-59835b141008","PLACE","PLACE_REVIEW","5","2025-08-03 07:26:09.235"
"9127562c-8f8f-42b7-850c-ae1758e23fb2","f474f46b-c70e-40a9-8105-04bbaf7735cb","4e5edfed-51e5-499f-9c37-428427227502","PLACE","PLACE_REVIEW","5","2025-08-03 07:25:53.338"
"592d6f4f-252a-480a-bb00-41f3de5eafcb","6ecc3c20-4c17-4750-acf7-4a0f9f30ef63","0019a19e-1414-4a00-9fbe-c6ea764df5bd","PLACE","PLACE_REVIEW","5","2025-08-03 07:21:22.031"
"a7c0cdc4-c707-4b19-93c1-2944d7c5675f","cb4e436e-40ba-478c-84cf-2272cf7318c7","4f05b36f-ca59-419a-80f1-59835b141008","PLACE","PLACE_REVIEW","4","2025-08-03 07:21:19.237"
"38f732cf-f508-4e16-906a-7c11a5a2828c","e49c44aa-57a6-4b36-ac93-da23c26d9c0c","74f88737-bbb0-49da-a7ea-b4a504486c30","PLACE","PLACE_REVIEW","5","2025-08-03 07:18:26.877"
"773020b3-7add-423b-afa6-a05caa98f2e4","633b0075-bd26-4749-b488-942b640cd5bf","4cefb9cb-4de0-4e3e-9958-b8a30c2b6bb7","PLACE","PLACE_REVIEW","5","2025-08-03 07:17:15.487"
"23cbe8c1-36fa-4610-ae3e-f63c3f157883","6e007b1b-a702-4060-84af-f70883d83b8c","5e232e88-f5fb-4d62-b409-937d941a8ac9","PLACE","PLACE_REVIEW","5","2025-08-03 07:12:44.937"
"aee85bb6-1d1f-40c2-815a-6854d31e8442","54560539-5694-45fc-bb43-0b4d895c1b84","54e06571-b533-46cb-a77a-7be203c9fe72","PLACE","PLACE_REVIEW","5","2025-08-03 07:12:33.955"
"09970f8c-bba0-49f8-af83-06ad4e46e85a","ca4c0ef4-b3e3-49dd-81d2-c791f0e59f38","4f946a3a-74e8-4b62-b3bb-28851ff03b3c","PLACE","PLACE_REVIEW","5","2025-08-03 07:12:19.642"
"9a78223a-0730-4a33-af9d-efca07ff99e4","a9d77b30-880a-43c4-b5ff-a8dc1e3b3d41","77b3c292-9594-48d3-952e-0eac052a2399","PLACE","PLACE_REVIEW","5","2025-08-03 07:11:24.431"
"8ee436a2-f78e-4f1e-ae35-fd2fe5d1f988","e159443a-ab00-4850-bbbe-bc16a561700f","1624d616-57b2-459e-ab06-9aaf5df9bf8f","PLACE","PLACE_REVIEW","5","2025-08-03 07:09:02.559"
"c6eadfcf-e64e-4427-8103-9332a71ccd35","610d4311-d5ab-471e-af0a-1399ea84e102","5e232e88-f5fb-4d62-b409-937d941a8ac9","PLACE","PLACE_REVIEW","4","2025-08-03 07:08:42.636"
"4bedd924-da5d-4edf-910a-c6e706d4462e","ca6a99b5-9378-4e70-94c5-0acf07a637a5","3d1f6168-3f42-467c-9aff-0c366728bb9e","PLACE","PLACE_REVIEW","5","2025-08-03 07:08:06.242"
"4d256f37-31f0-4dc7-8b89-c9aa1d5f360b","6b9f08e7-b4f5-4d02-ae93-52d553458e7c","61668fce-1c7a-4310-b979-58f42218834e","PLACE","PLACE_REVIEW","5","2025-08-03 07:05:16.433"
"27a2adca-da2a-4541-85d5-ab7334d04b36","cc5fff94-18db-4726-affc-38ec216daff1","4e5edfed-51e5-499f-9c37-428427227502","PLACE","PLACE_REVIEW","5","2025-08-03 07:03:14.639"
"2ba7bbf5-5146-42e2-bb47-d7005cf7e72b","98c87f7b-2129-460e-bb97-c1d7deacbaea","41acb503-cacc-4091-ba8a-05151b8c5465","PLACE","PLACE_REVIEW","5","2025-08-03 06:54:43.950"
"f76fa966-11fd-4895-a648-c8e7eeb331f9","4085f55a-19d4-4cd4-ad85-5c19c08c9f49","4e5edfed-51e5-499f-9c37-428427227502","PLACE","PLACE_REVIEW","5","2025-08-03 06:51:09.065"
"3cd42217-44a0-4b1b-91b7-03a67aeead39","60e8ceb8-8a8b-400f-aa78-fbf163ef8424","52d4485b-ad05-4ea5-b308-3b3699e6d621","PLACE","PLACE_REVIEW","5","2025-08-03 06:51:03.994"
"096d767d-12f4-4adb-942b-71236442a105","df7d915a-616a-4d22-9279-fd77b00f327c","aecdcab5-daa0-495f-b282-0b04ae760d81","PLACE","PLACE_REVIEW","5","2025-08-03 06:50:20.236"
"afb43825-fbb4-462d-b51a-f9f496d553e3","aec0d952-3d43-4e3e-b141-c1b46f8fa70d","5569a4af-d2c4-4e9a-b8ca-a727eff162c8","PLACE","PLACE_REVIEW","5","2025-08-03 06:48:12.443"
"326c9771-aa66-4253-afe9-c497c4353d5f","98c28e75-a712-44a3-91e4-910585d7a8c1","7aa494c3-da41-458b-8e72-7d639b41cfd8","PLACE","PLACE_REVIEW","5","2025-08-03 06:46:36.237"
"68ae2436-cec9-41fb-8b9a-96323a17baa0","81b9786c-9052-4af8-a214-69b0b4414f1a","aecdcab5-daa0-495f-b282-0b04ae760d81","PLACE","PLACE_REVIEW","5","2025-08-03 06:45:50.044"
"8912d755-43bd-4a09-adff-df9f8da898d4","d727cefe-eb60-42e4-a115-49da30e15c84","61668fce-1c7a-4310-b979-58f42218834e","PLACE","PLACE_REVIEW","5","2025-08-03 06:45:26.336"
"fc7aa744-1838-4c86-b0d8-60ae989f9e3b","eaf6eb21-7f0a-4d92-904f-b2831b9caf8d","4e5edfed-51e5-499f-9c37-428427227502","PLACE","PLACE_REVIEW","5","2025-08-03 06:45:02.135"
"fd1d360b-b130-4436-b8ac-a3dc86e70266","c9b7696c-632e-42cb-bc46-ca3a13b5ae4c","a67cf51b-b091-476e-bed1-89b029073155","PLACE","PLACE_REVIEW","5","2025-08-03 06:43:41.956"
"fd2b741a-bb03-4a67-9d5e-af51c3861f77","77f6100c-fc7d-4185-a257-a35546346cca","533b93ff-020a-46fe-8605-3c0be1f5285a","PLACE","PLACE_REVIEW","5","2025-08-03 06:43:11.448"
"99f501de-068a-49c4-aa00-221c01d24aaa","333e0829-4150-41dd-942b-10ea4620862a","29e86afd-b571-47c7-950e-64e73e4d006f","PLACE","PLACE_REVIEW","5","2025-08-03 06:41:04.430"
"6d7e2aa3-c644-4f7d-add0-2e2950ac01f8","d37f130a-a480-4f77-9e67-171d0e8729e8","9675c34d-2e03-40f9-afe2-fdea7984769e","PLACE","PLACE_REVIEW","5","2025-08-03 06:40:30.540"
"d607bbc6-a579-4da1-9232-4cfc40a9e9e9","641c5f47-0ffd-4b86-a908-089768c8ae92","4e5edfed-51e5-499f-9c37-428427227502","PLACE","PLACE_REVIEW","5","2025-08-03 06:38:02.824"
"808b1e99-9ae4-4939-bcad-4d3067405599","1a2589c7-bd28-487f-aa0c-bcbe7b601efc","9675c34d-2e03-40f9-afe2-fdea7984769e","PLACE","PLACE_REVIEW","5","2025-08-03 06:37:01.061"
"8fef8c0d-5a43-4063-abb9-d0ece252d75b","1657e45b-8e04-4675-bd91-b1bc8cf1c3b3","429d0f40-69fa-4a70-9c00-51cb63d47de8","PLACE","PLACE_SPAM_REVIEW","5","2025-08-03 06:33:24.646"
"97076f6a-4fa1-48be-9edf-83421a547ced","d225959f-8fae-450b-9df1-1f1aef29b448","c1a15fe1-05c8-4405-b243-b5eb0b4bc3d1","PLACE","PLACE_REVIEW","5","2025-08-03 06:32:39.031"
"47d73c99-cf69-4690-8ebc-74f7c113f336","5db572c6-e9eb-4033-94bc-fe72e2168617","5ce7524c-7964-4f6c-b11b-efd4b12b94b7","PLACE","PLACE_REVIEW","5","2025-08-03 06:32:03.333"
"b37c53b8-2312-418d-8e91-b84aaf16678f","87b686c9-c794-494d-9f55-78cfd82dda56","74f88737-bbb0-49da-a7ea-b4a504486c30","PLACE","PLACE_SPAM_REVIEW","5","2025-08-03 06:30:48.342"
"787c5e41-edf5-4803-b62f-0fb5cf5b4f36","86b8c57c-1277-4c5a-b540-f1ae52b75944","a61ed868-f4b7-47ba-b3e9-da433c193484","PLACE","PLACE_REVIEW","5","2025-08-03 06:29:58.541"
"78ac0b48-e097-4ac6-876f-927b91c44c31","77b6af54-a284-471f-b253-d39bb7bc5784","54e06571-b533-46cb-a77a-7be203c9fe72","PLACE","PLACE_REVIEW","5","2025-08-03 06:28:20.849"
"2404b11f-0d6e-4848-b186-410c13af9417","7c283a58-0f65-4b2c-9d96-1e14e5f71fd7","f035c49b-c76d-4428-91b8-0d52f3b27531","PLACE","PLACE_SPAM_REVIEW","5","2025-08-03 06:27:57.235"
"a23abdfa-830a-4716-8857-4c53ca565b1b","9b38e795-5e10-4392-9256-a6c7309d6963","a61ed868-f4b7-47ba-b3e9-da433c193484","PLACE","PLACE_REVIEW","4","2025-08-03 06:25:40.532"
"51341b43-2e24-477a-a886-47029636e941","79aa975a-c86d-49bc-bbf6-8c2af6cf384b","29e86afd-b571-47c7-950e-64e73e4d006f","PLACE","PLACE_REVIEW","5","2025-08-03 06:25:31.834"
"eaeb77d7-698b-492b-bbff-5b5f3f73731a","2704ee88-0ddb-4e22-b7c2-507e122fd6c1","5a27ce43-8c02-4b0a-aa05-a10a2a585439","PLACE","PLACE_SPAM_REVIEW","5","2025-08-03 06:21:10.332"
"d263ef4f-7d3f-4edc-82b6-3ef1b7c2280e","86d127ff-02f7-485f-90ce-70ffab2db1e3","4f946a3a-74e8-4b62-b3bb-28851ff03b3c","PLACE","PLACE_REVIEW","5","2025-08-03 06:21:08.961"
"75031a43-f387-4a9d-a8e1-ec2e0ae0bdee","b72d93ad-f063-4ec3-af47-a567a24ffb61","533b93ff-020a-46fe-8605-3c0be1f5285a","PLACE","PLACE_REVIEW","5","2025-08-03 06:19:52.938"
"b8ec69fa-584d-4d71-aaed-6c057d356bb0","5b374d72-f934-42fe-91e0-81fd25b146dd","4e5edfed-51e5-499f-9c37-428427227502","PLACE","PLACE_REVIEW","5","2025-08-03 06:19:51.638"
"618936ee-ba83-4d93-a1db-17723e48fcce","7ee7e29e-402c-4cc8-8daf-b5291a5298f3","db1eafc6-5b8e-4643-8341-4a661c7ac6ed","PLACE","PLACE_REVIEW","5","2025-08-03 06:19:41.140"
"78a4e002-2fb2-468d-9312-a9f83f5d6f08","0279dac4-19d8-4ca7-9868-43f661bea6aa","5a27ce43-8c02-4b0a-aa05-a10a2a585439","PLACE","PLACE_SPAM_REVIEW","5","2025-08-03 06:16:16.633"
"f8b279e7-0971-47b4-936d-acd1176fa32c","92fd53d8-b7ef-4006-ad2d-436c896b8f85","8ed7dbaf-9397-4871-bb9f-1dd482b2a6bc","PLACE","PLACE_REVIEW","5","2025-08-03 06:15:13.053"
"0896796f-b37b-4af2-9fd6-6ad202bedf77","570584a2-2e9b-4def-bdc5-29a2de9d9d05","52d4485b-ad05-4ea5-b308-3b3699e6d621","PLACE","PLACE_SPAM_REVIEW","5","2025-08-03 06:15:05.938"
"30aeef45-7aec-4497-9bcc-718d1a96a84d","e3c425c9-aac3-4c6d-8b0e-b2c81de97a19","035fab19-6b0d-4478-8baa-8692f37d6c29","PLACE","PLACE_REVIEW","5","2025-08-03 06:12:15.842"
"7942954c-5146-48d7-8f48-26cb7d63ef96","4b71c281-41cf-4bd2-9d96-7bfd60c69c02","80a29c00-1d05-456e-b4f1-b37ed23c2b96","PLACE","PLACE_REVIEW","5","2025-08-03 06:12:06.737"
"729b1658-fd11-4719-938e-c94eaf1f1cb5","1cd686c8-9dc4-40f2-83c9-dbbb24799bdf","a26134dd-21ea-45dd-9f72-0b96d026229f","PLACE","PLACE_REVIEW","5","2025-08-03 06:12:04.440"
"ae14d766-b572-42a7-96ab-786fed53cd52","aba6b02f-282c-4857-9723-cb4e148fbbe9","533b93ff-020a-46fe-8605-3c0be1f5285a","PLACE","PLACE_REVIEW","5","2025-08-03 06:11:49.840"
"8192140e-5a7e-4d49-b836-32319586f915","ee79cb7d-4b73-4965-95ba-30ad801a1fc3","eb4fb147-6ef9-450a-8510-b18715ac94ab","PLACE","PLACE_SPAM_REVIEW","5","2025-08-03 06:11:37.850"
"86e80f71-4379-4b7c-965a-0ba84192daf2","8ab2c68f-21fe-46ba-8f8e-04ca3d5f03c5","5a27ce43-8c02-4b0a-aa05-a10a2a585439","PLACE","PLACE_SPAM_REVIEW","5","2025-08-03 06:10:19.749"
"60bbc9df-5b4f-41cf-8b57-4b344d0489d3","5db572c6-e9eb-4033-94bc-fe72e2168617","9b66af3e-d2d8-4664-a569-0a0e6c9f4ce4","PLACE","PLACE_REVIEW","5","2025-08-03 06:09:47.241"
"6cd18447-e9ae-4a28-abb3-e58a2c4c98bd","cab5f24c-9b63-4e7f-8a05-c0e36485f8a3","52d4485b-ad05-4ea5-b308-3b3699e6d621","PLACE","PLACE_REVIEW","5","2025-08-03 06:08:54.848"
"157bdc5b-35ce-4f8a-8c3e-4b16aba6b138","e98ef00b-78cc-4d59-8599-5caa3a511532","0019a19e-1414-4a00-9fbe-c6ea764df5bd","PLACE","PLACE_REVIEW","5","2025-08-03 06:07:49.144"
"7106644a-07e2-454d-a52e-c0c5b114f6f9","43cd438d-2d7b-41fc-baa6-211920eca556","ca1d8570-c60e-49b6-920b-0348f4cd2af1","PLACE","PLACE_REVIEW","5","2025-08-03 06:07:00.356"
"c11d17f6-280d-491a-8508-6a09a955de91","d60898c1-88d3-429a-8d2c-f1f91699f910","eb09c8c6-099c-4610-ac40-d0f8b639b244","PLACE","PLACE_SPAM_REVIEW","5","2025-08-03 06:04:04.433"
"3e570c29-401f-4eeb-a444-a00fb27e707a","b97f6b28-d756-4b1e-b55d-995fff1c40eb","7aa494c3-da41-458b-8e72-7d639b41cfd8","PLACE","PLACE_REVIEW","5","2025-08-03 06:03:51.635"
"aa4df522-0f1f-4cd3-8c3c-63b18a73baf0","f37efa29-8dde-4c0f-9ffb-ef9599dc9fd9","7aa494c3-da41-458b-8e72-7d639b41cfd8","PLACE","PLACE_REVIEW","5","2025-08-03 06:03:17.732"
"255d0a22-c2f9-498b-92a9-82ad26a1a588","1d1c46df-1a21-4b62-8953-211bc433bffd","52d4485b-ad05-4ea5-b308-3b3699e6d621","PLACE","PLACE_REVIEW","5","2025-08-03 06:02:46.951"
"632d44e3-b4c6-4895-ae0d-2dcb449880ae","a8a7ab6e-796f-4b64-9f96-db5fb866e566","f1e855b4-a881-4cb8-9c12-a0feb15b85e3","PLACE","PLACE_SPAM_REVIEW","5","2025-08-03 06:02:18.258"
"1e2f3dc2-b109-45bb-93c2-e417d0acdd03","a43ff3ac-9918-4087-9e0a-b68ec8054e53","4e5edfed-51e5-499f-9c37-428427227502","PLACE","PLACE_REVIEW","5","2025-08-03 06:02:02.978"
"a72d07fd-989c-4ff6-bccc-e6333f38d564","a264b88f-d44b-4e5c-9ddb-04b6809e494c","9155f09c-aa5f-4570-bc0f-331ef9881366","PLACE","PLACE_SPAM_REVIEW","5","2025-08-03 06:00:24.648"
"4639546b-86ee-4f71-b326-5aa857659216","cd4b6335-ecf0-414c-bcbc-1a1395f36c93","77b3c292-9594-48d3-952e-0eac052a2399","PLACE","PLACE_REVIEW","5","2025-08-03 05:59:48.338"
"82049d8d-678f-459a-849d-892541937b23","a85d2fac-2870-4d36-b1ba-15383b138c5c","61668fce-1c7a-4310-b979-58f42218834e","PLACE","PLACE_REVIEW","5","2025-08-03 05:58:58.079"
"d6941fa9-09df-41b4-939c-0730469828f3","491714b7-319f-47ce-8932-02b7b554550e","6814dbb6-c0d7-49ab-82e4-087352386a01","PLACE","PLACE_SPAM_REVIEW","5","2025-08-03 05:58:31.386"
"c38fbe71-6daf-4c54-abae-38e7bfaf35cc","557ea52e-d72f-464a-9555-2d2e49af5bc8","a3c7495d-0f52-4911-b601-0cb92f635f05","PLACE","PLACE_REVIEW","5","2025-08-03 05:58:07.732"
"1373a119-2711-4c16-9cab-ad856393cb3b","01b6f5cf-7f84-45b2-bf3f-ed3aa89db58c","ca56fcce-29de-4b05-94f9-65ecdce36e79","PLACE","PLACE_REVIEW","5","2025-08-03 05:58:04.357"
"3105364c-6f1d-4992-93d9-a76d20e1fb17","680ff2b3-4a80-47d9-82bc-511abebd9561","4531e41a-7810-4850-9d92-0463e9fc44dd","PLACE","PLACE_REVIEW","3","2025-08-03 05:57:46.938"
"7fc91489-b819-42fc-a198-07d1671ac295","138fda7f-02a9-49e9-9b4a-52eca1664c3a","4f946a3a-74e8-4b62-b3bb-28851ff03b3c","PLACE","PLACE_REVIEW","5","2025-08-03 05:56:21.518"
"39c5ffc5-0ad0-4d1d-a0dd-64b83234e25a","45d30041-08ac-4d16-bb41-b5c2814471fd","61668fce-1c7a-4310-b979-58f42218834e","PLACE","PLACE_SPAM_REVIEW","5","2025-08-03 05:56:03.948"
"0026c346-6c52-4419-acbc-a96c9cfcff78","5c30d85b-93b4-412a-90c4-a8c324fed572","b165a65d-124a-410e-ae67-2d0b45a568be","PLACE","PLACE_SPAM_REVIEW","5","2025-08-03 05:55:55.851"
"b037c0e6-8d23-4d3a-b7fe-4f69a6f97ca3","7996a4c9-1f48-42ce-a83d-d1b1bf3498d0","035fab19-6b0d-4478-8baa-8692f37d6c29","PLACE","PLACE_REVIEW","5","2025-08-03 05:54:58.429"
"a132ba80-5baa-4a3f-9637-9407f7a488e8","2e98373a-8719-4a91-938a-e11d6a9e494b","5ce7524c-7964-4f6c-b11b-efd4b12b94b7","PLACE","PLACE_REVIEW","5","2025-08-03 05:54:55.030"
"38a80915-a793-485b-85b1-c393e73f90f3","24cfdc7f-b609-42f4-8170-fd4469d7b00f","ba5a398e-45bc-4471-b8d9-c6425f9305f0","PLACE","PLACE_SPAM_REVIEW","5","2025-08-03 05:53:51.054"
"c2257e03-4076-4ee3-aef0-3efa2d9aa5bb","138fda7f-02a9-49e9-9b4a-52eca1664c3a","b165a65d-124a-410e-ae67-2d0b45a568be","PLACE","PLACE_REVIEW","5","2025-08-03 05:53:12.835"
"4393a66e-e3e8-4ed3-b186-bc3e5eb644ac","7fdd2bbc-e08d-4c34-804c-6753fb2b575d","b5fd7d3c-cdf1-49b5-8b52-37fd95c9ccd0","PLACE","PLACE_REVIEW","5","2025-08-03 05:52:28.278"
"42106c52-eeb8-4041-8e6c-85daaf5d74d4","fb3f84ed-4022-4e61-b4d5-5ad8f5fb2a26","b5fd7d3c-cdf1-49b5-8b52-37fd95c9ccd0","PLACE","PLACE_REVIEW","5","2025-08-03 05:51:45.436"
"b85a60d0-9ec9-4650-b90c-e310db9ba6ec","16c137cc-9ae1-4d6c-b0e4-18474e8bde25","77b3c292-9594-48d3-952e-0eac052a2399","PLACE","PLACE_REVIEW","5","2025-08-03 05:51:17.534"
"b1021d55-b67e-4951-9076-f1d458eb7f16","7e58b5ca-8a07-48be-873c-66899ad50bd6","d258e668-0d07-4302-9101-b14f85220672","PLACE","PLACE_SPAM_REVIEW","5","2025-08-03 05:50:53.442"
"90499585-2bc8-4437-b75b-de7f14034e33","99858ce0-4ca3-49a7-b36d-314a42499259","5569a4af-d2c4-4e9a-b8ca-a727eff162c8","PLACE","PLACE_REVIEW","5","2025-08-03 05:50:17.234"
"4b14f503-8101-42fb-9d11-25623a208294","7c73b760-5f19-442d-884d-e9411772aaa4","01da569f-0513-4f58-88d6-d10b8013457b","PLACE","PLACE_REVIEW","5","2025-08-03 05:48:48.129"
"fccf8b55-e163-4dfc-86b0-28966bd52c69","1b11299d-4113-4f0d-84ba-d7e3ecab6d1a","9b66af3e-d2d8-4664-a569-0a0e6c9f4ce4","PLACE","PLACE_SPAM_REVIEW","5","2025-08-03 05:48:35.241"
"3c1f35c1-fa03-4119-9133-099b983bda8e","685f9b8d-0e16-4de7-ba6a-e766de6c4738","6f12d7cb-cd83-4f5e-bbd3-daf4a8210064","PLACE","PLACE_REVIEW","5","2025-08-03 05:48:27.832"
"9038f2a2-c649-40f5-b8e4-d5d9aec63ff4","7a4e0411-2489-41aa-8f15-a6ad7f430c5a","b165a65d-124a-410e-ae67-2d0b45a568be","PLACE","PLACE_REVIEW","5","2025-08-03 05:47:37.859"
"7464c9ea-3d14-4e29-9fdd-52a83ee70522","9a708692-1c82-495c-b0f7-622d02260fe3","41218157-2d2d-4ff0-96bd-169b1701db2c","PLACE","PLACE_REVIEW","3","2025-08-03 05:47:20.826"
"a7d2d618-e4a7-4044-b84b-896d8502af07","bb96982d-9146-4b86-ad29-6a20a9a8357c","02665ab7-06a2-4fae-b046-7f0d50a896ba","PLACE","PLACE_SPAM_REVIEW","5","2025-08-03 05:47:02.035"
"71a526a5-4f11-4c32-804b-0f92d4cf4969","9a708692-1c82-495c-b0f7-622d02260fe3","77b3c292-9594-48d3-952e-0eac052a2399","PLACE","PLACE_REVIEW","5","2025-08-03 05:46:37.659"
"7e938ed5-25ca-4a04-923b-f293999eae1f","8b23c730-f0f1-405a-b86f-8262eeaed3cb","1624d616-57b2-459e-ab06-9aaf5df9bf8f","PLACE","PLACE_REVIEW","5","2025-08-03 05:45:30.832"
"7eb69129-7416-4dc5-8c27-085bbb52904f","304c418e-4ddb-4b37-a998-c82bc7a6b968","a3c7495d-0f52-4911-b601-0cb92f635f05","PLACE","PLACE_REVIEW","5","2025-08-03 05:44:35.824"
"85572097-0261-47fb-860e-e4def7b26d95","a3b590f3-913d-4bfe-879c-5f352df52454","1624d616-57b2-459e-ab06-9aaf5df9bf8f","PLACE","PLACE_REVIEW","5","2025-08-03 05:44:26.495"
"076fe455-7477-4ad2-bdcb-c5df9b654a19","26a2b120-11a0-4f09-96ac-27fde6baf876","5ce7524c-7964-4f6c-b11b-efd4b12b94b7","PLACE","PLACE_SPAM_REVIEW","5","2025-08-03 05:43:51.235"
"4ecec729-47c6-435e-b9a8-8a8abca9674a","1b375ca5-1e89-4233-bd62-8f3e094eb844","8ed7dbaf-9397-4871-bb9f-1dd482b2a6bc","PLACE","PLACE_REVIEW","5","2025-08-03 05:43:31.338"
"0e3f5d61-1ac5-42cd-9689-72890d625a38","4b933c24-2fb9-41e6-8e02-8fd6d0737558","e7ada17f-2ebc-4273-83c5-3b62e8a62257","PLACE","PLACE_REVIEW","5","2025-08-03 05:43:22.334"
"9b31863a-c07e-48eb-8ddc-d4f22ad8e4b1","5e4bbff9-200b-4473-a2b7-07449c8740eb","1624d616-57b2-459e-ab06-9aaf5df9bf8f","PLACE","PLACE_SPAM_REVIEW","5","2025-08-03 05:43:01.237"
"edc4e6cd-8a51-4596-95e9-cf43034a39be","d461837d-d8c3-48d3-b9de-aa73ebcc37ee","6f12d7cb-cd83-4f5e-bbd3-daf4a8210064","PLACE","PLACE_SPAM_REVIEW","5","2025-08-03 05:42:34.032"
"68378651-83d4-41d6-8d21-eb440a9dd18a","8974008b-3580-4962-8883-fac97e742958","9b66af3e-d2d8-4664-a569-0a0e6c9f4ce4","PLACE","PLACE_REVIEW","5","2025-08-03 05:42:31.158"
"ccb53161-be2b-4c8e-9918-37bbd59a305b","1b11299d-4113-4f0d-84ba-d7e3ecab6d1a","1624d616-57b2-459e-ab06-9aaf5df9bf8f","PLACE","PLACE_SPAM_REVIEW","5","2025-08-03 05:42:11.428"
"e2e3bcb4-a2cf-4b3d-b0a3-92dccecc4a2c","22f940f4-dcf3-4e21-b3bb-006c247b52c0","9b66af3e-d2d8-4664-a569-0a0e6c9f4ce4","PLACE","PLACE_REVIEW","5","2025-08-03 05:41:46.635"
"0112b836-d04b-4f6e-a3e2-af84e2ccdf83","8bc6e540-9bf1-4f5a-aeb9-1ebd59f585b6","fa1caaed-f086-4198-a5c6-c16c63656749","PLACE","PLACE_SPAM_REVIEW","5","2025-08-03 05:40:54.641"
"8c89fb43-745c-4d4c-a853-df3c0ff01eb3","bd9002cc-0734-459e-86ce-3834b4df7b00","9b66af3e-d2d8-4664-a569-0a0e6c9f4ce4","PLACE","PLACE_SPAM_REVIEW","5","2025-08-03 05:39:21.640"
"ff938897-beb9-4b0b-86e8-4801e0ec43be","4e94a398-4e66-4d5e-bc86-79cb656df15f","5a27ce43-8c02-4b0a-aa05-a10a2a585439","PLACE","PLACE_REVIEW","2","2025-08-03 05:38:32.447"
"dfdbc56f-8d44-4643-b4fe-adcd099a1fce","27a1536f-c9e4-485e-8ec1-ba8ab462936e","1624d616-57b2-459e-ab06-9aaf5df9bf8f","PLACE","PLACE_SPAM_REVIEW","5","2025-08-03 05:38:05.132"
"8850adbe-6a65-4434-816e-68cb4d6f6f71","4a93519e-8457-484d-8e26-306924ee114a","a26134dd-21ea-45dd-9f72-0b96d026229f","PLACE","PLACE_REVIEW","5","2025-08-03 05:38:03.145"
"716b8623-9d0b-4a5e-8699-0886d1763c24","764204d9-e31a-4cd0-b134-8496a2286229","3d1f6168-3f42-467c-9aff-0c366728bb9e","PLACE","PLACE_REVIEW","5","2025-08-03 05:36:47.834"
"1863f505-298f-48fe-adcf-3152a417afad","73a7a4a5-fd93-45fe-9366-818a99c18c76","5a27ce43-8c02-4b0a-aa05-a10a2a585439","PLACE","PLACE_REVIEW","5","2025-08-03 05:35:47.934"
"50ba2372-6bbd-43a6-9d9f-5a1fb1bc879b","8bc6e540-9bf1-4f5a-aeb9-1ebd59f585b6","9b66af3e-d2d8-4664-a569-0a0e6c9f4ce4","PLACE","PLACE_SPAM_REVIEW","5","2025-08-03 05:35:20.339"
"9801b516-065c-46e6-a6b3-c1bbe5d4eae9","de9d66aa-ae69-4c89-b0f1-5b79f4d76bac","6814dbb6-c0d7-49ab-82e4-087352386a01","PLACE","PLACE_REVIEW","5","2025-08-03 05:34:57.548"
"7001bcef-eb2c-43e2-9647-929ee36e65f2","5d6d60fa-d701-4cec-8e2a-1895e626e6fc","77b3c292-9594-48d3-952e-0eac052a2399","PLACE","PLACE_REVIEW","5","2025-08-03 05:34:34.039"
"1d91f094-ea6e-49cf-8f7e-262ad6288a56","dab5ca00-5015-458f-b7b6-81a8726addd0","1624d616-57b2-459e-ab06-9aaf5df9bf8f","PLACE","PLACE_REVIEW","5","2025-08-03 05:33:25.633"
"b14129d6-d884-4b06-9781-36db639d5234","25e6e5ae-4a68-46d2-9bc7-6fd268149f38","b5fd7d3c-cdf1-49b5-8b52-37fd95c9ccd0","PLACE","PLACE_REVIEW","5","2025-08-03 05:32:08.361"
"5b93f7dc-0698-47b6-9f0d-a45cfc00b74c","1e74b4ec-70cb-4d04-b9c8-61117bd44737","41acb503-cacc-4091-ba8a-05151b8c5465","PLACE","PLACE_REVIEW","5","2025-08-03 05:32:04.638"
"3a5beaa4-e4d1-43da-9bad-61cd17447071","bc7888e4-d4ae-4566-9a49-9834e4fb35a2","da8fa2cf-3663-4922-855c-52c230d73de7","PLACE","PLACE_REVIEW","5","2025-08-03 05:30:39.836"
"a2ab5e1c-d841-4e38-b46a-4768e0cb024c","ad623e05-7e82-4953-ba5e-73078e860016","41218157-2d2d-4ff0-96bd-169b1701db2c","PLACE","PLACE_REVIEW","5","2025-08-03 05:28:51.534"
"46f7880c-1f57-4895-b9bc-2096a9b3dfed","e0e8c8ee-59f8-4add-aa9b-824649932219","5569a4af-d2c4-4e9a-b8ca-a727eff162c8","PLACE","PLACE_REVIEW","5","2025-08-03 05:27:11.034"
"3d66772c-e744-4d52-b660-89d4439be353","b5df22af-fb72-4530-9f73-75ec30b67a3e","7aa494c3-da41-458b-8e72-7d639b41cfd8","PLACE","PLACE_SPAM_REVIEW","5","2025-08-03 05:26:52.738"
"ad61eafe-a0d7-4bd4-bb53-9b8446f9f5a8","b5df22af-fb72-4530-9f73-75ec30b67a3e","5a27ce43-8c02-4b0a-aa05-a10a2a585439","PLACE","PLACE_SPAM_REVIEW","5","2025-08-03 05:26:13.277"
"922e5591-bd39-4766-84de-8fdb1ea01b82","db7dc9e8-6adb-490b-b158-4f69ba6b2a78","4cefb9cb-4de0-4e3e-9958-b8a30c2b6bb7","PLACE","PLACE_REVIEW","5","2025-08-03 05:25:31.944"
"da279890-e40a-43af-803a-750330ec7d1a","2dbfc97f-0ac3-42e0-9bf0-d6dc315fb376","91788c7c-b2af-4560-904b-d565a5021487","PLACE","PLACE_REVIEW","5","2025-08-03 05:25:28.689"
"3723c475-6e4c-44e4-bf9e-1581fe7b356e","e0e8c8ee-59f8-4add-aa9b-824649932219","a26134dd-21ea-45dd-9f72-0b96d026229f","PLACE","PLACE_SPAM_REVIEW","5","2025-08-03 05:22:47.138"
"f1e977fc-bcd1-4da3-8b07-bda99e572a20","640053ab-3e18-4ccf-bd66-4ade6229b52c","9b66af3e-d2d8-4664-a569-0a0e6c9f4ce4","PLACE","PLACE_REVIEW","5","2025-08-03 05:22:15.837"
"f8957746-e5bd-41e5-b03d-e8eaf5abe085","0ff93688-ed18-4afb-bcaf-33b52e2dec82","ea19f6d8-2166-4204-a076-d555e4a75dcb","PLACE","PLACE_REVIEW","5","2025-08-03 05:10:30.933"
"9c76e537-eff2-4c79-8afe-d0a5bd31cdf8","aa6f155a-e08d-4cef-8929-c1318a1bdf43","4531e41a-7810-4850-9d92-0463e9fc44dd","PLACE","PLACE_REVIEW","5","2025-08-03 05:04:08.679"
"fdaf9635-934c-46b8-b5ae-e095c8eb181b","19c5ae48-fd30-4cbd-8117-485bd71e5445","0110d2a4-7674-4a48-a46d-0958c0872c24","PLACE","PLACE_REVIEW","5","2025-08-03 04:56:11.856"
"a5fb365c-d740-49b1-bff1-ee3925720beb","a5460ec1-c401-48d1-af6b-00eb4b2c7031","7aa494c3-da41-458b-8e72-7d639b41cfd8","PLACE","PLACE_REVIEW","5","2025-08-03 04:46:43.439"
"5c4ca095-a83b-43ac-ba9e-a61555bd020e","95f4a11a-613f-4aaa-966f-3be191eeee5a","b614b33f-ff6a-4f0d-b192-49e88160128d","PLACE","PLACE_SPAM_REVIEW","5","2025-08-03 04:44:36.436"
"459a699f-9dca-4f51-81e8-ebe3744ffab6","14c5658b-1afb-49d6-93b4-3a769b47a714","3d1f6168-3f42-467c-9aff-0c366728bb9e","PLACE","PLACE_SPAM_REVIEW","5","2025-08-03 04:42:59.103"
"e6a82368-4170-4c27-941c-929658da7e07","426582ab-d795-4b61-800c-b3d52cbf596e","c4dad1e7-9f5d-412e-ad4e-21c633eec46b","PLACE","PLACE_SPAM_REVIEW","5","2025-08-03 04:41:39.027"
"51cbbe11-91fc-4f6b-9986-ac22a3898684","0758d086-ec8c-4a5e-ad4e-a691a61a4260","5569a4af-d2c4-4e9a-b8ca-a727eff162c8","PLACE","PLACE_SPAM_REVIEW","5","2025-08-03 04:39:53.329"
"58dc756c-a950-48ee-b8ad-977d04ef622c","94aa46a8-8987-47c1-89e2-c3f9d9001aff","ca56fcce-29de-4b05-94f9-65ecdce36e79","PLACE","PLACE_SPAM_REVIEW","5","2025-08-03 04:38:37.258"
"64c8b770-1211-417c-ad8a-794beac87afd","733e1ec0-6e41-439f-af16-ad91f1fe59e9","6f12d7cb-cd83-4f5e-bbd3-daf4a8210064","PLACE","PLACE_SPAM_REVIEW","5","2025-08-03 04:37:48.641"
"9cee47a9-f58c-4d53-8bd7-0ae7b60e65e6","73476485-43f6-47cf-ba01-66f217e4019b","1624d616-57b2-459e-ab06-9aaf5df9bf8f","PLACE","PLACE_SPAM_REVIEW","5","2025-08-03 04:37:14.038"
"a3c7ad47-1d9c-4e76-b1d7-b3144e299be5","528f8b93-7e55-4663-8ee5-5f24634b5643","ca56fcce-29de-4b05-94f9-65ecdce36e79","PLACE","PLACE_SPAM_REVIEW","5","2025-08-03 04:35:37.337"
"56ede426-6330-4887-bb95-224b8f82521d","e1b4af09-f382-4fc9-91a3-4ee30c151f5b","6f12d7cb-cd83-4f5e-bbd3-daf4a8210064","PLACE","PLACE_SPAM_REVIEW","5","2025-08-03 04:34:31.738"
"41ebaa32-3040-4ddb-bcbe-41cd15f1205b","ef171a65-e34f-419c-a0c8-a0dc4b935bc5","5ce7524c-7964-4f6c-b11b-efd4b12b94b7","PLACE","PLACE_SPAM_REVIEW","5","2025-08-03 04:33:04.250"
"865325c9-355d-4c78-bfb3-afa2b59fa822","500ff2a4-191f-4755-a162-5b298e319f6c","bd99341f-e09f-4226-98e4-db45d22f46ce","PLACE","PLACE_SPAM_REVIEW","5","2025-08-03 04:31:06.037"
"f1ddc862-592a-41bb-8504-13fe13edc854","4753757f-ac4b-4907-844f-0014f8477065","fa1caaed-f086-4198-a5c6-c16c63656749","PLACE","PLACE_SPAM_REVIEW","1","2025-08-03 04:28:04.382"
"62af9435-efb6-410e-b18c-f11b44a1cb03","0aafccfa-e49a-4411-9982-0cda5eafc1f2","3d1f6168-3f42-467c-9aff-0c366728bb9e","PLACE","PLACE_SPAM_REVIEW","5","2025-08-03 03:59:16.032"
"8b799f84-a470-4acb-a24e-cfbbc1f7e754","95f4a11a-613f-4aaa-966f-3be191eeee5a","c4dad1e7-9f5d-412e-ad4e-21c633eec46b","PLACE","PLACE_REVIEW","5","2025-08-03 03:58:05.662"
"888e022a-3bac-4168-abce-37f11d136ba2","14c5658b-1afb-49d6-93b4-3a769b47a714","5569a4af-d2c4-4e9a-b8ca-a727eff162c8","PLACE","PLACE_REVIEW","5","2025-08-03 03:57:03.761"
"23e3077d-7d20-4af1-ae58-0e5d513b03ad","f53d4ce6-81ee-44da-a46b-f76e937c145f","6f12d7cb-cd83-4f5e-bbd3-daf4a8210064","PLACE","PLACE_SPAM_REVIEW","5","2025-08-03 03:55:13.987"
"5db2a434-2744-45d7-a0b6-3bbe3222a5d6","426582ab-d795-4b61-800c-b3d52cbf596e","5ce7524c-7964-4f6c-b11b-efd4b12b94b7","PLACE","PLACE_REVIEW","5","2025-08-03 03:52:45.028"
"bc7dc764-6a73-4d5e-982d-9d5e9c9f850d","0758d086-ec8c-4a5e-ad4e-a691a61a4260","1624d616-57b2-459e-ab06-9aaf5df9bf8f","PLACE","PLACE_REVIEW","5","2025-08-03 03:51:03.534"
"37b2a361-16de-4f45-bf0f-0c0e96e3dd66","94aa46a8-8987-47c1-89e2-c3f9d9001aff","5569a4af-d2c4-4e9a-b8ca-a727eff162c8","PLACE","PLACE_REVIEW","5","2025-08-03 03:49:38.344"
"592bcfd2-92ec-4a4e-9e2b-956f4befa936","73476485-43f6-47cf-ba01-66f217e4019b","fa1caaed-f086-4198-a5c6-c16c63656749","PLACE","PLACE_REVIEW","5","2025-08-03 03:47:52.756"
"803b38ea-c688-454a-8313-bf424dc3a4dc","e1b4af09-f382-4fc9-91a3-4ee30c151f5b","bd99341f-e09f-4226-98e4-db45d22f46ce","PLACE","PLACE_REVIEW","5","2025-08-03 03:45:10.533"
"1694bcf7-9970-45f5-bef2-16a7a70e1142","650eaccd-e566-41f5-8c4b-ce2b1996a815","48fce27f-75df-4e9e-84f3-31b62638b328","PLACE","PLACE_REVIEW","5","2025-08-03 03:36:24.947"
"e2c1a03f-21f0-4acd-80cf-167f4acf06e3","c4452293-fb3e-4b33-a1a9-f3d3e13d5662","fa1caaed-f086-4198-a5c6-c16c63656749","PLACE","PLACE_SPAM_REVIEW","5","2025-08-03 03:25:54.563"
"b0b62547-4d13-4f01-8db4-1d1957eb575f","baedf257-fee1-4ca5-8471-5c1d60216d67","48fce27f-75df-4e9e-84f3-31b62638b328","PLACE","PLACE_REVIEW","5","2025-08-03 02:30:06.469"
"dc428684-f7e5-404c-a7b5-c33e2032bc48","48715cac-6710-4bcc-b302-bba4a0d440dd","3992a669-75fa-4ba6-9828-29b76f79b5af","PLACE","PLACE_REVIEW","5","2025-08-03 02:10:08.037"
"4fb4f9da-84b1-4999-9620-ec5e5a99f731","9f10190e-5a2e-4856-b230-ed7fafd6a941","3992a669-75fa-4ba6-9828-29b76f79b5af","PLACE","PLACE_REVIEW","4","2025-08-03 01:20:54.691"
"6ef8280f-01a0-4526-a2bf-9d9504799877","4f65e861-7c4b-4a88-90de-3d946ac288a9","f1e855b4-a881-4cb8-9c12-a0feb15b85e3","PLACE","PLACE_REVIEW","5","2025-08-03 00:52:10.447"
"df977cd9-72e4-4685-94d5-8d2eb9a5c4c9","a74c113d-4460-4026-ae85-fe052ba9f637","f1e855b4-a881-4cb8-9c12-a0feb15b85e3","PLACE","PLACE_REVIEW","5","2025-08-03 00:44:56.855"
"f23fbdcc-e287-4dd9-8788-eb5138ba6662","c6f2c7ba-d460-48ab-9ce2-1668a55194b4","a3edb3f1-6d56-45f9-a4ff-5e163361773d","PLACE","PLACE_REVIEW","5","2025-08-03 00:36:27.542"
"09427ef9-5218-4dfd-a901-6c464d6f8451","f5f1bff2-e51a-4b87-97ea-c0b8fde498e2","a3edb3f1-6d56-45f9-a4ff-5e163361773d","PLACE","PLACE_REVIEW","4","2025-08-03 00:29:34.276"
"766f3bc3-c7eb-4546-a08a-62b8df924ad2","719303b6-f01d-4196-a779-53274625324e","8ed7dbaf-9397-4871-bb9f-1dd482b2a6bc","PLACE","PLACE_REVIEW","5","2025-08-03 00:20:10.762"
"8897bdd2-efe2-41ec-b8c9-c78b302ad7cb","1784bd8a-25a7-4828-ade5-48b002018e62","8ed7dbaf-9397-4871-bb9f-1dd482b2a6bc","PLACE","PLACE_REVIEW","5","2025-08-03 00:14:56.136"
"6eedfc43-08f2-46c6-9639-d7ca2e4820e6","66e9af7d-24fb-430f-aefc-b1ded8e88f22","1624d616-57b2-459e-ab06-9aaf5df9bf8f","PLACE","PLACE_REVIEW","5","2025-08-03 00:09:58.044"
"3843d6fb-fab4-491c-a09e-690e765a6e01","25e6dce2-138c-4be2-a344-1d412ab843e0","1624d616-57b2-459e-ab06-9aaf5df9bf8f","PLACE","PLACE_REVIEW","5","2025-08-03 00:06:45.975"
"99f458d6-5d69-4346-8668-b8f979e4e4f7","e2e78251-2a85-4b74-a0e5-173bdfef20d1","c4dad1e7-9f5d-412e-ad4e-21c633eec46b","PLACE","PLACE_REVIEW","5","2025-08-02 23:57:50.631"
"88232d1d-dda6-4113-8920-49df963693d1","663501e5-4688-4fe4-a646-ccb59597c1cb","c4dad1e7-9f5d-412e-ad4e-21c633eec46b","PLACE","PLACE_REVIEW","5","2025-08-02 23:53:29.239"
"1459324f-25f4-4211-af2d-4afd59de2cfe","af9901f5-e191-4678-a910-312ba5b88788","a3c7495d-0f52-4911-b601-0cb92f635f05","PLACE","PLACE_REVIEW","5","2025-08-02 23:46:42.336"
"bf10792c-72f8-4d2f-911d-824a3f62127b","2b967641-03a8-4f0b-a154-973423e69809","a3c7495d-0f52-4911-b601-0cb92f635f05","PLACE","PLACE_REVIEW","5","2025-08-02 23:42:58.145"
"0ef32d2a-c36d-4b60-b9fa-848c7f5d7638","2fa3789b-4b19-4255-ba58-a85ec34a48a2","fe849f95-8bed-4b11-be43-b386bfd543df","PLACE","PLACE_REVIEW","5","2025-08-02 23:35:53.436"
"cde1ff23-2fc8-41ea-8e88-377ccdf81c0a","45dc5a26-0a37-4c72-b3a8-2d341ad2df4f","fe849f95-8bed-4b11-be43-b386bfd543df","PLACE","PLACE_REVIEW","5","2025-08-02 23:32:43.845"
"3c0b972e-eac1-42c6-b0f9-1ab6f83d90c9","b9df4148-42aa-4fd3-9485-397058bf70b0","cc6afd5e-012d-4ec3-b54f-73b48e81040c","PLACE","PLACE_REVIEW","4","2025-08-02 23:28:21.330"
"cdf37222-2583-472f-92df-a3451c35767f","5782fec6-3abe-47aa-b26b-13d3335fbf8a","cc6afd5e-012d-4ec3-b54f-73b48e81040c","PLACE","PLACE_REVIEW","5","2025-08-02 23:21:47.859"
"654377f0-087b-4b93-ab0a-861cce35ed81","d87e6efe-103c-404e-a380-21b05ebef48f","5ce7524c-7964-4f6c-b11b-efd4b12b94b7","PLACE","PLACE_REVIEW","5","2025-08-02 23:14:54.050"
"39a14930-3b72-48c1-be9d-2a4f69ac87bd","20a6fb43-10dd-4c33-b94b-6991c1dd2da1","5ce7524c-7964-4f6c-b11b-efd4b12b94b7","PLACE","PLACE_REVIEW","5","2025-08-02 23:13:05.359"
"f0fbdaef-4a18-4694-bd4b-b00ae4874c48","6998033e-f21b-49ea-b214-334f72516855","1de3ccf7-05b5-4a2b-97a6-dc2e34b875ae","PLACE","PLACE_REVIEW","4","2025-08-02 23:10:29.612"
"ca61fedd-7b6b-4979-8591-653f57c123ab","d534ff4e-f08b-431e-8e37-5ecf545748d7","1de3ccf7-05b5-4a2b-97a6-dc2e34b875ae","PLACE","PLACE_REVIEW","5","2025-08-02 23:08:35.840"
"16c66983-c383-47a6-8b62-b52e4166347a","43089099-07b1-4ca7-94a1-904b89e7c607","da8fa2cf-3663-4922-855c-52c230d73de7","PLACE","PLACE_SPAM_REVIEW","5","2025-08-02 23:04:17.791"
"fbf49b19-d5ee-4204-9ede-7fcde04fe952","08dfb3f1-409e-49a9-83d9-9c0dbc304729","da8fa2cf-3663-4922-855c-52c230d73de7","PLACE","PLACE_REVIEW","5","2025-08-02 23:00:26.738"
"20001c77-1833-4f27-adb8-d8dd0001bc09","f1273642-ba18-43b4-8a51-e8462a9baf7f","5fcfd86e-477b-48f2-a3a9-92b0fa166a4c","PLACE","PLACE_REVIEW","5","2025-08-02 22:56:12.243"
"8ce92a18-f919-414e-875e-ce8052fe3791","e0f41678-59f8-4cad-86ea-0f08c046d42f","5fcfd86e-477b-48f2-a3a9-92b0fa166a4c","PLACE","PLACE_REVIEW","4","2025-08-02 22:53:30.626"
"27245147-919f-4cc3-8adc-5c429272f153","06d475e5-1a41-4f0e-979a-c7d8cde85956","77b3c292-9594-48d3-952e-0eac052a2399","PLACE","PLACE_REVIEW","5","2025-08-02 15:37:23.297"
"08713568-5571-462b-a1f2-f37cc3bd9851","06d475e5-1a41-4f0e-979a-c7d8cde85956","8557721f-a730-4f71-a4cd-858fe643ada7","PLACE","PLACE_SPAM_REVIEW","4","2025-08-02 15:12:02.064"
"b4d948e2-1742-48ca-9de0-64f8da5ddf8f","e4d3fd23-ddf1-4bff-a04c-769bd636e5a2","41acb503-cacc-4091-ba8a-05151b8c5465","PLACE","PLACE_REVIEW","5","2025-08-02 15:05:06.863"
"d93a9426-536a-4922-8c0e-3f87652bb0f7","da534468-3969-4587-8083-53a86c93a1f6","0019a19e-1414-4a00-9fbe-c6ea764df5bd","PLACE","PLACE_REVIEW","5","2025-08-02 14:09:31.337"
"897e4dd4-1a83-495c-9104-561af31f89a7","298c0305-583a-4e3e-b4a9-3c464d60f058","bd99341f-e09f-4226-98e4-db45d22f46ce","PLACE","PLACE_REVIEW","5","2025-08-02 13:58:47.943"
"3ed6ca7a-c81f-47e2-bc52-dff4184e0912","859e8f39-8052-4043-b0df-f08b48fac26e","083de88f-afd7-4274-8ded-58ec202c7517","PLACE","PLACE_REVIEW","4","2025-08-02 13:57:11.949"
"47e8a35e-6d79-4d90-a0e7-544e9b9465b5","859e8f39-8052-4043-b0df-f08b48fac26e","fa1caaed-f086-4198-a5c6-c16c63656749","PLACE","PLACE_LIKE","1","2025-08-02 13:55:00.182"
"1839ec7b-93ef-4d61-a7e7-77e4a3583a58","e28b9eb4-a22c-4c1f-a3d3-d8ea3cbecae6","eb09c8c6-099c-4610-ac40-d0f8b639b244","PLACE","PLACE_REVIEW","5","2025-08-02 13:54:25.965"
"e1b89daf-0fe8-4b70-97b8-74d979a28839","a81cc02f-d210-4a72-a651-b89c61983930","5a27ce43-8c02-4b0a-aa05-a10a2a585439","PLACE","PLACE_REVIEW","5","2025-08-02 13:33:42.067"
"da403c9a-50c3-4220-9f7d-08fb76b69270","eedb3205-45a8-410b-9ae4-22106b462f07","533b93ff-020a-46fe-8605-3c0be1f5285a","PLACE","PLACE_REVIEW","5","2025-08-02 13:16:20.272"
"f05cff79-af7a-4208-9055-f0b0e43001ae","0c7d41dd-266c-4456-884a-8b66345aa287","41218157-2d2d-4ff0-96bd-169b1701db2c","PLACE","PLACE_REVIEW","5","2025-08-02 13:11:12.044"
"2f828bb6-e889-488b-805d-d5f182a9a669","673165a7-2808-40fc-8806-11784654a0e8","1e6781dd-d9e0-4673-ab6a-dbfcbbdd16bb","PLACE","PLACE_SPAM_REVIEW","1","2025-08-02 13:05:42.546"
"a1e883f4-044d-4330-b0c1-606355eb1c53","04e71d7e-61fb-418a-a089-9f47244824a7","3d1f6168-3f42-467c-9aff-0c366728bb9e","PLACE","PLACE_REVIEW","5","2025-08-02 13:05:39.246"
"e4b7c28d-63cb-4bdf-b550-07048188723a","43f880c9-79f4-4edd-a739-d84151c113f7","1e6781dd-d9e0-4673-ab6a-dbfcbbdd16bb","PLACE","PLACE_REVIEW","5","2025-08-02 12:36:12.359"
"778ea806-07b9-4528-bc69-72a1ff532cb1","1ced0fac-ffd9-41f5-8c48-88eac6686aca","5a27ce43-8c02-4b0a-aa05-a10a2a585439","PLACE","PLACE_REVIEW","5","2025-08-02 12:18:32.349"
"fc6a1763-8af2-47b6-ab3d-f9d4a3815d1e","03c8b49e-cbf0-487c-b51e-68b76116852f","1e6781dd-d9e0-4673-ab6a-dbfcbbdd16bb","PLACE","PLACE_REVIEW","5","2025-08-02 12:14:34.986"
"9202cf5b-6a5b-4691-8cef-87ff6156d4f0","918440de-f228-4514-b550-f21729a6f1e5","bd99341f-e09f-4226-98e4-db45d22f46ce","PLACE","PLACE_REVIEW","5","2025-08-02 10:42:30.654"
"896e83b9-4c13-46c1-a878-b87bd191e1e8","066ddcd7-22b4-4e04-8fcc-ee70229b301c","eb09c8c6-099c-4610-ac40-d0f8b639b244","PLACE","PLACE_REVIEW","5","2025-08-02 10:40:23.543"
"7f105cb7-8d9f-4641-9728-617bc91d3f84","98d26def-030c-4b25-945d-a607cb19c5f4","ec7b9412-90c3-4fa4-81c4-a154b50de033","PLACE","PLACE_REVIEW","5","2025-08-02 10:38:11.052"
"c4b0611f-f2b6-4479-bf7b-da23c9ae4f2c","b8e9b058-684b-49c8-8c17-d3f13d432db6","f035c49b-c76d-4428-91b8-0d52f3b27531","PLACE","PLACE_REVIEW","5","2025-08-02 10:36:23.254"
"44f07c22-1c10-4a6c-9870-7d0428db1690","c425bbf9-8f30-4253-8eb7-7178bce50bcd","3d1f6168-3f42-467c-9aff-0c366728bb9e","PLACE","PLACE_REVIEW","5","2025-08-02 10:34:32.544"
"400d36d4-1341-4272-b8ab-4748f10795d9","f4ee8579-f2ee-472d-b7a7-2341748e6304","bb58d4ed-878f-4354-8695-c173366a7bb9","PLACE","PLACE_REVIEW","5","2025-08-02 10:31:01.245"
"8bb32ec5-8c87-4d03-af71-cd05b9ec0b38","be7745c8-ecc3-4f5a-b27d-f71d21b1186b","b614b33f-ff6a-4f0d-b192-49e88160128d","PLACE","PLACE_REVIEW","5","2025-08-02 10:27:51.033"
"6c6c4ac7-b591-4758-9d8d-3c988d87d253","6e4b098a-4631-44a0-af24-7eb95476b0c1","41218157-2d2d-4ff0-96bd-169b1701db2c","PLACE","PLACE_REVIEW","5","2025-08-02 10:26:29.754"
"d3e2651b-e592-468c-a596-752ba0412e05","e00bc496-70b1-4f04-a616-4f146b005c71","ca56fcce-29de-4b05-94f9-65ecdce36e79","PLACE","PLACE_REVIEW","5","2025-08-02 10:25:28.642"
"3da78feb-f6b6-4bfa-b1f5-74d312300e9f","16f7c5e2-dd6c-41aa-b0f2-a34f318bd5ef","533b93ff-020a-46fe-8605-3c0be1f5285a","PLACE","PLACE_REVIEW","5","2025-08-02 10:25:20.110"
"6de340c6-a841-4616-94f9-b6dfaf804f2b","32d684c3-0739-4384-bc95-c829f273f5f2","bb58d4ed-878f-4354-8695-c173366a7bb9","PLACE","PLACE_REVIEW","5","2025-08-02 10:24:11.848"
"f9c119e2-242b-464f-bfa4-0b4aec1bfc1e","6b36eabc-0a4c-4cc7-9aef-4a6df05f8173","ca56fcce-29de-4b05-94f9-65ecdce36e79","PLACE","PLACE_REVIEW","5","2025-08-02 10:22:18.546"
"16f5cd60-8861-4ac8-9e04-7d9c4262237c","fb26a718-c1b2-4bfb-bafe-137e7399bf99","b614b33f-ff6a-4f0d-b192-49e88160128d","PLACE","PLACE_REVIEW","5","2025-08-02 10:21:15.833"
"ebfda736-f4a6-406a-843d-538fc9ecf2ad","7eb284be-00d7-46d1-b4e3-5636f13306a0","01da569f-0513-4f58-88d6-d10b8013457b","PLACE","PLACE_REVIEW","5","2025-08-02 10:20:09.155"
"d38d3330-3d1d-4577-a22a-a2d20266be6d","f50f4659-fe28-44bd-b114-02ae7e00d5dd","6f12d7cb-cd83-4f5e-bbd3-daf4a8210064","PLACE","PLACE_REVIEW","5","2025-08-02 10:17:27.663"
"bfc0fdda-47b0-4e87-bd46-86ebef4287ea","c9cb428d-8bb3-4c69-ac9d-5914db77fd1f","4cefb9cb-4de0-4e3e-9958-b8a30c2b6bb7","PLACE","PLACE_REVIEW","5","2025-08-02 10:14:51.336"
"1804f895-197d-4b5d-b9f9-fa313f74886b","9c33c80d-837c-4c79-bb45-ad7aa4decb98","b165a65d-124a-410e-ae67-2d0b45a568be","PLACE","PLACE_REVIEW","5","2025-08-02 10:11:48.156"
"6d893616-c308-4d6a-bd9c-5c82ec21b16e","6d5d9fc4-db9f-419d-86fd-6c6dd856394e","b165a65d-124a-410e-ae67-2d0b45a568be","PLACE","PLACE_REVIEW","5","2025-08-02 10:07:30.534"
"7365d554-b5ea-44a5-9859-6f409532fad7","2cf1b923-05e8-473f-a204-96157b85734a","a26134dd-21ea-45dd-9f72-0b96d026229f","PLACE","PLACE_REVIEW","5","2025-08-02 10:04:40.646"
"118eabf1-ba7d-410f-beb4-b539c52bec66","01e5158f-56e0-491e-aea5-2c14e16fc48b","a26134dd-21ea-45dd-9f72-0b96d026229f","PLACE","PLACE_REVIEW","5","2025-08-02 10:03:08.153"
"9bdf16ec-98a2-4d97-9956-32782b53bb48","37c757fe-54fa-41b3-87c6-25fee8ba7545","4f946a3a-74e8-4b62-b3bb-28851ff03b3c","PLACE","PLACE_REVIEW","5","2025-08-02 10:00:28.666"
"7875c7bb-5080-46e7-af7c-539014dfe1cd","4cb32907-5618-4b48-8e6a-95114dc637fa","0019a19e-1414-4a00-9fbe-c6ea764df5bd","PLACE","PLACE_REVIEW","5","2025-08-02 09:58:24.739"
"0a3afa29-1e6c-44a2-9bc7-fa194e618eff","79d85ea6-fb69-4b8f-b964-8fba97cc2fb3","e719c771-be70-4479-b66e-92b9a8561919","PLACE","PLACE_REVIEW","5","2025-08-02 09:56:06.251"
"95c566ad-c94e-44d8-a22f-150133387822","b7162c11-333d-4dcb-92b9-30ceccccc651","01f828ab-2013-4654-97e9-3788c3526b72","PLACE","PLACE_REVIEW","5","2025-08-02 09:49:01.195"
"76f96327-1aa5-4682-8e27-8e962b3160ae","1e4a5854-57c4-4d3d-9f81-df426efa3ca2","021e2259-453f-48e9-a0b1-07a5a32e5eef","PLACE","PLACE_REVIEW","5","2025-08-02 09:18:53.643"
"8e6694e4-4a00-4b66-b9b5-476dd22e1d77","42f3cdd3-1b5b-4464-98d6-261547fc8fa9","e719c771-be70-4479-b66e-92b9a8561919","PLACE","PLACE_REVIEW","5","2025-08-02 09:16:36.934"
"113b4c73-bc5e-4f0a-be23-15cc3de20918","13d8f5c7-7fcd-4a8e-b132-c1cf5a9e5da0","4f946a3a-74e8-4b62-b3bb-28851ff03b3c","PLACE","PLACE_REVIEW","5","2025-08-02 09:11:14.649"
"b0af0365-5cfd-4eb0-9b9a-8a6d0c26401d","29d70d2d-2e53-4e4d-ae3f-4883a861212f","6f12d7cb-cd83-4f5e-bbd3-daf4a8210064","PLACE","PLACE_REVIEW","5","2025-08-02 09:06:36.136"
"c66681dd-7bfe-438d-8069-2353420fe320","b68d8800-1db5-4a58-afab-f1be10a88415","5569a4af-d2c4-4e9a-b8ca-a727eff162c8","PLACE","PLACE_REVIEW","5","2025-08-02 09:03:59.240"
"bfbcb94a-7b84-4f86-8db1-308b969cd8e6","9e598e48-bc79-4ae1-915f-a45bcfa7fd47","a3cb7418-b8ae-4c05-98d5-a158fa461ee5","PLACE","PLACE_REVIEW","5","2025-08-02 09:02:08.433"
"42796fa9-c48b-4827-8234-08de1d51c95c","9e598e48-bc79-4ae1-915f-a45bcfa7fd47","fa1caaed-f086-4198-a5c6-c16c63656749","PLACE","PLACE_LIKE","1","2025-08-02 08:56:10.502"
"f1368392-e0bb-45f1-afe1-490775a118bb","daa16752-3307-426e-95ea-1ddac09dac41","0ce96156-c74a-41c9-ae8e-bb502b508062","PLACE","PLACE_REVIEW","5","2025-08-02 08:55:48.745"
"8273dd1e-01c7-48a4-93d5-fd8430fa41f6","70175c2f-09d7-44cd-b01c-ab37f313a10f","0019a19e-1414-4a00-9fbe-c6ea764df5bd","PLACE","PLACE_REVIEW","5","2025-08-02 08:54:18.887"
"2e899c25-2224-4099-9389-242ac46d782c","1e24f5e2-e158-4327-8562-2e47c0ab90e4","021e2259-453f-48e9-a0b1-07a5a32e5eef","PLACE","PLACE_REVIEW","5","2025-08-02 08:52:45.900"
"e8adf0a8-7e52-405c-a5a7-cff33ef2bb59","751eef8e-5bbb-43c8-a8dd-030bfb04a0e6","fa1caaed-f086-4198-a5c6-c16c63656749","PLACE","PLACE_REVIEW","5","2025-08-02 08:47:24.949"
"ebb6c3ff-9c3b-4c15-8771-89ee65672d97","fd7372a0-6097-465d-8ed5-49cddba26476","00c19808-79f7-4dc9-9b59-7d5b86aa60b9","PLACE","PLACE_SPAM_REVIEW","1","2025-08-02 08:23:37.145"
"ed2a3648-56a3-4231-9d44-6acb5aab57d1","15cfc4dc-8983-4e37-9c5f-5d0eded939a9","ff4fa18a-4c9b-45f5-9ab9-b97cd2d13c72","PLACE","PLACE_SPAM_REVIEW","1","2025-08-02 08:20:03.745"
"6d6fff66-20cb-470b-aae6-f3982595f8af","1f8b429f-67f9-4a98-9a9c-52c26da602b4","021e2259-453f-48e9-a0b1-07a5a32e5eef","PLACE","PLACE_SPAM_REVIEW","1","2025-08-02 08:19:26.549"
"e98461c6-d300-443b-b4b5-4f7bbef20ab6","6719d442-780a-4c4c-ba74-dbbb0f644551","4cefb9cb-4de0-4e3e-9958-b8a30c2b6bb7","PLACE","PLACE_REVIEW","5","2025-08-02 08:18:58.234"
"09dcf138-1aff-4c99-bbc0-05aa1b2944b8","94534249-f44a-40bb-a3ac-141176830ae8","ff4fa18a-4c9b-45f5-9ab9-b97cd2d13c72","PLACE","PLACE_REVIEW","5","2025-08-02 08:18:50.448"
"e404e164-e00f-4686-87f5-6ceebccf02ac","d8e90b55-a4f0-496b-999b-00dc9a94490e","00ac3d23-223d-48f8-b6a2-6ec4c6622787","PLACE","PLACE_SPAM_REVIEW","1","2025-08-02 08:18:46.931"
"096ac84f-4719-4491-aa2c-647df033aba8","caebf6f2-d8e7-49e5-889a-5718597e9883","091f53eb-39bb-4ebf-ab06-89aba8316a91","PLACE","PLACE_SPAM_REVIEW","1","2025-08-02 08:18:16.830"
"580ef41f-bdde-487a-a7e7-ca4082cf65a4","ded7b712-c62e-45ae-968e-b86daf75783a","0ce96156-c74a-41c9-ae8e-bb502b508062","PLACE","PLACE_SPAM_REVIEW","1","2025-08-02 08:17:36.047"
"aa2222c6-0784-42e0-9764-47db51ffffbb","94e047f2-9517-430c-8766-bb095d6801f2","01f828ab-2013-4654-97e9-3788c3526b72","PLACE","PLACE_SPAM_REVIEW","1","2025-08-02 08:17:01.036"
"ce89d6d3-ff9f-4900-9b5f-98c9c5902fe6","ffefb24c-ff96-44e4-ad5d-e17ff5bc9b09","03070dae-5e12-42c0-b214-395c0899396a","PLACE","PLACE_SPAM_REVIEW","1","2025-08-02 08:16:12.566"
"10e1ba3b-8e3f-4871-9fa0-a66887840177","1b6bf67d-f885-484f-a843-9e0956c0b72e","091f53eb-39bb-4ebf-ab06-89aba8316a91","PLACE","PLACE_SPAM_REVIEW","1","2025-08-02 08:15:27.129"
"b1f48f23-d963-475b-8b51-ff9459a7415e","ca071598-d275-4420-913a-becebcd3b844","5569a4af-d2c4-4e9a-b8ca-a727eff162c8","PLACE","PLACE_REVIEW","5","2025-08-02 08:14:00.793"
"55b44224-1a67-4ce8-a6a3-b3b9a4bff2b1","54739194-5fb7-4271-9d38-9f2a0e7918a2","03070dae-5e12-42c0-b214-395c0899396a","PLACE","PLACE_REVIEW","5","2025-08-02 08:13:26.635"
"38c8df37-76d6-402c-8bdd-e250fff5dbf6","08306de0-3736-4189-8aec-4ea14f2536f3","fa1caaed-f086-4198-a5c6-c16c63656749","PLACE","PLACE_SPAM_REVIEW","5","2025-08-02 08:11:39.233"
"51c9ff6b-f0c9-4ecd-83c6-c036cad93689","7b7f1771-fb36-4444-b543-61e80bc2a81a","d258e668-0d07-4302-9101-b14f85220672","PLACE","PLACE_REVIEW","5","2025-08-02 08:04:48.250"
"0cb46fb1-e0d6-4022-90c1-16d054fcce6e","a1a186cc-0283-4e89-b011-99d3f9766018","fa1caaed-f086-4198-a5c6-c16c63656749","PLACE","PLACE_REVIEW","5","2025-08-02 07:58:51.149"
"4fc37cc4-6cbc-4dcc-b3d2-f5e3ed1b3e75","a1a186cc-0283-4e89-b011-99d3f9766018","fa1caaed-f086-4198-a5c6-c16c63656749","PLACE","PLACE_LIKE","1","2025-08-02 07:57:58.702"
"83eca4d7-8855-4677-b977-d990740aa6b0","673165a7-2808-40fc-8806-11784654a0e8","091f53eb-39bb-4ebf-ab06-89aba8316a91","PLACE","PLACE_REVIEW","5","2025-08-02 07:55:42.356"
"c21c138e-769f-43ee-a1f3-61d9d59d8a34","de9333ba-4e32-46a3-ad00-a84259790c9c","02665ab7-06a2-4fae-b046-7f0d50a896ba","PLACE","PLACE_REVIEW","5","2025-08-02 07:51:31.957"
"699d944e-607b-4f8b-8a0d-d4ded9d07753","c9a1e328-6d3d-498d-ae90-ac804add12f3","01f828ab-2013-4654-97e9-3788c3526b72","PLACE","PLACE_REVIEW","5","2025-08-02 07:40:10.347"
"ed705eb4-0971-4acb-893b-84f213398c41","8d05905d-15f1-411d-9655-869f869a9f06","01da569f-0513-4f58-88d6-d10b8013457b","PLACE","PLACE_REVIEW","5","2025-08-02 07:34:10.286"
"9893ba84-5b52-471a-9c81-6d31d58246b7","3e2a57b9-dbba-4153-a8f8-4cba053be50d","f6ed0a30-f2bf-44bb-9911-42cdb0dbec2e","PLACE","PLACE_SPAM_REVIEW","1","2025-08-02 02:02:55.235"
"a43711d2-fa87-4c9a-b052-066d00f94550","a4896f6f-b8c2-4808-bdb5-90b1406e7020","f6ed0a30-f2bf-44bb-9911-42cdb0dbec2e","PLACE","PLACE_REVIEW","5","2025-08-02 01:58:43.667"
"5ddaaedd-3312-4f30-ae45-58304d115a44","2178a22c-faa6-4117-a31e-be606755596e","0a85177a-4e0c-4753-a343-2c3626387917","PLACE","PLACE_SPAM_REVIEW","4","2025-08-01 13:43:20.850"
"ea3c694b-0059-49aa-9f51-080bd7a1ea99","2178a22c-faa6-4117-a31e-be606755596e","2a7420b3-66c6-4b2e-8a77-903117382acd","PLACE","PLACE_SPAM_REVIEW","4","2025-08-01 13:42:37.593"
"d5c700e5-d7b8-414f-9242-80eb54d8cfea","c83af854-40bc-409c-b9d3-5bb12826725a","f6ed0a30-f2bf-44bb-9911-42cdb0dbec2e","PLACE","PLACE_REVIEW","5","2025-08-01 12:32:48.179"
"c43dfcd7-a73a-434e-9dcb-0fbfdb151f53","112c5f63-5071-4a85-98f3-13f88f03a00d","05e4f43e-136f-42c0-b5e5-b81da1bac329","PLACE","PLACE_REVIEW","2","2025-07-30 08:53:49.789"
"438cb95e-ae6e-48d7-bc84-b8397816c2c0","9434505d-6eb1-4b54-ab30-2449906f70cd","00ac3d23-223d-48f8-b6a2-6ec4c6622787","PLACE","PLACE_REVIEW","5","2025-07-30 08:53:38.320"
"154b29ef-b7df-42b1-a4ee-a7e2caf5cd66","112c5f63-5071-4a85-98f3-13f88f03a00d","016d8794-0b1a-4d1e-a681-a8247ff796b1","PLACE","PLACE_REVIEW","2","2025-07-30 07:44:58.825"
"ae08a0c6-c1a0-42fd-9f43-b0e4cc94e99e","dc90ca84-2656-4127-a76f-c25cf0ae29bf","00c19808-79f7-4dc9-9b59-7d5b86aa60b9","PLACE","PLACE_SPAM_REVIEW","4","2025-07-22 08:33:49.802"
"1b5c43b2-30df-43d3-ad95-bd25efb4ce49","dc90ca84-2656-4127-a76f-c25cf0ae29bf","00ac3d23-223d-48f8-b6a2-6ec4c6622787","PLACE","PLACE_REVIEW","5","2025-07-22 08:31:44.895"
"09e1dd87-7c9d-42ea-872a-033962ea27e5","adec6e9c-7fbb-4390-aa64-c812bd3e1b56","a3cb7418-b8ae-4c05-98d5-a158fa461ee5","PLACE","PLACE_SPAM_REVIEW","1","2025-07-22 08:29:20.103"
"260502b9-9a45-4ebf-b5d6-d3684a2e4eee","adec6e9c-7fbb-4390-aa64-c812bd3e1b56","00c19808-79f7-4dc9-9b59-7d5b86aa60b9","PLACE","PLACE_REVIEW","5","2025-07-22 08:27:15.301"
"82a55f41-6040-4205-8697-c6262f306aa4","1a37a01e-92f1-4ddc-9679-2aeab4239a37","83ca982c-825c-49da-ab16-13038535cbb4","PLACE","PLACE_SPAM_REVIEW","4","2025-07-22 08:14:09.410"
"8a1d0401-853d-4155-b60a-41ad95c2d62b","1a37a01e-92f1-4ddc-9679-2aeab4239a37","00c19808-79f7-4dc9-9b59-7d5b86aa60b9","PLACE","PLACE_REVIEW","4","2025-07-22 08:12:47.853"
"879c2569-b5c1-4d0c-bfb4-bccf55b4d73f","f52f18d3-75fc-4b0f-b78c-1082ec568d06","088d0292-42d1-4699-adae-f556812952f6","PLACE","PLACE_SPAM_REVIEW","3","2025-07-22 08:08:41.698"
"efa720fa-85b6-4c06-9a8c-4fe62f43a874","58432c49-6cd0-49e1-9be6-eede89da7c67","83ca982c-825c-49da-ab16-13038535cbb4","PLACE","PLACE_SPAM_REVIEW","3","2025-07-22 08:07:27.411"
"e44b34c4-2a86-4f23-81b1-5768634ad896","f52f18d3-75fc-4b0f-b78c-1082ec568d06","05e4f43e-136f-42c0-b5e5-b81da1bac329","PLACE","PLACE_REVIEW","4","2025-07-22 08:07:25.603"
"b89dcf46-2567-4d79-b7c6-0ad1b3f4fd3f","58432c49-6cd0-49e1-9be6-eede89da7c67","00c19808-79f7-4dc9-9b59-7d5b86aa60b9","PLACE","PLACE_REVIEW","4","2025-07-22 08:05:50.040"
"a31d4856-abee-4fe9-b580-fd5ab6e5cd78","b5585b66-504e-4eb6-9e4c-ad64d8a74c17","088d0292-42d1-4699-adae-f556812952f6","PLACE","PLACE_SPAM_REVIEW","5","2025-07-22 08:00:55.605"
"bc21e8d4-77e6-4cec-8f88-f74ade395821","b5585b66-504e-4eb6-9e4c-ad64d8a74c17","83ca982c-825c-49da-ab16-13038535cbb4","PLACE","PLACE_REVIEW","5","2025-07-22 07:59:05.898"
"3a35d4cc-a056-47a6-9337-06458e31d5eb","63ddfffe-3d42-418b-bcef-63c8fa9faa74","a3cb7418-b8ae-4c05-98d5-a158fa461ee5","PLACE","PLACE_SPAM_REVIEW","4","2025-07-22 07:53:28.994"
"01b16e4c-fbd1-48d1-9249-90cc59f00ec1","63ddfffe-3d42-418b-bcef-63c8fa9faa74","088d0292-42d1-4699-adae-f556812952f6","PLACE","PLACE_REVIEW","5","2025-07-22 07:52:08.294"
"79bb8136-488e-4d36-a15e-4f77bb52cd04","491462aa-2fd8-414c-88e9-513c49c7924a","83ca982c-825c-49da-ab16-13038535cbb4","PLACE","PLACE_SPAM_REVIEW","5","2025-07-22 07:48:19.703"
"e6154efd-b76d-408e-8257-d98d90a791c0","491462aa-2fd8-414c-88e9-513c49c7924a","088d0292-42d1-4699-adae-f556812952f6","PLACE","PLACE_REVIEW","5","2025-07-22 07:47:11.207"
"ec51e30c-3388-46ee-81d2-6594eb625785","efe89b37-456c-41be-8780-b987af04f0c2","00c19808-79f7-4dc9-9b59-7d5b86aa60b9","PLACE","PLACE_SPAM_REVIEW","5","2025-07-22 07:46:24.703"
"712b51d7-a35c-48a8-9839-835a4d1b6445","efe89b37-456c-41be-8780-b987af04f0c2","00ac3d23-223d-48f8-b6a2-6ec4c6622787","PLACE","PLACE_REVIEW","5","2025-07-22 07:45:10.298"
"962599ec-c6eb-4cec-bc95-0e31a6036f80","dd371f22-0df7-4aab-bb3f-36bfd31d9443","a77f5268-8af7-4ffc-803f-93fa63ec63bd","PLACE","PLACE_SPAM_REVIEW","5","2025-07-22 07:26:50.885"
"bdd57007-c86c-4ca9-bb9a-52ee5e9ce8e4","dd371f22-0df7-4aab-bb3f-36bfd31d9443","83ca982c-825c-49da-ab16-13038535cbb4","PLACE","PLACE_REVIEW","5","2025-07-22 07:23:46.099"
"523687b5-6a5b-4bdb-9573-2890fa8e387e","6504a6bf-d2c0-4aec-8cab-ff49fafaf2ef","016d8794-0b1a-4d1e-a681-a8247ff796b1","PLACE","PLACE_SPAM_REVIEW","1","2025-07-22 07:15:56.120"
"de67e801-dc63-4d59-b6d5-689fef87f770","6504a6bf-d2c0-4aec-8cab-ff49fafaf2ef","a77f5268-8af7-4ffc-803f-93fa63ec63bd","PLACE","PLACE_REVIEW","4","2025-07-22 07:14:37.009"
"97a6d1fe-28d0-40e8-9f64-7e67e9a65c73","f9a9fd15-e4e1-49c2-ab93-3e54c1300c36","a3cb7418-b8ae-4c05-98d5-a158fa461ee5","PLACE","PLACE_SPAM_REVIEW","4","2025-07-22 07:11:18.218"
"368c0390-0db6-4a08-9cba-62deec9c7089","f9a9fd15-e4e1-49c2-ab93-3e54c1300c36","83ca982c-825c-49da-ab16-13038535cbb4","PLACE","PLACE_REVIEW","5","2025-07-22 07:08:21.566"
"1147810f-2fa0-424e-85dc-72f5fd410154","e2e79f89-245a-4989-9eaa-0822a4da068f","05e4f43e-136f-42c0-b5e5-b81da1bac329","PLACE","PLACE_SPAM_REVIEW","1","2025-07-22 06:53:45.620"
"134ebeec-24d3-4741-92ad-4e281e1ee839","e2e79f89-245a-4989-9eaa-0822a4da068f","83ca982c-825c-49da-ab16-13038535cbb4","PLACE","PLACE_REVIEW","5","2025-07-22 06:51:51.209"
"8000f8c7-f06c-4b0c-9022-828f3cf8e51f","d1eae30f-f9f9-42ba-8915-ca8f1486891f","2a7420b3-66c6-4b2e-8a77-903117382acd","PLACE","PLACE_REVIEW","1","2025-07-22 06:37:17.930"
"59436c1f-2582-4d8e-a555-40e374303bf4","ad2b2a2d-509a-4ee0-a9d1-0182108e627a","04042825-e807-4ca5-9691-531860c3d7ec","PLACE","PLACE_REVIEW","1","2025-07-22 06:36:59.803"
"0e494d69-4712-4050-8324-9917f237427c","d1eae30f-f9f9-42ba-8915-ca8f1486891f","83ca982c-825c-49da-ab16-13038535cbb4","PLACE","PLACE_REVIEW","5","2025-07-22 06:35:11.306"
"bc5be65c-5fe5-43a0-8785-b8accead3702","ad2b2a2d-509a-4ee0-a9d1-0182108e627a","83ca982c-825c-49da-ab16-13038535cbb4","PLACE","PLACE_REVIEW","5","2025-07-22 06:34:59.824"
"0ac315ac-172e-40de-bfff-4808a62f688d","4b70f7af-1ae9-4bd5-98e0-0918466adc3e","2a7420b3-66c6-4b2e-8a77-903117382acd","PLACE","PLACE_REVIEW","1","2025-07-21 09:06:51.100"
"af012315-b37a-4cbd-a02c-26ca372ed1a7","4b70f7af-1ae9-4bd5-98e0-0918466adc3e","83ca982c-825c-49da-ab16-13038535cbb4","PLACE","PLACE_REVIEW","4","2025-07-21 09:05:33.315"
"055f37a7-47fc-434e-a944-ce7fc72dc1dd","68b03644-0750-409f-a1fe-3fc2ce8df867","2a7420b3-66c6-4b2e-8a77-903117382acd","PLACE","PLACE_SPAM_REVIEW","5","2025-07-21 08:51:03.497"
"4a1eae4d-4645-451c-9a90-23fd3f1ddd0c","a3820392-3711-4ac7-87f2-cb6163505ce2","016d8794-0b1a-4d1e-a681-a8247ff796b1","PLACE","PLACE_REVIEW","5","2025-07-21 08:50:22.900"
"ed00cf16-ebc3-48b3-91ec-eead021726d0","68b03644-0750-409f-a1fe-3fc2ce8df867","05e4f43e-136f-42c0-b5e5-b81da1bac329","PLACE","PLACE_REVIEW","3","2025-07-21 08:49:09.192"
"208c014f-5113-42f3-935f-c4f946accdac","a3820392-3711-4ac7-87f2-cb6163505ce2","83ca982c-825c-49da-ab16-13038535cbb4","PLACE","PLACE_REVIEW","5","2025-07-21 08:48:46.918"
"2b0d6d6c-c5c9-4cd2-923d-cd7b89eec249","88bb4c48-3f36-4951-b056-4319a18e8d4d","83ca982c-825c-49da-ab16-13038535cbb4","PLACE","PLACE_SPAM_REVIEW","5","2025-07-21 08:43:25.147"
"11579ee5-01a7-4d7d-ab27-dc446d1ae35b","88bb4c48-3f36-4951-b056-4319a18e8d4d","04042825-e807-4ca5-9691-531860c3d7ec","PLACE","PLACE_REVIEW","5","2025-07-21 08:42:25.061"
"ddfea9da-db6f-41d6-9e88-f058b14b9a23","8bc64b71-2f23-4006-8368-bed1b9a2de6f","00ac3d23-223d-48f8-b6a2-6ec4c6622787","PLACE","PLACE_SPAM_REVIEW","4","2025-07-21 08:37:02.908"
"a6970f27-673b-4c38-afae-325084513c5e","8bc64b71-2f23-4006-8368-bed1b9a2de6f","04042825-e807-4ca5-9691-531860c3d7ec","PLACE","PLACE_REVIEW","5","2025-07-21 08:34:49.602"
"b1cd0955-3713-4a99-a034-008baa558196","39ae775a-0c84-4121-a58b-5323ecbddbdd","2a7420b3-66c6-4b2e-8a77-903117382acd","PLACE","PLACE_SPAM_REVIEW","4","2025-07-21 08:25:29.910"
"25aac8d4-c70c-4d85-9b49-6aff67828d7e","39ae775a-0c84-4121-a58b-5323ecbddbdd","05e4f43e-136f-42c0-b5e5-b81da1bac329","PLACE","PLACE_REVIEW","3","2025-07-21 08:22:39.458"
"e86ce1c5-3dbc-4fb3-aad2-da5261adff69","e44223db-9dab-4d10-a469-2f555145f754","05e4f43e-136f-42c0-b5e5-b81da1bac329","PLACE","PLACE_REVIEW","5","2025-07-21 08:07:17.292"
"a3bae9b8-6033-4bc0-a562-73bc22bd92ae","e44223db-9dab-4d10-a469-2f555145f754","83ca982c-825c-49da-ab16-13038535cbb4","PLACE","PLACE_REVIEW","5","2025-07-21 08:06:34.589"
"58893e13-3462-42e9-8fc7-9e366cb3c362","6e7bcdb8-e579-4670-b24d-f61556510a83","a77f5268-8af7-4ffc-803f-93fa63ec63bd","PLACE","PLACE_SPAM_REVIEW","5","2025-07-21 08:01:45.699"
"aec0a8a0-9369-4e48-aa2c-234a9146565f","6e7bcdb8-e579-4670-b24d-f61556510a83","83ca982c-825c-49da-ab16-13038535cbb4","PLACE","PLACE_REVIEW","3","2025-07-21 07:59:08.473"
"4e8c126f-09cc-4696-bba6-0f344fc26c87","b940f68a-6614-4517-9d60-de0830b6e0ff","05e4f43e-136f-42c0-b5e5-b81da1bac329","PLACE","PLACE_SPAM_REVIEW","5","2025-07-21 07:49:13.295"
"8018af61-e760-4f6f-b6a1-61cda2a8878b","b940f68a-6614-4517-9d60-de0830b6e0ff","83ca982c-825c-49da-ab16-13038535cbb4","PLACE","PLACE_REVIEW","5","2025-07-21 07:47:09.532"
"368fe67a-912f-4ff9-afbd-7f90de32a3ba","9b67541c-db29-4d7e-b24a-678d9323ad4f","a77f5268-8af7-4ffc-803f-93fa63ec63bd","PLACE","PLACE_REVIEW","1","2025-07-21 07:37:27.958"
"f88717e9-6ef8-4e02-9850-8b3c6a377a61","9b67541c-db29-4d7e-b24a-678d9323ad4f","83ca982c-825c-49da-ab16-13038535cbb4","PLACE","PLACE_SPAM_REVIEW","5","2025-07-21 07:36:37.118"
"19c75b20-62c3-4017-853c-f7255b14c2e6","859e8f39-8052-4043-b0df-f08b48fac26e","088d0292-42d1-4699-adae-f556812952f6","PLACE","PLACE_SPAM_REVIEW","3","2025-07-19 07:42:26.877"
"3e908bb1-130b-4401-ba6d-c41628618175","859e8f39-8052-4043-b0df-f08b48fac26e","0ce96156-c74a-41c9-ae8e-bb502b508062","PLACE","PLACE_SPAM_REVIEW","4","2025-07-19 07:40:30.269"
"8ace13d3-d20a-40c2-ae28-ce23c7937c99","5647030d-4a6d-424e-ae5f-8b0ae6e795c3","04042825-e807-4ca5-9691-531860c3d7ec","PLACE","PLACE_REVIEW","4","2025-07-19 04:09:42.923"
"798f2295-4492-4443-ac06-1631ad610feb","859e8f39-8052-4043-b0df-f08b48fac26e","a77f5268-8af7-4ffc-803f-93fa63ec63bd","PLACE","PLACE_SPAM_REVIEW","4","2025-07-19 02:20:49.396"
"a0bad289-98aa-42f4-bd3a-83f26c81c6b4","a2b4da82-8b3f-4d85-9b77-b2150a6c2019","04042825-e807-4ca5-9691-531860c3d7ec","PLACE","PLACE_SPAM_REVIEW","5","2025-07-18 07:59:38.367"
"ac790488-dc05-4ace-8a85-cdddb1e16302","2178a22c-faa6-4117-a31e-be606755596e","016d8794-0b1a-4d1e-a681-a8247ff796b1","PLACE","PLACE_BOOKMARK","1","2025-07-10 08:19:54.905"
"d9ba09b6-45bb-411a-86c5-f985f5585444","2178a22c-faa6-4117-a31e-be606755596e","83ca982c-825c-49da-ab16-13038535cbb4","PLACE","PLACE_BOOKMARK","1","2025-06-30 02:12:22.421"
"34ef5d17-9a4c-4e45-8487-4c8d221c901b","2178a22c-faa6-4117-a31e-be606755596e","83ca982c-825c-49da-ab16-13038535cbb4","PLACE","PLACE_LIKE","1","2025-06-30 02:12:19.262"
"80291ff1-c14c-4133-9459-da6695314d2a","2178a22c-faa6-4117-a31e-be606755596e","a77f5268-8af7-4ffc-803f-93fa63ec63bd","PLACE","PLACE_REVIEW","5","2025-06-29 16:26:00.296"
"aa15f044-f20b-4e51-ad22-6e542dd9aa80","2178a22c-faa6-4117-a31e-be606755596e","a77f5268-8af7-4ffc-803f-93fa63ec63bd","PLACE","PLACE_LIKE","1","2025-06-29 13:52:48.100"
"2489e05d-c3d9-4f57-8d9f-385307cb1f06","859e8f39-8052-4043-b0df-f08b48fac26e","088d0292-42d1-4699-adae-f556812952f6","PLACE","PLACE_BOOKMARK","1","2025-06-16 17:14:56.172"
"0bbc3322-9333-4504-bfc0-cfd619c1b48a","859e8f39-8052-4043-b0df-f08b48fac26e","088d0292-42d1-4699-adae-f556812952f6","PLACE","PLACE_LIKE","1","2025-06-16 17:14:55.394"
"3c3162d5-d2c3-4ddc-bf30-26be9c409a1d","859e8f39-8052-4043-b0df-f08b48fac26e","a77f5268-8af7-4ffc-803f-93fa63ec63bd","PLACE","PLACE_BOOKMARK","1","2025-06-16 15:43:48.145"
"bd981aa4-6270-40c2-aa13-33b349afd347","859e8f39-8052-4043-b0df-f08b48fac26e","a77f5268-8af7-4ffc-803f-93fa63ec63bd","PLACE","PLACE_LIKE","1","2025-06-16 15:43:43.883"
"9c5757f4-fa25-46b2-be8e-3003ca38511c","859e8f39-8052-4043-b0df-f08b48fac26e","0ce96156-c74a-41c9-ae8e-bb502b508062","PLACE","PLACE_LIKE","1","2025-06-16 15:36:41.405"
"5e0c6af5-2854-428f-840a-7b040acb3838","859e8f39-8052-4043-b0df-f08b48fac26e","0ce96156-c74a-41c9-ae8e-bb502b508062","PLACE","PLACE_BOOKMARK","1","2025-06-16 15:36:32.471"
